[0.060s] DEBUG:colcon:Command line arguments: ['/usr/bin/colcon', 'build']
[0.060s] DEBUG:colcon:Parsed command line arguments: Namespace(log_base=None, log_level=None, verb_name='build', build_base='build', install_base='install', merge_install=False, symlink_install=False, test_result_base=None, continue_on_error=False, executor='parallel', parallel_workers=16, event_handlers=None, ignore_user_meta=False, metas=['./colcon.meta'], base_paths=['.'], packages_ignore=None, packages_ignore_regex=None, paths=None, packages_up_to=None, packages_up_to_regex=None, packages_above=None, packages_above_and_dependencies=None, packages_above_depth=None, packages_select_by_dep=None, packages_skip_by_dep=None, packages_skip_up_to=None, packages_select_build_failed=False, packages_skip_build_finished=False, packages_select_test_failures=False, packages_skip_test_passed=False, packages_select=None, packages_skip=None, packages_select_regex=None, packages_skip_regex=None, packages_start=None, packages_end=None, allow_overriding=[], cmake_args=None, cmake_target=None, cmake_target_skip_unavailable=False, cmake_clean_cache=False, cmake_clean_first=False, cmake_force_configure=False, ament_cmake_args=None, catkin_cmake_args=None, catkin_skip_building_tests=False, mixin_files=None, mixin=None, verb_parser=<colcon_mixin.mixin.mixin_argument.MixinArgumentDecorator object at 0x77dc34b841a0>, verb_extension=<colcon_core.verb.build.BuildVerb object at 0x77dc34b5fdd0>, main=<bound method BuildVerb.main of <colcon_core.verb.build.BuildVerb object at 0x77dc34b5fdd0>>, mixin_verb=('build',))
[0.084s] Level 1:colcon.colcon_core.package_discovery:discover_packages(colcon_meta) check parameters
[0.084s] Level 1:colcon.colcon_core.package_discovery:discover_packages(recursive) check parameters
[0.084s] Level 1:colcon.colcon_core.package_discovery:discover_packages(ignore) check parameters
[0.084s] Level 1:colcon.colcon_core.package_discovery:discover_packages(path) check parameters
[0.084s] Level 1:colcon.colcon_core.package_discovery:discover_packages(colcon_meta) discover
[0.084s] Level 1:colcon.colcon_core.package_discovery:discover_packages(recursive) discover
[0.084s] INFO:colcon.colcon_core.package_discovery:Crawling recursively for packages in '/home/yuanyan/Robot'
[0.084s] Level 1:colcon.colcon_core.package_identification:_identify(.) by extensions ['ignore', 'ignore_ament_install']
[0.084s] Level 1:colcon.colcon_core.package_identification:_identify(.) by extension 'ignore'
[0.084s] Level 1:colcon.colcon_core.package_identification:_identify(.) by extension 'ignore_ament_install'
[0.084s] Level 1:colcon.colcon_core.package_identification:_identify(.) by extensions ['colcon_pkg']
[0.084s] Level 1:colcon.colcon_core.package_identification:_identify(.) by extension 'colcon_pkg'
[0.084s] Level 1:colcon.colcon_core.package_identification:_identify(.) by extensions ['colcon_meta']
[0.084s] Level 1:colcon.colcon_core.package_identification:_identify(.) by extension 'colcon_meta'
[0.084s] Level 1:colcon.colcon_core.package_identification:_identify(.) by extensions ['ros']
[0.084s] Level 1:colcon.colcon_core.package_identification:_identify(.) by extension 'ros'
[0.099s] Level 1:colcon.colcon_core.package_identification:_identify(.) by extensions ['cmake', 'python']
[0.099s] Level 1:colcon.colcon_core.package_identification:_identify(.) by extension 'cmake'
[0.099s] Level 1:colcon.colcon_core.package_identification:_identify(.) by extension 'python'
[0.099s] Level 1:colcon.colcon_core.package_identification:_identify(.) by extensions ['python_setup_py']
[0.099s] Level 1:colcon.colcon_core.package_identification:_identify(.) by extension 'python_setup_py'
[0.100s] Level 1:colcon.colcon_core.package_identification:_identify(build) by extensions ['ignore', 'ignore_ament_install']
[0.100s] Level 1:colcon.colcon_core.package_identification:_identify(build) by extension 'ignore'
[0.100s] Level 1:colcon.colcon_core.package_identification:_identify(build) ignored
[0.100s] Level 1:colcon.colcon_core.package_identification:_identify(install) by extensions ['ignore', 'ignore_ament_install']
[0.100s] Level 1:colcon.colcon_core.package_identification:_identify(install) by extension 'ignore'
[0.100s] Level 1:colcon.colcon_core.package_identification:_identify(install) ignored
[0.100s] Level 1:colcon.colcon_core.package_identification:_identify(log) by extensions ['ignore', 'ignore_ament_install']
[0.100s] Level 1:colcon.colcon_core.package_identification:_identify(log) by extension 'ignore'
[0.100s] Level 1:colcon.colcon_core.package_identification:_identify(log) ignored
[0.100s] Level 1:colcon.colcon_core.package_identification:_identify(src) by extensions ['ignore', 'ignore_ament_install']
[0.100s] Level 1:colcon.colcon_core.package_identification:_identify(src) by extension 'ignore'
[0.100s] Level 1:colcon.colcon_core.package_identification:_identify(src) by extension 'ignore_ament_install'
[0.100s] Level 1:colcon.colcon_core.package_identification:_identify(src) by extensions ['colcon_pkg']
[0.100s] Level 1:colcon.colcon_core.package_identification:_identify(src) by extension 'colcon_pkg'
[0.100s] Level 1:colcon.colcon_core.package_identification:_identify(src) by extensions ['colcon_meta']
[0.100s] Level 1:colcon.colcon_core.package_identification:_identify(src) by extension 'colcon_meta'
[0.100s] Level 1:colcon.colcon_core.package_identification:_identify(src) by extensions ['ros']
[0.100s] Level 1:colcon.colcon_core.package_identification:_identify(src) by extension 'ros'
[0.100s] Level 1:colcon.colcon_core.package_identification:_identify(src) by extensions ['cmake', 'python']
[0.100s] Level 1:colcon.colcon_core.package_identification:_identify(src) by extension 'cmake'
[0.100s] Level 1:colcon.colcon_core.package_identification:_identify(src) by extension 'python'
[0.100s] Level 1:colcon.colcon_core.package_identification:_identify(src) by extensions ['python_setup_py']
[0.100s] Level 1:colcon.colcon_core.package_identification:_identify(src) by extension 'python_setup_py'
[0.100s] Level 1:colcon.colcon_core.package_identification:_identify(src/autonomous_exploration_development_environment) by extensions ['ignore', 'ignore_ament_install']
[0.100s] Level 1:colcon.colcon_core.package_identification:_identify(src/autonomous_exploration_development_environment) by extension 'ignore'
[0.100s] Level 1:colcon.colcon_core.package_identification:_identify(src/autonomous_exploration_development_environment) by extension 'ignore_ament_install'
[0.100s] Level 1:colcon.colcon_core.package_identification:_identify(src/autonomous_exploration_development_environment) by extensions ['colcon_pkg']
[0.100s] Level 1:colcon.colcon_core.package_identification:_identify(src/autonomous_exploration_development_environment) by extension 'colcon_pkg'
[0.100s] Level 1:colcon.colcon_core.package_identification:_identify(src/autonomous_exploration_development_environment) by extensions ['colcon_meta']
[0.100s] Level 1:colcon.colcon_core.package_identification:_identify(src/autonomous_exploration_development_environment) by extension 'colcon_meta'
[0.100s] Level 1:colcon.colcon_core.package_identification:_identify(src/autonomous_exploration_development_environment) by extensions ['ros']
[0.100s] Level 1:colcon.colcon_core.package_identification:_identify(src/autonomous_exploration_development_environment) by extension 'ros'
[0.100s] Level 1:colcon.colcon_core.package_identification:_identify(src/autonomous_exploration_development_environment) by extensions ['cmake', 'python']
[0.100s] Level 1:colcon.colcon_core.package_identification:_identify(src/autonomous_exploration_development_environment) by extension 'cmake'
[0.100s] Level 1:colcon.colcon_core.package_identification:_identify(src/autonomous_exploration_development_environment) by extension 'python'
[0.100s] Level 1:colcon.colcon_core.package_identification:_identify(src/autonomous_exploration_development_environment) by extensions ['python_setup_py']
[0.101s] Level 1:colcon.colcon_core.package_identification:_identify(src/autonomous_exploration_development_environment) by extension 'python_setup_py'
[0.101s] Level 1:colcon.colcon_core.package_identification:_identify(src/autonomous_exploration_development_environment/img) by extensions ['ignore', 'ignore_ament_install']
[0.101s] Level 1:colcon.colcon_core.package_identification:_identify(src/autonomous_exploration_development_environment/img) by extension 'ignore'
[0.101s] Level 1:colcon.colcon_core.package_identification:_identify(src/autonomous_exploration_development_environment/img) by extension 'ignore_ament_install'
[0.101s] Level 1:colcon.colcon_core.package_identification:_identify(src/autonomous_exploration_development_environment/img) by extensions ['colcon_pkg']
[0.101s] Level 1:colcon.colcon_core.package_identification:_identify(src/autonomous_exploration_development_environment/img) by extension 'colcon_pkg'
[0.101s] Level 1:colcon.colcon_core.package_identification:_identify(src/autonomous_exploration_development_environment/img) by extensions ['colcon_meta']
[0.101s] Level 1:colcon.colcon_core.package_identification:_identify(src/autonomous_exploration_development_environment/img) by extension 'colcon_meta'
[0.101s] Level 1:colcon.colcon_core.package_identification:_identify(src/autonomous_exploration_development_environment/img) by extensions ['ros']
[0.101s] Level 1:colcon.colcon_core.package_identification:_identify(src/autonomous_exploration_development_environment/img) by extension 'ros'
[0.101s] Level 1:colcon.colcon_core.package_identification:_identify(src/autonomous_exploration_development_environment/img) by extensions ['cmake', 'python']
[0.101s] Level 1:colcon.colcon_core.package_identification:_identify(src/autonomous_exploration_development_environment/img) by extension 'cmake'
[0.101s] Level 1:colcon.colcon_core.package_identification:_identify(src/autonomous_exploration_development_environment/img) by extension 'python'
[0.101s] Level 1:colcon.colcon_core.package_identification:_identify(src/autonomous_exploration_development_environment/img) by extensions ['python_setup_py']
[0.101s] Level 1:colcon.colcon_core.package_identification:_identify(src/autonomous_exploration_development_environment/img) by extension 'python_setup_py'
[0.101s] Level 1:colcon.colcon_core.package_identification:_identify(src/autonomous_exploration_development_environment/src) by extensions ['ignore', 'ignore_ament_install']
[0.101s] Level 1:colcon.colcon_core.package_identification:_identify(src/autonomous_exploration_development_environment/src) by extension 'ignore'
[0.101s] Level 1:colcon.colcon_core.package_identification:_identify(src/autonomous_exploration_development_environment/src) by extension 'ignore_ament_install'
[0.101s] Level 1:colcon.colcon_core.package_identification:_identify(src/autonomous_exploration_development_environment/src) by extensions ['colcon_pkg']
[0.101s] Level 1:colcon.colcon_core.package_identification:_identify(src/autonomous_exploration_development_environment/src) by extension 'colcon_pkg'
[0.101s] Level 1:colcon.colcon_core.package_identification:_identify(src/autonomous_exploration_development_environment/src) by extensions ['colcon_meta']
[0.101s] Level 1:colcon.colcon_core.package_identification:_identify(src/autonomous_exploration_development_environment/src) by extension 'colcon_meta'
[0.101s] Level 1:colcon.colcon_core.package_identification:_identify(src/autonomous_exploration_development_environment/src) by extensions ['ros']
[0.101s] Level 1:colcon.colcon_core.package_identification:_identify(src/autonomous_exploration_development_environment/src) by extension 'ros'
[0.101s] Level 1:colcon.colcon_core.package_identification:_identify(src/autonomous_exploration_development_environment/src) by extensions ['cmake', 'python']
[0.101s] Level 1:colcon.colcon_core.package_identification:_identify(src/autonomous_exploration_development_environment/src) by extension 'cmake'
[0.101s] Level 1:colcon.colcon_core.package_identification:_identify(src/autonomous_exploration_development_environment/src) by extension 'python'
[0.101s] Level 1:colcon.colcon_core.package_identification:_identify(src/autonomous_exploration_development_environment/src) by extensions ['python_setup_py']
[0.101s] Level 1:colcon.colcon_core.package_identification:_identify(src/autonomous_exploration_development_environment/src) by extension 'python_setup_py'
[0.101s] Level 1:colcon.colcon_core.package_identification:_identify(src/autonomous_exploration_development_environment/src/loam_interface) by extensions ['ignore', 'ignore_ament_install']
[0.101s] Level 1:colcon.colcon_core.package_identification:_identify(src/autonomous_exploration_development_environment/src/loam_interface) by extension 'ignore'
[0.101s] Level 1:colcon.colcon_core.package_identification:_identify(src/autonomous_exploration_development_environment/src/loam_interface) by extension 'ignore_ament_install'
[0.101s] Level 1:colcon.colcon_core.package_identification:_identify(src/autonomous_exploration_development_environment/src/loam_interface) by extensions ['colcon_pkg']
[0.101s] Level 1:colcon.colcon_core.package_identification:_identify(src/autonomous_exploration_development_environment/src/loam_interface) by extension 'colcon_pkg'
[0.101s] Level 1:colcon.colcon_core.package_identification:_identify(src/autonomous_exploration_development_environment/src/loam_interface) by extensions ['colcon_meta']
[0.101s] Level 1:colcon.colcon_core.package_identification:_identify(src/autonomous_exploration_development_environment/src/loam_interface) by extension 'colcon_meta'
[0.101s] Level 1:colcon.colcon_core.package_identification:_identify(src/autonomous_exploration_development_environment/src/loam_interface) by extensions ['ros']
[0.101s] Level 1:colcon.colcon_core.package_identification:_identify(src/autonomous_exploration_development_environment/src/loam_interface) by extension 'ros'
[0.103s] DEBUG:colcon.colcon_core.package_identification:Package 'src/autonomous_exploration_development_environment/src/loam_interface' with type 'ros.ament_cmake' and name 'loam_interface'
[0.103s] Level 1:colcon.colcon_core.package_identification:_identify(src/autonomous_exploration_development_environment/src/local_planner) by extensions ['ignore', 'ignore_ament_install']
[0.103s] Level 1:colcon.colcon_core.package_identification:_identify(src/autonomous_exploration_development_environment/src/local_planner) by extension 'ignore'
[0.103s] Level 1:colcon.colcon_core.package_identification:_identify(src/autonomous_exploration_development_environment/src/local_planner) by extension 'ignore_ament_install'
[0.103s] Level 1:colcon.colcon_core.package_identification:_identify(src/autonomous_exploration_development_environment/src/local_planner) by extensions ['colcon_pkg']
[0.103s] Level 1:colcon.colcon_core.package_identification:_identify(src/autonomous_exploration_development_environment/src/local_planner) by extension 'colcon_pkg'
[0.103s] Level 1:colcon.colcon_core.package_identification:_identify(src/autonomous_exploration_development_environment/src/local_planner) by extensions ['colcon_meta']
[0.103s] Level 1:colcon.colcon_core.package_identification:_identify(src/autonomous_exploration_development_environment/src/local_planner) by extension 'colcon_meta'
[0.103s] Level 1:colcon.colcon_core.package_identification:_identify(src/autonomous_exploration_development_environment/src/local_planner) by extensions ['ros']
[0.103s] Level 1:colcon.colcon_core.package_identification:_identify(src/autonomous_exploration_development_environment/src/local_planner) by extension 'ros'
[0.104s] DEBUG:colcon.colcon_core.package_identification:Package 'src/autonomous_exploration_development_environment/src/local_planner' with type 'ros.ament_cmake' and name 'local_planner'
[0.104s] Level 1:colcon.colcon_core.package_identification:_identify(src/autonomous_exploration_development_environment/src/sensor_scan_generation) by extensions ['ignore', 'ignore_ament_install']
[0.104s] Level 1:colcon.colcon_core.package_identification:_identify(src/autonomous_exploration_development_environment/src/sensor_scan_generation) by extension 'ignore'
[0.104s] Level 1:colcon.colcon_core.package_identification:_identify(src/autonomous_exploration_development_environment/src/sensor_scan_generation) by extension 'ignore_ament_install'
[0.104s] Level 1:colcon.colcon_core.package_identification:_identify(src/autonomous_exploration_development_environment/src/sensor_scan_generation) by extensions ['colcon_pkg']
[0.104s] Level 1:colcon.colcon_core.package_identification:_identify(src/autonomous_exploration_development_environment/src/sensor_scan_generation) by extension 'colcon_pkg'
[0.104s] Level 1:colcon.colcon_core.package_identification:_identify(src/autonomous_exploration_development_environment/src/sensor_scan_generation) by extensions ['colcon_meta']
[0.104s] Level 1:colcon.colcon_core.package_identification:_identify(src/autonomous_exploration_development_environment/src/sensor_scan_generation) by extension 'colcon_meta'
[0.104s] Level 1:colcon.colcon_core.package_identification:_identify(src/autonomous_exploration_development_environment/src/sensor_scan_generation) by extensions ['ros']
[0.104s] Level 1:colcon.colcon_core.package_identification:_identify(src/autonomous_exploration_development_environment/src/sensor_scan_generation) by extension 'ros'
[0.105s] DEBUG:colcon.colcon_core.package_identification:Package 'src/autonomous_exploration_development_environment/src/sensor_scan_generation' with type 'ros.ament_cmake' and name 'sensor_scan_generation'
[0.105s] Level 1:colcon.colcon_core.package_identification:_identify(src/autonomous_exploration_development_environment/src/terrain_analysis) by extensions ['ignore', 'ignore_ament_install']
[0.105s] Level 1:colcon.colcon_core.package_identification:_identify(src/autonomous_exploration_development_environment/src/terrain_analysis) by extension 'ignore'
[0.105s] Level 1:colcon.colcon_core.package_identification:_identify(src/autonomous_exploration_development_environment/src/terrain_analysis) by extension 'ignore_ament_install'
[0.105s] Level 1:colcon.colcon_core.package_identification:_identify(src/autonomous_exploration_development_environment/src/terrain_analysis) by extensions ['colcon_pkg']
[0.105s] Level 1:colcon.colcon_core.package_identification:_identify(src/autonomous_exploration_development_environment/src/terrain_analysis) by extension 'colcon_pkg'
[0.105s] Level 1:colcon.colcon_core.package_identification:_identify(src/autonomous_exploration_development_environment/src/terrain_analysis) by extensions ['colcon_meta']
[0.105s] Level 1:colcon.colcon_core.package_identification:_identify(src/autonomous_exploration_development_environment/src/terrain_analysis) by extension 'colcon_meta'
[0.105s] Level 1:colcon.colcon_core.package_identification:_identify(src/autonomous_exploration_development_environment/src/terrain_analysis) by extensions ['ros']
[0.105s] Level 1:colcon.colcon_core.package_identification:_identify(src/autonomous_exploration_development_environment/src/terrain_analysis) by extension 'ros'
[0.105s] DEBUG:colcon.colcon_core.package_identification:Package 'src/autonomous_exploration_development_environment/src/terrain_analysis' with type 'ros.ament_cmake' and name 'terrain_analysis'
[0.105s] Level 1:colcon.colcon_core.package_identification:_identify(src/autonomous_exploration_development_environment/src/terrain_analysis_ext) by extensions ['ignore', 'ignore_ament_install']
[0.106s] Level 1:colcon.colcon_core.package_identification:_identify(src/autonomous_exploration_development_environment/src/terrain_analysis_ext) by extension 'ignore'
[0.106s] Level 1:colcon.colcon_core.package_identification:_identify(src/autonomous_exploration_development_environment/src/terrain_analysis_ext) by extension 'ignore_ament_install'
[0.106s] Level 1:colcon.colcon_core.package_identification:_identify(src/autonomous_exploration_development_environment/src/terrain_analysis_ext) by extensions ['colcon_pkg']
[0.106s] Level 1:colcon.colcon_core.package_identification:_identify(src/autonomous_exploration_development_environment/src/terrain_analysis_ext) by extension 'colcon_pkg'
[0.106s] Level 1:colcon.colcon_core.package_identification:_identify(src/autonomous_exploration_development_environment/src/terrain_analysis_ext) by extensions ['colcon_meta']
[0.106s] Level 1:colcon.colcon_core.package_identification:_identify(src/autonomous_exploration_development_environment/src/terrain_analysis_ext) by extension 'colcon_meta'
[0.106s] Level 1:colcon.colcon_core.package_identification:_identify(src/autonomous_exploration_development_environment/src/terrain_analysis_ext) by extensions ['ros']
[0.106s] Level 1:colcon.colcon_core.package_identification:_identify(src/autonomous_exploration_development_environment/src/terrain_analysis_ext) by extension 'ros'
[0.106s] DEBUG:colcon.colcon_core.package_identification:Package 'src/autonomous_exploration_development_environment/src/terrain_analysis_ext' with type 'ros.ament_cmake' and name 'terrain_analysis_ext'
[0.106s] Level 1:colcon.colcon_core.package_identification:_identify(src/autonomous_exploration_development_environment/src/vehicle_simulator) by extensions ['ignore', 'ignore_ament_install']
[0.106s] Level 1:colcon.colcon_core.package_identification:_identify(src/autonomous_exploration_development_environment/src/vehicle_simulator) by extension 'ignore'
[0.106s] Level 1:colcon.colcon_core.package_identification:_identify(src/autonomous_exploration_development_environment/src/vehicle_simulator) by extension 'ignore_ament_install'
[0.106s] Level 1:colcon.colcon_core.package_identification:_identify(src/autonomous_exploration_development_environment/src/vehicle_simulator) by extensions ['colcon_pkg']
[0.106s] Level 1:colcon.colcon_core.package_identification:_identify(src/autonomous_exploration_development_environment/src/vehicle_simulator) by extension 'colcon_pkg'
[0.106s] Level 1:colcon.colcon_core.package_identification:_identify(src/autonomous_exploration_development_environment/src/vehicle_simulator) by extensions ['colcon_meta']
[0.106s] Level 1:colcon.colcon_core.package_identification:_identify(src/autonomous_exploration_development_environment/src/vehicle_simulator) by extension 'colcon_meta'
[0.106s] Level 1:colcon.colcon_core.package_identification:_identify(src/autonomous_exploration_development_environment/src/vehicle_simulator) by extensions ['ros']
[0.106s] Level 1:colcon.colcon_core.package_identification:_identify(src/autonomous_exploration_development_environment/src/vehicle_simulator) by extension 'ros'
[0.107s] DEBUG:colcon.colcon_core.package_identification:Package 'src/autonomous_exploration_development_environment/src/vehicle_simulator' with type 'ros.ament_cmake' and name 'vehicle_simulator'
[0.107s] Level 1:colcon.colcon_core.package_identification:_identify(src/autonomous_exploration_development_environment/src/visualization_tools) by extensions ['ignore', 'ignore_ament_install']
[0.107s] Level 1:colcon.colcon_core.package_identification:_identify(src/autonomous_exploration_development_environment/src/visualization_tools) by extension 'ignore'
[0.107s] Level 1:colcon.colcon_core.package_identification:_identify(src/autonomous_exploration_development_environment/src/visualization_tools) by extension 'ignore_ament_install'
[0.107s] Level 1:colcon.colcon_core.package_identification:_identify(src/autonomous_exploration_development_environment/src/visualization_tools) by extensions ['colcon_pkg']
[0.107s] Level 1:colcon.colcon_core.package_identification:_identify(src/autonomous_exploration_development_environment/src/visualization_tools) by extension 'colcon_pkg'
[0.107s] Level 1:colcon.colcon_core.package_identification:_identify(src/autonomous_exploration_development_environment/src/visualization_tools) by extensions ['colcon_meta']
[0.107s] Level 1:colcon.colcon_core.package_identification:_identify(src/autonomous_exploration_development_environment/src/visualization_tools) by extension 'colcon_meta'
[0.107s] Level 1:colcon.colcon_core.package_identification:_identify(src/autonomous_exploration_development_environment/src/visualization_tools) by extensions ['ros']
[0.107s] Level 1:colcon.colcon_core.package_identification:_identify(src/autonomous_exploration_development_environment/src/visualization_tools) by extension 'ros'
[0.108s] DEBUG:colcon.colcon_core.package_identification:Package 'src/autonomous_exploration_development_environment/src/visualization_tools' with type 'ros.ament_cmake' and name 'visualization_tools'
[0.108s] Level 1:colcon.colcon_core.package_identification:_identify(src/autonomous_exploration_development_environment/src/waypoint_example) by extensions ['ignore', 'ignore_ament_install']
[0.108s] Level 1:colcon.colcon_core.package_identification:_identify(src/autonomous_exploration_development_environment/src/waypoint_example) by extension 'ignore'
[0.108s] Level 1:colcon.colcon_core.package_identification:_identify(src/autonomous_exploration_development_environment/src/waypoint_example) by extension 'ignore_ament_install'
[0.108s] Level 1:colcon.colcon_core.package_identification:_identify(src/autonomous_exploration_development_environment/src/waypoint_example) by extensions ['colcon_pkg']
[0.108s] Level 1:colcon.colcon_core.package_identification:_identify(src/autonomous_exploration_development_environment/src/waypoint_example) by extension 'colcon_pkg'
[0.108s] Level 1:colcon.colcon_core.package_identification:_identify(src/autonomous_exploration_development_environment/src/waypoint_example) by extensions ['colcon_meta']
[0.108s] Level 1:colcon.colcon_core.package_identification:_identify(src/autonomous_exploration_development_environment/src/waypoint_example) by extension 'colcon_meta'
[0.108s] Level 1:colcon.colcon_core.package_identification:_identify(src/autonomous_exploration_development_environment/src/waypoint_example) by extensions ['ros']
[0.108s] Level 1:colcon.colcon_core.package_identification:_identify(src/autonomous_exploration_development_environment/src/waypoint_example) by extension 'ros'
[0.109s] DEBUG:colcon.colcon_core.package_identification:Package 'src/autonomous_exploration_development_environment/src/waypoint_example' with type 'ros.ament_cmake' and name 'waypoint_example'
[0.109s] Level 1:colcon.colcon_core.package_identification:_identify(src/autonomous_exploration_development_environment/src/waypoint_rviz_plugin) by extensions ['ignore', 'ignore_ament_install']
[0.109s] Level 1:colcon.colcon_core.package_identification:_identify(src/autonomous_exploration_development_environment/src/waypoint_rviz_plugin) by extension 'ignore'
[0.109s] Level 1:colcon.colcon_core.package_identification:_identify(src/autonomous_exploration_development_environment/src/waypoint_rviz_plugin) by extension 'ignore_ament_install'
[0.109s] Level 1:colcon.colcon_core.package_identification:_identify(src/autonomous_exploration_development_environment/src/waypoint_rviz_plugin) by extensions ['colcon_pkg']
[0.109s] Level 1:colcon.colcon_core.package_identification:_identify(src/autonomous_exploration_development_environment/src/waypoint_rviz_plugin) by extension 'colcon_pkg'
[0.109s] Level 1:colcon.colcon_core.package_identification:_identify(src/autonomous_exploration_development_environment/src/waypoint_rviz_plugin) by extensions ['colcon_meta']
[0.109s] Level 1:colcon.colcon_core.package_identification:_identify(src/autonomous_exploration_development_environment/src/waypoint_rviz_plugin) by extension 'colcon_meta'
[0.109s] Level 1:colcon.colcon_core.package_identification:_identify(src/autonomous_exploration_development_environment/src/waypoint_rviz_plugin) by extensions ['ros']
[0.109s] Level 1:colcon.colcon_core.package_identification:_identify(src/autonomous_exploration_development_environment/src/waypoint_rviz_plugin) by extension 'ros'
[0.109s] DEBUG:colcon.colcon_core.package_identification:Package 'src/autonomous_exploration_development_environment/src/waypoint_rviz_plugin' with type 'ros.ament_cmake' and name 'waypoint_rviz_plugin'
[0.109s] Level 1:colcon.colcon_core.package_discovery:discover_packages(recursive) using defaults
[0.109s] Level 1:colcon.colcon_core.package_discovery:discover_packages(ignore) discover
[0.109s] Level 1:colcon.colcon_core.package_discovery:discover_packages(ignore) using defaults
[0.109s] Level 1:colcon.colcon_core.package_discovery:discover_packages(path) discover
[0.109s] Level 1:colcon.colcon_core.package_discovery:discover_packages(path) using defaults
[0.121s] Level 1:colcon.colcon_core.package_discovery:discover_packages(prefix_path) check parameters
[0.121s] Level 1:colcon.colcon_core.package_discovery:discover_packages(prefix_path) discover
[0.123s] DEBUG:colcon.colcon_installed_package_information.package_discovery:Found 372 installed packages in /opt/ros/jazzy
[0.123s] Level 1:colcon.colcon_core.package_discovery:discover_packages(prefix_path) using defaults
[0.149s] Level 5:colcon.colcon_core.verb:set package 'loam_interface' build argument 'cmake_args' from command line to 'None'
[0.149s] Level 5:colcon.colcon_core.verb:set package 'loam_interface' build argument 'cmake_target' from command line to 'None'
[0.149s] Level 5:colcon.colcon_core.verb:set package 'loam_interface' build argument 'cmake_target_skip_unavailable' from command line to 'False'
[0.149s] Level 5:colcon.colcon_core.verb:set package 'loam_interface' build argument 'cmake_clean_cache' from command line to 'False'
[0.149s] Level 5:colcon.colcon_core.verb:set package 'loam_interface' build argument 'cmake_clean_first' from command line to 'False'
[0.149s] Level 5:colcon.colcon_core.verb:set package 'loam_interface' build argument 'cmake_force_configure' from command line to 'False'
[0.149s] Level 5:colcon.colcon_core.verb:set package 'loam_interface' build argument 'ament_cmake_args' from command line to 'None'
[0.149s] Level 5:colcon.colcon_core.verb:set package 'loam_interface' build argument 'catkin_cmake_args' from command line to 'None'
[0.149s] Level 5:colcon.colcon_core.verb:set package 'loam_interface' build argument 'catkin_skip_building_tests' from command line to 'False'
[0.149s] DEBUG:colcon.colcon_core.verb:Building package 'loam_interface' with the following arguments: {'ament_cmake_args': None, 'build_base': '/home/yuanyan/Robot/build/loam_interface', 'catkin_cmake_args': None, 'catkin_skip_building_tests': False, 'cmake_args': None, 'cmake_clean_cache': False, 'cmake_clean_first': False, 'cmake_force_configure': False, 'cmake_target': None, 'cmake_target_skip_unavailable': False, 'install_base': '/home/yuanyan/Robot/install/loam_interface', 'merge_install': False, 'path': '/home/yuanyan/Robot/src/autonomous_exploration_development_environment/src/loam_interface', 'symlink_install': False, 'test_result_base': None}
[0.149s] Level 5:colcon.colcon_core.verb:set package 'local_planner' build argument 'cmake_args' from command line to 'None'
[0.149s] Level 5:colcon.colcon_core.verb:set package 'local_planner' build argument 'cmake_target' from command line to 'None'
[0.149s] Level 5:colcon.colcon_core.verb:set package 'local_planner' build argument 'cmake_target_skip_unavailable' from command line to 'False'
[0.149s] Level 5:colcon.colcon_core.verb:set package 'local_planner' build argument 'cmake_clean_cache' from command line to 'False'
[0.149s] Level 5:colcon.colcon_core.verb:set package 'local_planner' build argument 'cmake_clean_first' from command line to 'False'
[0.149s] Level 5:colcon.colcon_core.verb:set package 'local_planner' build argument 'cmake_force_configure' from command line to 'False'
[0.149s] Level 5:colcon.colcon_core.verb:set package 'local_planner' build argument 'ament_cmake_args' from command line to 'None'
[0.149s] Level 5:colcon.colcon_core.verb:set package 'local_planner' build argument 'catkin_cmake_args' from command line to 'None'
[0.149s] Level 5:colcon.colcon_core.verb:set package 'local_planner' build argument 'catkin_skip_building_tests' from command line to 'False'
[0.149s] DEBUG:colcon.colcon_core.verb:Building package 'local_planner' with the following arguments: {'ament_cmake_args': None, 'build_base': '/home/yuanyan/Robot/build/local_planner', 'catkin_cmake_args': None, 'catkin_skip_building_tests': False, 'cmake_args': None, 'cmake_clean_cache': False, 'cmake_clean_first': False, 'cmake_force_configure': False, 'cmake_target': None, 'cmake_target_skip_unavailable': False, 'install_base': '/home/yuanyan/Robot/install/local_planner', 'merge_install': False, 'path': '/home/yuanyan/Robot/src/autonomous_exploration_development_environment/src/local_planner', 'symlink_install': False, 'test_result_base': None}
[0.149s] Level 5:colcon.colcon_core.verb:set package 'sensor_scan_generation' build argument 'cmake_args' from command line to 'None'
[0.149s] Level 5:colcon.colcon_core.verb:set package 'sensor_scan_generation' build argument 'cmake_target' from command line to 'None'
[0.149s] Level 5:colcon.colcon_core.verb:set package 'sensor_scan_generation' build argument 'cmake_target_skip_unavailable' from command line to 'False'
[0.149s] Level 5:colcon.colcon_core.verb:set package 'sensor_scan_generation' build argument 'cmake_clean_cache' from command line to 'False'
[0.149s] Level 5:colcon.colcon_core.verb:set package 'sensor_scan_generation' build argument 'cmake_clean_first' from command line to 'False'
[0.149s] Level 5:colcon.colcon_core.verb:set package 'sensor_scan_generation' build argument 'cmake_force_configure' from command line to 'False'
[0.149s] Level 5:colcon.colcon_core.verb:set package 'sensor_scan_generation' build argument 'ament_cmake_args' from command line to 'None'
[0.149s] Level 5:colcon.colcon_core.verb:set package 'sensor_scan_generation' build argument 'catkin_cmake_args' from command line to 'None'
[0.149s] Level 5:colcon.colcon_core.verb:set package 'sensor_scan_generation' build argument 'catkin_skip_building_tests' from command line to 'False'
[0.149s] DEBUG:colcon.colcon_core.verb:Building package 'sensor_scan_generation' with the following arguments: {'ament_cmake_args': None, 'build_base': '/home/yuanyan/Robot/build/sensor_scan_generation', 'catkin_cmake_args': None, 'catkin_skip_building_tests': False, 'cmake_args': None, 'cmake_clean_cache': False, 'cmake_clean_first': False, 'cmake_force_configure': False, 'cmake_target': None, 'cmake_target_skip_unavailable': False, 'install_base': '/home/yuanyan/Robot/install/sensor_scan_generation', 'merge_install': False, 'path': '/home/yuanyan/Robot/src/autonomous_exploration_development_environment/src/sensor_scan_generation', 'symlink_install': False, 'test_result_base': None}
[0.150s] Level 5:colcon.colcon_core.verb:set package 'terrain_analysis' build argument 'cmake_args' from command line to 'None'
[0.150s] Level 5:colcon.colcon_core.verb:set package 'terrain_analysis' build argument 'cmake_target' from command line to 'None'
[0.150s] Level 5:colcon.colcon_core.verb:set package 'terrain_analysis' build argument 'cmake_target_skip_unavailable' from command line to 'False'
[0.150s] Level 5:colcon.colcon_core.verb:set package 'terrain_analysis' build argument 'cmake_clean_cache' from command line to 'False'
[0.150s] Level 5:colcon.colcon_core.verb:set package 'terrain_analysis' build argument 'cmake_clean_first' from command line to 'False'
[0.150s] Level 5:colcon.colcon_core.verb:set package 'terrain_analysis' build argument 'cmake_force_configure' from command line to 'False'
[0.150s] Level 5:colcon.colcon_core.verb:set package 'terrain_analysis' build argument 'ament_cmake_args' from command line to 'None'
[0.150s] Level 5:colcon.colcon_core.verb:set package 'terrain_analysis' build argument 'catkin_cmake_args' from command line to 'None'
[0.150s] Level 5:colcon.colcon_core.verb:set package 'terrain_analysis' build argument 'catkin_skip_building_tests' from command line to 'False'
[0.150s] DEBUG:colcon.colcon_core.verb:Building package 'terrain_analysis' with the following arguments: {'ament_cmake_args': None, 'build_base': '/home/yuanyan/Robot/build/terrain_analysis', 'catkin_cmake_args': None, 'catkin_skip_building_tests': False, 'cmake_args': None, 'cmake_clean_cache': False, 'cmake_clean_first': False, 'cmake_force_configure': False, 'cmake_target': None, 'cmake_target_skip_unavailable': False, 'install_base': '/home/yuanyan/Robot/install/terrain_analysis', 'merge_install': False, 'path': '/home/yuanyan/Robot/src/autonomous_exploration_development_environment/src/terrain_analysis', 'symlink_install': False, 'test_result_base': None}
[0.150s] Level 5:colcon.colcon_core.verb:set package 'terrain_analysis_ext' build argument 'cmake_args' from command line to 'None'
[0.150s] Level 5:colcon.colcon_core.verb:set package 'terrain_analysis_ext' build argument 'cmake_target' from command line to 'None'
[0.150s] Level 5:colcon.colcon_core.verb:set package 'terrain_analysis_ext' build argument 'cmake_target_skip_unavailable' from command line to 'False'
[0.150s] Level 5:colcon.colcon_core.verb:set package 'terrain_analysis_ext' build argument 'cmake_clean_cache' from command line to 'False'
[0.150s] Level 5:colcon.colcon_core.verb:set package 'terrain_analysis_ext' build argument 'cmake_clean_first' from command line to 'False'
[0.150s] Level 5:colcon.colcon_core.verb:set package 'terrain_analysis_ext' build argument 'cmake_force_configure' from command line to 'False'
[0.150s] Level 5:colcon.colcon_core.verb:set package 'terrain_analysis_ext' build argument 'ament_cmake_args' from command line to 'None'
[0.150s] Level 5:colcon.colcon_core.verb:set package 'terrain_analysis_ext' build argument 'catkin_cmake_args' from command line to 'None'
[0.150s] Level 5:colcon.colcon_core.verb:set package 'terrain_analysis_ext' build argument 'catkin_skip_building_tests' from command line to 'False'
[0.150s] DEBUG:colcon.colcon_core.verb:Building package 'terrain_analysis_ext' with the following arguments: {'ament_cmake_args': None, 'build_base': '/home/yuanyan/Robot/build/terrain_analysis_ext', 'catkin_cmake_args': None, 'catkin_skip_building_tests': False, 'cmake_args': None, 'cmake_clean_cache': False, 'cmake_clean_first': False, 'cmake_force_configure': False, 'cmake_target': None, 'cmake_target_skip_unavailable': False, 'install_base': '/home/yuanyan/Robot/install/terrain_analysis_ext', 'merge_install': False, 'path': '/home/yuanyan/Robot/src/autonomous_exploration_development_environment/src/terrain_analysis_ext', 'symlink_install': False, 'test_result_base': None}
[0.150s] Level 5:colcon.colcon_core.verb:set package 'vehicle_simulator' build argument 'cmake_args' from command line to 'None'
[0.150s] Level 5:colcon.colcon_core.verb:set package 'vehicle_simulator' build argument 'cmake_target' from command line to 'None'
[0.150s] Level 5:colcon.colcon_core.verb:set package 'vehicle_simulator' build argument 'cmake_target_skip_unavailable' from command line to 'False'
[0.150s] Level 5:colcon.colcon_core.verb:set package 'vehicle_simulator' build argument 'cmake_clean_cache' from command line to 'False'
[0.150s] Level 5:colcon.colcon_core.verb:set package 'vehicle_simulator' build argument 'cmake_clean_first' from command line to 'False'
[0.150s] Level 5:colcon.colcon_core.verb:set package 'vehicle_simulator' build argument 'cmake_force_configure' from command line to 'False'
[0.150s] Level 5:colcon.colcon_core.verb:set package 'vehicle_simulator' build argument 'ament_cmake_args' from command line to 'None'
[0.150s] Level 5:colcon.colcon_core.verb:set package 'vehicle_simulator' build argument 'catkin_cmake_args' from command line to 'None'
[0.150s] Level 5:colcon.colcon_core.verb:set package 'vehicle_simulator' build argument 'catkin_skip_building_tests' from command line to 'False'
[0.150s] DEBUG:colcon.colcon_core.verb:Building package 'vehicle_simulator' with the following arguments: {'ament_cmake_args': None, 'build_base': '/home/yuanyan/Robot/build/vehicle_simulator', 'catkin_cmake_args': None, 'catkin_skip_building_tests': False, 'cmake_args': None, 'cmake_clean_cache': False, 'cmake_clean_first': False, 'cmake_force_configure': False, 'cmake_target': None, 'cmake_target_skip_unavailable': False, 'install_base': '/home/yuanyan/Robot/install/vehicle_simulator', 'merge_install': False, 'path': '/home/yuanyan/Robot/src/autonomous_exploration_development_environment/src/vehicle_simulator', 'symlink_install': False, 'test_result_base': None}
[0.150s] Level 5:colcon.colcon_core.verb:set package 'visualization_tools' build argument 'cmake_args' from command line to 'None'
[0.150s] Level 5:colcon.colcon_core.verb:set package 'visualization_tools' build argument 'cmake_target' from command line to 'None'
[0.150s] Level 5:colcon.colcon_core.verb:set package 'visualization_tools' build argument 'cmake_target_skip_unavailable' from command line to 'False'
[0.150s] Level 5:colcon.colcon_core.verb:set package 'visualization_tools' build argument 'cmake_clean_cache' from command line to 'False'
[0.150s] Level 5:colcon.colcon_core.verb:set package 'visualization_tools' build argument 'cmake_clean_first' from command line to 'False'
[0.150s] Level 5:colcon.colcon_core.verb:set package 'visualization_tools' build argument 'cmake_force_configure' from command line to 'False'
[0.150s] Level 5:colcon.colcon_core.verb:set package 'visualization_tools' build argument 'ament_cmake_args' from command line to 'None'
[0.150s] Level 5:colcon.colcon_core.verb:set package 'visualization_tools' build argument 'catkin_cmake_args' from command line to 'None'
[0.150s] Level 5:colcon.colcon_core.verb:set package 'visualization_tools' build argument 'catkin_skip_building_tests' from command line to 'False'
[0.150s] DEBUG:colcon.colcon_core.verb:Building package 'visualization_tools' with the following arguments: {'ament_cmake_args': None, 'build_base': '/home/yuanyan/Robot/build/visualization_tools', 'catkin_cmake_args': None, 'catkin_skip_building_tests': False, 'cmake_args': None, 'cmake_clean_cache': False, 'cmake_clean_first': False, 'cmake_force_configure': False, 'cmake_target': None, 'cmake_target_skip_unavailable': False, 'install_base': '/home/yuanyan/Robot/install/visualization_tools', 'merge_install': False, 'path': '/home/yuanyan/Robot/src/autonomous_exploration_development_environment/src/visualization_tools', 'symlink_install': False, 'test_result_base': None}
[0.150s] Level 5:colcon.colcon_core.verb:set package 'waypoint_example' build argument 'cmake_args' from command line to 'None'
[0.150s] Level 5:colcon.colcon_core.verb:set package 'waypoint_example' build argument 'cmake_target' from command line to 'None'
[0.150s] Level 5:colcon.colcon_core.verb:set package 'waypoint_example' build argument 'cmake_target_skip_unavailable' from command line to 'False'
[0.150s] Level 5:colcon.colcon_core.verb:set package 'waypoint_example' build argument 'cmake_clean_cache' from command line to 'False'
[0.150s] Level 5:colcon.colcon_core.verb:set package 'waypoint_example' build argument 'cmake_clean_first' from command line to 'False'
[0.150s] Level 5:colcon.colcon_core.verb:set package 'waypoint_example' build argument 'cmake_force_configure' from command line to 'False'
[0.150s] Level 5:colcon.colcon_core.verb:set package 'waypoint_example' build argument 'ament_cmake_args' from command line to 'None'
[0.150s] Level 5:colcon.colcon_core.verb:set package 'waypoint_example' build argument 'catkin_cmake_args' from command line to 'None'
[0.150s] Level 5:colcon.colcon_core.verb:set package 'waypoint_example' build argument 'catkin_skip_building_tests' from command line to 'False'
[0.150s] DEBUG:colcon.colcon_core.verb:Building package 'waypoint_example' with the following arguments: {'ament_cmake_args': None, 'build_base': '/home/yuanyan/Robot/build/waypoint_example', 'catkin_cmake_args': None, 'catkin_skip_building_tests': False, 'cmake_args': None, 'cmake_clean_cache': False, 'cmake_clean_first': False, 'cmake_force_configure': False, 'cmake_target': None, 'cmake_target_skip_unavailable': False, 'install_base': '/home/yuanyan/Robot/install/waypoint_example', 'merge_install': False, 'path': '/home/yuanyan/Robot/src/autonomous_exploration_development_environment/src/waypoint_example', 'symlink_install': False, 'test_result_base': None}
[0.151s] Level 5:colcon.colcon_core.verb:set package 'waypoint_rviz_plugin' build argument 'cmake_args' from command line to 'None'
[0.151s] Level 5:colcon.colcon_core.verb:set package 'waypoint_rviz_plugin' build argument 'cmake_target' from command line to 'None'
[0.151s] Level 5:colcon.colcon_core.verb:set package 'waypoint_rviz_plugin' build argument 'cmake_target_skip_unavailable' from command line to 'False'
[0.151s] Level 5:colcon.colcon_core.verb:set package 'waypoint_rviz_plugin' build argument 'cmake_clean_cache' from command line to 'False'
[0.151s] Level 5:colcon.colcon_core.verb:set package 'waypoint_rviz_plugin' build argument 'cmake_clean_first' from command line to 'False'
[0.151s] Level 5:colcon.colcon_core.verb:set package 'waypoint_rviz_plugin' build argument 'cmake_force_configure' from command line to 'False'
[0.151s] Level 5:colcon.colcon_core.verb:set package 'waypoint_rviz_plugin' build argument 'ament_cmake_args' from command line to 'None'
[0.151s] Level 5:colcon.colcon_core.verb:set package 'waypoint_rviz_plugin' build argument 'catkin_cmake_args' from command line to 'None'
[0.151s] Level 5:colcon.colcon_core.verb:set package 'waypoint_rviz_plugin' build argument 'catkin_skip_building_tests' from command line to 'False'
[0.151s] DEBUG:colcon.colcon_core.verb:Building package 'waypoint_rviz_plugin' with the following arguments: {'ament_cmake_args': None, 'build_base': '/home/yuanyan/Robot/build/waypoint_rviz_plugin', 'catkin_cmake_args': None, 'catkin_skip_building_tests': False, 'cmake_args': None, 'cmake_clean_cache': False, 'cmake_clean_first': False, 'cmake_force_configure': False, 'cmake_target': None, 'cmake_target_skip_unavailable': False, 'install_base': '/home/yuanyan/Robot/install/waypoint_rviz_plugin', 'merge_install': False, 'path': '/home/yuanyan/Robot/src/autonomous_exploration_development_environment/src/waypoint_rviz_plugin', 'symlink_install': False, 'test_result_base': None}
[0.151s] INFO:colcon.colcon_core.executor:Executing jobs using 'parallel' executor
[0.151s] DEBUG:colcon.colcon_parallel_executor.executor.parallel:run_until_complete
[0.152s] INFO:colcon.colcon_ros.task.ament_cmake.build:Building ROS package in '/home/yuanyan/Robot/src/autonomous_exploration_development_environment/src/loam_interface' with build type 'ament_cmake'
[0.152s] INFO:colcon.colcon_cmake.task.cmake.build:Building CMake package in '/home/yuanyan/Robot/src/autonomous_exploration_development_environment/src/loam_interface'
[0.153s] INFO:colcon.colcon_core.plugin_system:Skipping extension 'colcon_core.shell.bat': Not used on non-Windows systems
[0.153s] INFO:colcon.colcon_core.shell:Skip shell extension 'powershell' for command environment: Not usable outside of PowerShell
[0.153s] DEBUG:colcon.colcon_core.shell:Skip shell extension 'dsv' for command environment
[0.155s] INFO:colcon.colcon_ros.task.ament_cmake.build:Building ROS package in '/home/yuanyan/Robot/src/autonomous_exploration_development_environment/src/local_planner' with build type 'ament_cmake'
[0.155s] INFO:colcon.colcon_cmake.task.cmake.build:Building CMake package in '/home/yuanyan/Robot/src/autonomous_exploration_development_environment/src/local_planner'
[0.155s] INFO:colcon.colcon_core.shell:Skip shell extension 'powershell' for command environment: Not usable outside of PowerShell
[0.155s] DEBUG:colcon.colcon_core.shell:Skip shell extension 'dsv' for command environment
[0.157s] INFO:colcon.colcon_ros.task.ament_cmake.build:Building ROS package in '/home/yuanyan/Robot/src/autonomous_exploration_development_environment/src/sensor_scan_generation' with build type 'ament_cmake'
[0.157s] INFO:colcon.colcon_cmake.task.cmake.build:Building CMake package in '/home/yuanyan/Robot/src/autonomous_exploration_development_environment/src/sensor_scan_generation'
[0.157s] INFO:colcon.colcon_core.shell:Skip shell extension 'powershell' for command environment: Not usable outside of PowerShell
[0.157s] DEBUG:colcon.colcon_core.shell:Skip shell extension 'dsv' for command environment
[0.158s] INFO:colcon.colcon_ros.task.ament_cmake.build:Building ROS package in '/home/yuanyan/Robot/src/autonomous_exploration_development_environment/src/terrain_analysis' with build type 'ament_cmake'
[0.159s] INFO:colcon.colcon_cmake.task.cmake.build:Building CMake package in '/home/yuanyan/Robot/src/autonomous_exploration_development_environment/src/terrain_analysis'
[0.159s] INFO:colcon.colcon_core.shell:Skip shell extension 'powershell' for command environment: Not usable outside of PowerShell
[0.159s] DEBUG:colcon.colcon_core.shell:Skip shell extension 'dsv' for command environment
[0.160s] INFO:colcon.colcon_ros.task.ament_cmake.build:Building ROS package in '/home/yuanyan/Robot/src/autonomous_exploration_development_environment/src/terrain_analysis_ext' with build type 'ament_cmake'
[0.160s] INFO:colcon.colcon_cmake.task.cmake.build:Building CMake package in '/home/yuanyan/Robot/src/autonomous_exploration_development_environment/src/terrain_analysis_ext'
[0.160s] INFO:colcon.colcon_core.shell:Skip shell extension 'powershell' for command environment: Not usable outside of PowerShell
[0.160s] DEBUG:colcon.colcon_core.shell:Skip shell extension 'dsv' for command environment
[0.162s] INFO:colcon.colcon_ros.task.ament_cmake.build:Building ROS package in '/home/yuanyan/Robot/src/autonomous_exploration_development_environment/src/vehicle_simulator' with build type 'ament_cmake'
[0.162s] INFO:colcon.colcon_cmake.task.cmake.build:Building CMake package in '/home/yuanyan/Robot/src/autonomous_exploration_development_environment/src/vehicle_simulator'
[0.162s] INFO:colcon.colcon_core.shell:Skip shell extension 'powershell' for command environment: Not usable outside of PowerShell
[0.162s] DEBUG:colcon.colcon_core.shell:Skip shell extension 'dsv' for command environment
[0.164s] INFO:colcon.colcon_ros.task.ament_cmake.build:Building ROS package in '/home/yuanyan/Robot/src/autonomous_exploration_development_environment/src/visualization_tools' with build type 'ament_cmake'
[0.164s] INFO:colcon.colcon_cmake.task.cmake.build:Building CMake package in '/home/yuanyan/Robot/src/autonomous_exploration_development_environment/src/visualization_tools'
[0.164s] INFO:colcon.colcon_core.shell:Skip shell extension 'powershell' for command environment: Not usable outside of PowerShell
[0.164s] DEBUG:colcon.colcon_core.shell:Skip shell extension 'dsv' for command environment
[0.165s] INFO:colcon.colcon_ros.task.ament_cmake.build:Building ROS package in '/home/yuanyan/Robot/src/autonomous_exploration_development_environment/src/waypoint_example' with build type 'ament_cmake'
[0.166s] INFO:colcon.colcon_cmake.task.cmake.build:Building CMake package in '/home/yuanyan/Robot/src/autonomous_exploration_development_environment/src/waypoint_example'
[0.166s] INFO:colcon.colcon_core.shell:Skip shell extension 'powershell' for command environment: Not usable outside of PowerShell
[0.166s] DEBUG:colcon.colcon_core.shell:Skip shell extension 'dsv' for command environment
[0.167s] INFO:colcon.colcon_ros.task.ament_cmake.build:Building ROS package in '/home/yuanyan/Robot/src/autonomous_exploration_development_environment/src/waypoint_rviz_plugin' with build type 'ament_cmake'
[0.167s] INFO:colcon.colcon_cmake.task.cmake.build:Building CMake package in '/home/yuanyan/Robot/src/autonomous_exploration_development_environment/src/waypoint_rviz_plugin'
[0.167s] INFO:colcon.colcon_core.shell:Skip shell extension 'powershell' for command environment: Not usable outside of PowerShell
[0.167s] DEBUG:colcon.colcon_core.shell:Skip shell extension 'dsv' for command environment
[0.172s] DEBUG:colcon.colcon_core.event_handler.log_command:Invoking command in '/home/yuanyan/Robot/build/loam_interface': CMAKE_PREFIX_PATH=${CMAKE_PREFIX_PATH}:/opt/ros/jazzy DEBUGINFOD_URLS=https://debuginfod.ubuntu.com /usr/bin/cmake --build /home/yuanyan/Robot/build/loam_interface -- -j16 -l16
[0.174s] DEBUG:colcon.colcon_core.event_handler.log_command:Invoking command in '/home/yuanyan/Robot/build/local_planner': CMAKE_PREFIX_PATH=${CMAKE_PREFIX_PATH}:/opt/ros/jazzy DEBUGINFOD_URLS=https://debuginfod.ubuntu.com /usr/bin/cmake --build /home/yuanyan/Robot/build/local_planner -- -j16 -l16
[0.175s] DEBUG:colcon.colcon_core.event_handler.log_command:Invoking command in '/home/yuanyan/Robot/build/sensor_scan_generation': CMAKE_PREFIX_PATH=${CMAKE_PREFIX_PATH}:/opt/ros/jazzy DEBUGINFOD_URLS=https://debuginfod.ubuntu.com /usr/bin/cmake --build /home/yuanyan/Robot/build/sensor_scan_generation -- -j16 -l16
[0.176s] DEBUG:colcon.colcon_core.event_handler.log_command:Invoking command in '/home/yuanyan/Robot/build/terrain_analysis': CMAKE_PREFIX_PATH=${CMAKE_PREFIX_PATH}:/opt/ros/jazzy DEBUGINFOD_URLS=https://debuginfod.ubuntu.com /usr/bin/cmake --build /home/yuanyan/Robot/build/terrain_analysis -- -j16 -l16
[0.177s] DEBUG:colcon.colcon_core.event_handler.log_command:Invoking command in '/home/yuanyan/Robot/build/terrain_analysis_ext': CMAKE_PREFIX_PATH=${CMAKE_PREFIX_PATH}:/opt/ros/jazzy DEBUGINFOD_URLS=https://debuginfod.ubuntu.com /usr/bin/cmake --build /home/yuanyan/Robot/build/terrain_analysis_ext -- -j16 -l16
[0.180s] DEBUG:colcon.colcon_core.event_handler.log_command:Invoking command in '/home/yuanyan/Robot/build/vehicle_simulator': CMAKE_PREFIX_PATH=${CMAKE_PREFIX_PATH}:/opt/ros/jazzy DEBUGINFOD_URLS=https://debuginfod.ubuntu.com /usr/bin/cmake --build /home/yuanyan/Robot/build/vehicle_simulator -- -j16 -l16
[0.181s] DEBUG:colcon.colcon_core.event_handler.log_command:Invoking command in '/home/yuanyan/Robot/build/visualization_tools': CMAKE_PREFIX_PATH=${CMAKE_PREFIX_PATH}:/opt/ros/jazzy DEBUGINFOD_URLS=https://debuginfod.ubuntu.com /usr/bin/cmake --build /home/yuanyan/Robot/build/visualization_tools -- -j16 -l16
[0.183s] DEBUG:colcon.colcon_core.event_handler.log_command:Invoking command in '/home/yuanyan/Robot/build/waypoint_example': CMAKE_PREFIX_PATH=${CMAKE_PREFIX_PATH}:/opt/ros/jazzy DEBUGINFOD_URLS=https://debuginfod.ubuntu.com /usr/bin/cmake --build /home/yuanyan/Robot/build/waypoint_example -- -j16 -l16
[0.190s] DEBUG:colcon.colcon_core.event_handler.log_command:Invoking command in '/home/yuanyan/Robot/build/waypoint_rviz_plugin': CMAKE_PREFIX_PATH=${CMAKE_PREFIX_PATH}:/opt/ros/jazzy DEBUGINFOD_URLS=https://debuginfod.ubuntu.com /usr/bin/cmake --build /home/yuanyan/Robot/build/waypoint_rviz_plugin -- -j16 -l16
[0.233s] DEBUG:colcon.colcon_core.event_handler.log_command:Invoked command in '/home/yuanyan/Robot/build/terrain_analysis_ext' returned '0': CMAKE_PREFIX_PATH=${CMAKE_PREFIX_PATH}:/opt/ros/jazzy DEBUGINFOD_URLS=https://debuginfod.ubuntu.com /usr/bin/cmake --build /home/yuanyan/Robot/build/terrain_analysis_ext -- -j16 -l16
[0.239s] DEBUG:colcon.colcon_core.event_handler.log_command:Invoking command in '/home/yuanyan/Robot/build/terrain_analysis_ext': CMAKE_PREFIX_PATH=${CMAKE_PREFIX_PATH}:/opt/ros/jazzy DEBUGINFOD_URLS=https://debuginfod.ubuntu.com /usr/bin/cmake --install /home/yuanyan/Robot/build/terrain_analysis_ext
[0.240s] DEBUG:colcon.colcon_core.event_handler.log_command:Invoked command in '/home/yuanyan/Robot/build/sensor_scan_generation' returned '0': CMAKE_PREFIX_PATH=${CMAKE_PREFIX_PATH}:/opt/ros/jazzy DEBUGINFOD_URLS=https://debuginfod.ubuntu.com /usr/bin/cmake --build /home/yuanyan/Robot/build/sensor_scan_generation -- -j16 -l16
[0.241s] DEBUG:colcon.colcon_core.event_handler.log_command:Invoking command in '/home/yuanyan/Robot/build/sensor_scan_generation': CMAKE_PREFIX_PATH=${CMAKE_PREFIX_PATH}:/opt/ros/jazzy DEBUGINFOD_URLS=https://debuginfod.ubuntu.com /usr/bin/cmake --install /home/yuanyan/Robot/build/sensor_scan_generation
[0.241s] DEBUG:colcon.colcon_core.event_handler.log_command:Invoked command in '/home/yuanyan/Robot/build/loam_interface' returned '0': CMAKE_PREFIX_PATH=${CMAKE_PREFIX_PATH}:/opt/ros/jazzy DEBUGINFOD_URLS=https://debuginfod.ubuntu.com /usr/bin/cmake --build /home/yuanyan/Robot/build/loam_interface -- -j16 -l16
[0.242s] DEBUG:colcon.colcon_core.event_handler.log_command:Invoking command in '/home/yuanyan/Robot/build/loam_interface': CMAKE_PREFIX_PATH=${CMAKE_PREFIX_PATH}:/opt/ros/jazzy DEBUGINFOD_URLS=https://debuginfod.ubuntu.com /usr/bin/cmake --install /home/yuanyan/Robot/build/loam_interface
[0.243s] DEBUG:colcon.colcon_core.event_handler.log_command:Invoked command in '/home/yuanyan/Robot/build/terrain_analysis' returned '0': CMAKE_PREFIX_PATH=${CMAKE_PREFIX_PATH}:/opt/ros/jazzy DEBUGINFOD_URLS=https://debuginfod.ubuntu.com /usr/bin/cmake --build /home/yuanyan/Robot/build/terrain_analysis -- -j16 -l16
[0.244s] DEBUG:colcon.colcon_core.event_handler.log_command:Invoking command in '/home/yuanyan/Robot/build/terrain_analysis': CMAKE_PREFIX_PATH=${CMAKE_PREFIX_PATH}:/opt/ros/jazzy DEBUGINFOD_URLS=https://debuginfod.ubuntu.com /usr/bin/cmake --install /home/yuanyan/Robot/build/terrain_analysis
[0.245s] DEBUG:colcon.colcon_core.event_handler.log_command:Invoked command in '/home/yuanyan/Robot/build/local_planner' returned '0': CMAKE_PREFIX_PATH=${CMAKE_PREFIX_PATH}:/opt/ros/jazzy DEBUGINFOD_URLS=https://debuginfod.ubuntu.com /usr/bin/cmake --build /home/yuanyan/Robot/build/local_planner -- -j16 -l16
[0.246s] DEBUG:colcon.colcon_core.event_handler.log_command:Invoking command in '/home/yuanyan/Robot/build/local_planner': CMAKE_PREFIX_PATH=${CMAKE_PREFIX_PATH}:/opt/ros/jazzy DEBUGINFOD_URLS=https://debuginfod.ubuntu.com /usr/bin/cmake --install /home/yuanyan/Robot/build/local_planner
[0.253s] DEBUG:colcon.colcon_core.event_handler.log_command:Invoked command in '/home/yuanyan/Robot/build/waypoint_example' returned '0': CMAKE_PREFIX_PATH=${CMAKE_PREFIX_PATH}:/opt/ros/jazzy DEBUGINFOD_URLS=https://debuginfod.ubuntu.com /usr/bin/cmake --build /home/yuanyan/Robot/build/waypoint_example -- -j16 -l16
[0.255s] DEBUG:colcon.colcon_core.event_handler.log_command:Invoking command in '/home/yuanyan/Robot/build/waypoint_example': CMAKE_PREFIX_PATH=${CMAKE_PREFIX_PATH}:/opt/ros/jazzy DEBUGINFOD_URLS=https://debuginfod.ubuntu.com /usr/bin/cmake --install /home/yuanyan/Robot/build/waypoint_example
[0.260s] DEBUG:colcon.colcon_core.event_handler.log_command:Invoked command in '/home/yuanyan/Robot/build/vehicle_simulator' returned '0': CMAKE_PREFIX_PATH=${CMAKE_PREFIX_PATH}:/opt/ros/jazzy DEBUGINFOD_URLS=https://debuginfod.ubuntu.com /usr/bin/cmake --build /home/yuanyan/Robot/build/vehicle_simulator -- -j16 -l16
[0.261s] Level 1:colcon.colcon_core.environment:create_environment_scripts_only(loam_interface)
[0.262s] DEBUG:colcon.colcon_core.event_handler.log_command:Invoking command in '/home/yuanyan/Robot/build/vehicle_simulator': CMAKE_PREFIX_PATH=${CMAKE_PREFIX_PATH}:/opt/ros/jazzy DEBUGINFOD_URLS=https://debuginfod.ubuntu.com /usr/bin/cmake --install /home/yuanyan/Robot/build/vehicle_simulator
[0.262s] DEBUG:colcon.colcon_core.event_handler.log_command:Invoked command in '/home/yuanyan/Robot/build/loam_interface' returned '0': CMAKE_PREFIX_PATH=${CMAKE_PREFIX_PATH}:/opt/ros/jazzy DEBUGINFOD_URLS=https://debuginfod.ubuntu.com /usr/bin/cmake --install /home/yuanyan/Robot/build/loam_interface
[0.265s] Level 1:colcon.colcon_core.environment:checking '/home/yuanyan/Robot/install/loam_interface' for CMake module files
[0.266s] Level 1:colcon.colcon_core.environment:checking '/home/yuanyan/Robot/install/loam_interface' for CMake config files
[0.267s] Level 1:colcon.colcon_core.shell:create_environment_hook('loam_interface', 'cmake_prefix_path')
[0.267s] INFO:colcon.colcon_core.shell:Creating environment hook '/home/yuanyan/Robot/install/loam_interface/share/loam_interface/hook/cmake_prefix_path.ps1'
[0.267s] INFO:colcon.colcon_core.shell:Creating environment descriptor '/home/yuanyan/Robot/install/loam_interface/share/loam_interface/hook/cmake_prefix_path.dsv'
[0.269s] INFO:colcon.colcon_core.shell:Creating environment hook '/home/yuanyan/Robot/install/loam_interface/share/loam_interface/hook/cmake_prefix_path.sh'
[0.271s] Level 1:colcon.colcon_core.environment:checking '/home/yuanyan/Robot/install/loam_interface/lib'
[0.272s] Level 1:colcon.colcon_core.environment:checking '/home/yuanyan/Robot/install/loam_interface/bin'
[0.272s] Level 1:colcon.colcon_core.environment:checking '/home/yuanyan/Robot/install/loam_interface/lib/pkgconfig/loam_interface.pc'
[0.272s] Level 1:colcon.colcon_core.environment:checking '/home/yuanyan/Robot/install/loam_interface/lib/python3.12/site-packages'
[0.272s] Level 1:colcon.colcon_core.environment:checking '/home/yuanyan/Robot/install/loam_interface/bin'
[0.273s] INFO:colcon.colcon_core.shell:Creating package script '/home/yuanyan/Robot/install/loam_interface/share/loam_interface/package.ps1'
[0.275s] INFO:colcon.colcon_core.shell:Creating package descriptor '/home/yuanyan/Robot/install/loam_interface/share/loam_interface/package.dsv'
[0.277s] INFO:colcon.colcon_core.shell:Creating package script '/home/yuanyan/Robot/install/loam_interface/share/loam_interface/package.sh'
[0.279s] INFO:colcon.colcon_core.shell:Creating package script '/home/yuanyan/Robot/install/loam_interface/share/loam_interface/package.bash'
[0.281s] INFO:colcon.colcon_core.shell:Creating package script '/home/yuanyan/Robot/install/loam_interface/share/loam_interface/package.zsh'
[0.281s] Level 1:colcon.colcon_core.environment:create_file_with_runtime_dependencies(/home/yuanyan/Robot/install/loam_interface/share/colcon-core/packages/loam_interface)
[0.282s] Level 1:colcon.colcon_core.environment:create_environment_scripts_only(loam_interface)
[0.282s] Level 1:colcon.colcon_core.environment:checking '/home/yuanyan/Robot/install/loam_interface' for CMake module files
[0.282s] Level 1:colcon.colcon_core.environment:checking '/home/yuanyan/Robot/install/loam_interface' for CMake config files
[0.282s] Level 1:colcon.colcon_core.shell:create_environment_hook('loam_interface', 'cmake_prefix_path')
[0.282s] INFO:colcon.colcon_core.shell:Creating environment hook '/home/yuanyan/Robot/install/loam_interface/share/loam_interface/hook/cmake_prefix_path.ps1'
[0.283s] INFO:colcon.colcon_core.shell:Creating environment descriptor '/home/yuanyan/Robot/install/loam_interface/share/loam_interface/hook/cmake_prefix_path.dsv'
[0.283s] INFO:colcon.colcon_core.shell:Creating environment hook '/home/yuanyan/Robot/install/loam_interface/share/loam_interface/hook/cmake_prefix_path.sh'
[0.283s] Level 1:colcon.colcon_core.environment:checking '/home/yuanyan/Robot/install/loam_interface/lib'
[0.283s] Level 1:colcon.colcon_core.environment:checking '/home/yuanyan/Robot/install/loam_interface/bin'
[0.283s] Level 1:colcon.colcon_core.environment:checking '/home/yuanyan/Robot/install/loam_interface/lib/pkgconfig/loam_interface.pc'
[0.283s] Level 1:colcon.colcon_core.environment:checking '/home/yuanyan/Robot/install/loam_interface/lib/python3.12/site-packages'
[0.283s] Level 1:colcon.colcon_core.environment:checking '/home/yuanyan/Robot/install/loam_interface/bin'
[0.284s] INFO:colcon.colcon_core.shell:Creating package script '/home/yuanyan/Robot/install/loam_interface/share/loam_interface/package.ps1'
[0.284s] INFO:colcon.colcon_core.shell:Creating package descriptor '/home/yuanyan/Robot/install/loam_interface/share/loam_interface/package.dsv'
[0.284s] INFO:colcon.colcon_core.shell:Creating package script '/home/yuanyan/Robot/install/loam_interface/share/loam_interface/package.sh'
[0.284s] INFO:colcon.colcon_core.shell:Creating package script '/home/yuanyan/Robot/install/loam_interface/share/loam_interface/package.bash'
[0.285s] INFO:colcon.colcon_core.shell:Creating package script '/home/yuanyan/Robot/install/loam_interface/share/loam_interface/package.zsh'
[0.285s] Level 1:colcon.colcon_core.environment:create_file_with_runtime_dependencies(/home/yuanyan/Robot/install/loam_interface/share/colcon-core/packages/loam_interface)
[0.285s] Level 1:colcon.colcon_core.environment:create_environment_scripts_only(terrain_analysis_ext)
[0.285s] Level 1:colcon.colcon_core.environment:checking '/home/yuanyan/Robot/install/terrain_analysis_ext' for CMake module files
[0.286s] DEBUG:colcon.colcon_core.event_handler.log_command:Invoked command in '/home/yuanyan/Robot/build/terrain_analysis_ext' returned '0': CMAKE_PREFIX_PATH=${CMAKE_PREFIX_PATH}:/opt/ros/jazzy DEBUGINFOD_URLS=https://debuginfod.ubuntu.com /usr/bin/cmake --install /home/yuanyan/Robot/build/terrain_analysis_ext
[0.286s] Level 1:colcon.colcon_core.environment:checking '/home/yuanyan/Robot/install/terrain_analysis_ext' for CMake config files
[0.286s] Level 1:colcon.colcon_core.shell:create_environment_hook('terrain_analysis_ext', 'cmake_prefix_path')
[0.286s] INFO:colcon.colcon_core.shell:Creating environment hook '/home/yuanyan/Robot/install/terrain_analysis_ext/share/terrain_analysis_ext/hook/cmake_prefix_path.ps1'
[0.286s] INFO:colcon.colcon_core.shell:Creating environment descriptor '/home/yuanyan/Robot/install/terrain_analysis_ext/share/terrain_analysis_ext/hook/cmake_prefix_path.dsv'
[0.287s] INFO:colcon.colcon_core.shell:Creating environment hook '/home/yuanyan/Robot/install/terrain_analysis_ext/share/terrain_analysis_ext/hook/cmake_prefix_path.sh'
[0.287s] Level 1:colcon.colcon_core.environment:checking '/home/yuanyan/Robot/install/terrain_analysis_ext/lib'
[0.287s] Level 1:colcon.colcon_core.environment:checking '/home/yuanyan/Robot/install/terrain_analysis_ext/bin'
[0.287s] Level 1:colcon.colcon_core.environment:checking '/home/yuanyan/Robot/install/terrain_analysis_ext/lib/pkgconfig/terrain_analysis_ext.pc'
[0.287s] Level 1:colcon.colcon_core.environment:checking '/home/yuanyan/Robot/install/terrain_analysis_ext/lib/python3.12/site-packages'
[0.287s] Level 1:colcon.colcon_core.environment:checking '/home/yuanyan/Robot/install/terrain_analysis_ext/bin'
[0.287s] INFO:colcon.colcon_core.shell:Creating package script '/home/yuanyan/Robot/install/terrain_analysis_ext/share/terrain_analysis_ext/package.ps1'
[0.288s] INFO:colcon.colcon_core.shell:Creating package descriptor '/home/yuanyan/Robot/install/terrain_analysis_ext/share/terrain_analysis_ext/package.dsv'
[0.288s] INFO:colcon.colcon_core.shell:Creating package script '/home/yuanyan/Robot/install/terrain_analysis_ext/share/terrain_analysis_ext/package.sh'
[0.288s] INFO:colcon.colcon_core.shell:Creating package script '/home/yuanyan/Robot/install/terrain_analysis_ext/share/terrain_analysis_ext/package.bash'
[0.288s] INFO:colcon.colcon_core.shell:Creating package script '/home/yuanyan/Robot/install/terrain_analysis_ext/share/terrain_analysis_ext/package.zsh'
[0.289s] Level 1:colcon.colcon_core.environment:create_file_with_runtime_dependencies(/home/yuanyan/Robot/install/terrain_analysis_ext/share/colcon-core/packages/terrain_analysis_ext)
[0.289s] Level 1:colcon.colcon_core.environment:create_environment_scripts_only(terrain_analysis_ext)
[0.289s] Level 1:colcon.colcon_core.environment:checking '/home/yuanyan/Robot/install/terrain_analysis_ext' for CMake module files
[0.289s] Level 1:colcon.colcon_core.environment:checking '/home/yuanyan/Robot/install/terrain_analysis_ext' for CMake config files
[0.289s] Level 1:colcon.colcon_core.shell:create_environment_hook('terrain_analysis_ext', 'cmake_prefix_path')
[0.289s] INFO:colcon.colcon_core.shell:Creating environment hook '/home/yuanyan/Robot/install/terrain_analysis_ext/share/terrain_analysis_ext/hook/cmake_prefix_path.ps1'
[0.290s] INFO:colcon.colcon_core.shell:Creating environment descriptor '/home/yuanyan/Robot/install/terrain_analysis_ext/share/terrain_analysis_ext/hook/cmake_prefix_path.dsv'
[0.290s] INFO:colcon.colcon_core.shell:Creating environment hook '/home/yuanyan/Robot/install/terrain_analysis_ext/share/terrain_analysis_ext/hook/cmake_prefix_path.sh'
[0.290s] Level 1:colcon.colcon_core.environment:checking '/home/yuanyan/Robot/install/terrain_analysis_ext/lib'
[0.290s] Level 1:colcon.colcon_core.environment:checking '/home/yuanyan/Robot/install/terrain_analysis_ext/bin'
[0.290s] Level 1:colcon.colcon_core.environment:checking '/home/yuanyan/Robot/install/terrain_analysis_ext/lib/pkgconfig/terrain_analysis_ext.pc'
[0.290s] Level 1:colcon.colcon_core.environment:checking '/home/yuanyan/Robot/install/terrain_analysis_ext/lib/python3.12/site-packages'
[0.290s] Level 1:colcon.colcon_core.environment:checking '/home/yuanyan/Robot/install/terrain_analysis_ext/bin'
[0.291s] INFO:colcon.colcon_core.shell:Creating package script '/home/yuanyan/Robot/install/terrain_analysis_ext/share/terrain_analysis_ext/package.ps1'
[0.291s] INFO:colcon.colcon_core.shell:Creating package descriptor '/home/yuanyan/Robot/install/terrain_analysis_ext/share/terrain_analysis_ext/package.dsv'
[0.291s] INFO:colcon.colcon_core.shell:Creating package script '/home/yuanyan/Robot/install/terrain_analysis_ext/share/terrain_analysis_ext/package.sh'
[0.291s] INFO:colcon.colcon_core.shell:Creating package script '/home/yuanyan/Robot/install/terrain_analysis_ext/share/terrain_analysis_ext/package.bash'
[0.291s] INFO:colcon.colcon_core.shell:Creating package script '/home/yuanyan/Robot/install/terrain_analysis_ext/share/terrain_analysis_ext/package.zsh'
[0.292s] Level 1:colcon.colcon_core.environment:create_file_with_runtime_dependencies(/home/yuanyan/Robot/install/terrain_analysis_ext/share/colcon-core/packages/terrain_analysis_ext)
[0.292s] Level 1:colcon.colcon_core.environment:create_environment_scripts_only(sensor_scan_generation)
[0.292s] Level 1:colcon.colcon_core.environment:checking '/home/yuanyan/Robot/install/sensor_scan_generation' for CMake module files
[0.293s] DEBUG:colcon.colcon_core.event_handler.log_command:Invoked command in '/home/yuanyan/Robot/build/sensor_scan_generation' returned '0': CMAKE_PREFIX_PATH=${CMAKE_PREFIX_PATH}:/opt/ros/jazzy DEBUGINFOD_URLS=https://debuginfod.ubuntu.com /usr/bin/cmake --install /home/yuanyan/Robot/build/sensor_scan_generation
[0.293s] Level 1:colcon.colcon_core.environment:checking '/home/yuanyan/Robot/install/sensor_scan_generation' for CMake config files
[0.293s] Level 1:colcon.colcon_core.shell:create_environment_hook('sensor_scan_generation', 'cmake_prefix_path')
[0.293s] INFO:colcon.colcon_core.shell:Creating environment hook '/home/yuanyan/Robot/install/sensor_scan_generation/share/sensor_scan_generation/hook/cmake_prefix_path.ps1'
[0.293s] INFO:colcon.colcon_core.shell:Creating environment descriptor '/home/yuanyan/Robot/install/sensor_scan_generation/share/sensor_scan_generation/hook/cmake_prefix_path.dsv'
[0.294s] INFO:colcon.colcon_core.shell:Creating environment hook '/home/yuanyan/Robot/install/sensor_scan_generation/share/sensor_scan_generation/hook/cmake_prefix_path.sh'
[0.294s] Level 1:colcon.colcon_core.environment:checking '/home/yuanyan/Robot/install/sensor_scan_generation/lib'
[0.294s] Level 1:colcon.colcon_core.environment:checking '/home/yuanyan/Robot/install/sensor_scan_generation/bin'
[0.294s] Level 1:colcon.colcon_core.environment:checking '/home/yuanyan/Robot/install/sensor_scan_generation/lib/pkgconfig/sensor_scan_generation.pc'
[0.294s] Level 1:colcon.colcon_core.environment:checking '/home/yuanyan/Robot/install/sensor_scan_generation/lib/python3.12/site-packages'
[0.294s] Level 1:colcon.colcon_core.environment:checking '/home/yuanyan/Robot/install/sensor_scan_generation/bin'
[0.294s] INFO:colcon.colcon_core.shell:Creating package script '/home/yuanyan/Robot/install/sensor_scan_generation/share/sensor_scan_generation/package.ps1'
[0.295s] INFO:colcon.colcon_core.shell:Creating package descriptor '/home/yuanyan/Robot/install/sensor_scan_generation/share/sensor_scan_generation/package.dsv'
[0.295s] INFO:colcon.colcon_core.shell:Creating package script '/home/yuanyan/Robot/install/sensor_scan_generation/share/sensor_scan_generation/package.sh'
[0.295s] INFO:colcon.colcon_core.shell:Creating package script '/home/yuanyan/Robot/install/sensor_scan_generation/share/sensor_scan_generation/package.bash'
[0.295s] INFO:colcon.colcon_core.shell:Creating package script '/home/yuanyan/Robot/install/sensor_scan_generation/share/sensor_scan_generation/package.zsh'
[0.295s] Level 1:colcon.colcon_core.environment:create_file_with_runtime_dependencies(/home/yuanyan/Robot/install/sensor_scan_generation/share/colcon-core/packages/sensor_scan_generation)
[0.296s] Level 1:colcon.colcon_core.environment:create_environment_scripts_only(sensor_scan_generation)
[0.296s] Level 1:colcon.colcon_core.environment:checking '/home/yuanyan/Robot/install/sensor_scan_generation' for CMake module files
[0.296s] Level 1:colcon.colcon_core.environment:checking '/home/yuanyan/Robot/install/sensor_scan_generation' for CMake config files
[0.296s] Level 1:colcon.colcon_core.shell:create_environment_hook('sensor_scan_generation', 'cmake_prefix_path')
[0.296s] INFO:colcon.colcon_core.shell:Creating environment hook '/home/yuanyan/Robot/install/sensor_scan_generation/share/sensor_scan_generation/hook/cmake_prefix_path.ps1'
[0.296s] INFO:colcon.colcon_core.shell:Creating environment descriptor '/home/yuanyan/Robot/install/sensor_scan_generation/share/sensor_scan_generation/hook/cmake_prefix_path.dsv'
[0.297s] INFO:colcon.colcon_core.shell:Creating environment hook '/home/yuanyan/Robot/install/sensor_scan_generation/share/sensor_scan_generation/hook/cmake_prefix_path.sh'
[0.297s] Level 1:colcon.colcon_core.environment:checking '/home/yuanyan/Robot/install/sensor_scan_generation/lib'
[0.297s] Level 1:colcon.colcon_core.environment:checking '/home/yuanyan/Robot/install/sensor_scan_generation/bin'
[0.297s] Level 1:colcon.colcon_core.environment:checking '/home/yuanyan/Robot/install/sensor_scan_generation/lib/pkgconfig/sensor_scan_generation.pc'
[0.297s] Level 1:colcon.colcon_core.environment:checking '/home/yuanyan/Robot/install/sensor_scan_generation/lib/python3.12/site-packages'
[0.297s] Level 1:colcon.colcon_core.environment:checking '/home/yuanyan/Robot/install/sensor_scan_generation/bin'
[0.297s] INFO:colcon.colcon_core.shell:Creating package script '/home/yuanyan/Robot/install/sensor_scan_generation/share/sensor_scan_generation/package.ps1'
[0.298s] INFO:colcon.colcon_core.shell:Creating package descriptor '/home/yuanyan/Robot/install/sensor_scan_generation/share/sensor_scan_generation/package.dsv'
[0.298s] INFO:colcon.colcon_core.shell:Creating package script '/home/yuanyan/Robot/install/sensor_scan_generation/share/sensor_scan_generation/package.sh'
[0.298s] INFO:colcon.colcon_core.shell:Creating package script '/home/yuanyan/Robot/install/sensor_scan_generation/share/sensor_scan_generation/package.bash'
[0.298s] INFO:colcon.colcon_core.shell:Creating package script '/home/yuanyan/Robot/install/sensor_scan_generation/share/sensor_scan_generation/package.zsh'
[0.298s] Level 1:colcon.colcon_core.environment:create_file_with_runtime_dependencies(/home/yuanyan/Robot/install/sensor_scan_generation/share/colcon-core/packages/sensor_scan_generation)
[0.299s] Level 1:colcon.colcon_core.environment:create_environment_scripts_only(terrain_analysis)
[0.299s] Level 1:colcon.colcon_core.environment:checking '/home/yuanyan/Robot/install/terrain_analysis' for CMake module files
[0.299s] DEBUG:colcon.colcon_core.event_handler.log_command:Invoked command in '/home/yuanyan/Robot/build/terrain_analysis' returned '0': CMAKE_PREFIX_PATH=${CMAKE_PREFIX_PATH}:/opt/ros/jazzy DEBUGINFOD_URLS=https://debuginfod.ubuntu.com /usr/bin/cmake --install /home/yuanyan/Robot/build/terrain_analysis
[0.299s] Level 1:colcon.colcon_core.environment:checking '/home/yuanyan/Robot/install/terrain_analysis' for CMake config files
[0.300s] Level 1:colcon.colcon_core.shell:create_environment_hook('terrain_analysis', 'cmake_prefix_path')
[0.300s] INFO:colcon.colcon_core.shell:Creating environment hook '/home/yuanyan/Robot/install/terrain_analysis/share/terrain_analysis/hook/cmake_prefix_path.ps1'
[0.300s] INFO:colcon.colcon_core.shell:Creating environment descriptor '/home/yuanyan/Robot/install/terrain_analysis/share/terrain_analysis/hook/cmake_prefix_path.dsv'
[0.300s] INFO:colcon.colcon_core.shell:Creating environment hook '/home/yuanyan/Robot/install/terrain_analysis/share/terrain_analysis/hook/cmake_prefix_path.sh'
[0.300s] Level 1:colcon.colcon_core.environment:checking '/home/yuanyan/Robot/install/terrain_analysis/lib'
[0.300s] Level 1:colcon.colcon_core.environment:checking '/home/yuanyan/Robot/install/terrain_analysis/bin'
[0.300s] Level 1:colcon.colcon_core.environment:checking '/home/yuanyan/Robot/install/terrain_analysis/lib/pkgconfig/terrain_analysis.pc'
[0.301s] Level 1:colcon.colcon_core.environment:checking '/home/yuanyan/Robot/install/terrain_analysis/lib/python3.12/site-packages'
[0.301s] Level 1:colcon.colcon_core.environment:checking '/home/yuanyan/Robot/install/terrain_analysis/bin'
[0.301s] INFO:colcon.colcon_core.shell:Creating package script '/home/yuanyan/Robot/install/terrain_analysis/share/terrain_analysis/package.ps1'
[0.301s] INFO:colcon.colcon_core.shell:Creating package descriptor '/home/yuanyan/Robot/install/terrain_analysis/share/terrain_analysis/package.dsv'
[0.301s] INFO:colcon.colcon_core.shell:Creating package script '/home/yuanyan/Robot/install/terrain_analysis/share/terrain_analysis/package.sh'
[0.301s] INFO:colcon.colcon_core.shell:Creating package script '/home/yuanyan/Robot/install/terrain_analysis/share/terrain_analysis/package.bash'
[0.302s] INFO:colcon.colcon_core.shell:Creating package script '/home/yuanyan/Robot/install/terrain_analysis/share/terrain_analysis/package.zsh'
[0.302s] Level 1:colcon.colcon_core.environment:create_file_with_runtime_dependencies(/home/yuanyan/Robot/install/terrain_analysis/share/colcon-core/packages/terrain_analysis)
[0.302s] Level 1:colcon.colcon_core.environment:create_environment_scripts_only(terrain_analysis)
[0.302s] Level 1:colcon.colcon_core.environment:checking '/home/yuanyan/Robot/install/terrain_analysis' for CMake module files
[0.302s] Level 1:colcon.colcon_core.environment:checking '/home/yuanyan/Robot/install/terrain_analysis' for CMake config files
[0.302s] Level 1:colcon.colcon_core.shell:create_environment_hook('terrain_analysis', 'cmake_prefix_path')
[0.302s] INFO:colcon.colcon_core.shell:Creating environment hook '/home/yuanyan/Robot/install/terrain_analysis/share/terrain_analysis/hook/cmake_prefix_path.ps1'
[0.303s] INFO:colcon.colcon_core.shell:Creating environment descriptor '/home/yuanyan/Robot/install/terrain_analysis/share/terrain_analysis/hook/cmake_prefix_path.dsv'
[0.303s] INFO:colcon.colcon_core.shell:Creating environment hook '/home/yuanyan/Robot/install/terrain_analysis/share/terrain_analysis/hook/cmake_prefix_path.sh'
[0.303s] Level 1:colcon.colcon_core.environment:checking '/home/yuanyan/Robot/install/terrain_analysis/lib'
[0.303s] Level 1:colcon.colcon_core.environment:checking '/home/yuanyan/Robot/install/terrain_analysis/bin'
[0.303s] Level 1:colcon.colcon_core.environment:checking '/home/yuanyan/Robot/install/terrain_analysis/lib/pkgconfig/terrain_analysis.pc'
[0.303s] Level 1:colcon.colcon_core.environment:checking '/home/yuanyan/Robot/install/terrain_analysis/lib/python3.12/site-packages'
[0.303s] Level 1:colcon.colcon_core.environment:checking '/home/yuanyan/Robot/install/terrain_analysis/bin'
[0.304s] INFO:colcon.colcon_core.shell:Creating package script '/home/yuanyan/Robot/install/terrain_analysis/share/terrain_analysis/package.ps1'
[0.304s] INFO:colcon.colcon_core.shell:Creating package descriptor '/home/yuanyan/Robot/install/terrain_analysis/share/terrain_analysis/package.dsv'
[0.304s] INFO:colcon.colcon_core.shell:Creating package script '/home/yuanyan/Robot/install/terrain_analysis/share/terrain_analysis/package.sh'
[0.304s] INFO:colcon.colcon_core.shell:Creating package script '/home/yuanyan/Robot/install/terrain_analysis/share/terrain_analysis/package.bash'
[0.304s] INFO:colcon.colcon_core.shell:Creating package script '/home/yuanyan/Robot/install/terrain_analysis/share/terrain_analysis/package.zsh'
[0.305s] Level 1:colcon.colcon_core.environment:create_file_with_runtime_dependencies(/home/yuanyan/Robot/install/terrain_analysis/share/colcon-core/packages/terrain_analysis)
[0.305s] Level 1:colcon.colcon_core.environment:create_environment_scripts_only(local_planner)
[0.305s] Level 1:colcon.colcon_core.environment:checking '/home/yuanyan/Robot/install/local_planner' for CMake module files
[0.305s] DEBUG:colcon.colcon_core.event_handler.log_command:Invoked command in '/home/yuanyan/Robot/build/local_planner' returned '0': CMAKE_PREFIX_PATH=${CMAKE_PREFIX_PATH}:/opt/ros/jazzy DEBUGINFOD_URLS=https://debuginfod.ubuntu.com /usr/bin/cmake --install /home/yuanyan/Robot/build/local_planner
[0.306s] Level 1:colcon.colcon_core.environment:checking '/home/yuanyan/Robot/install/local_planner' for CMake config files
[0.306s] Level 1:colcon.colcon_core.shell:create_environment_hook('local_planner', 'cmake_prefix_path')
[0.306s] INFO:colcon.colcon_core.shell:Creating environment hook '/home/yuanyan/Robot/install/local_planner/share/local_planner/hook/cmake_prefix_path.ps1'
[0.306s] INFO:colcon.colcon_core.shell:Creating environment descriptor '/home/yuanyan/Robot/install/local_planner/share/local_planner/hook/cmake_prefix_path.dsv'
[0.306s] INFO:colcon.colcon_core.shell:Creating environment hook '/home/yuanyan/Robot/install/local_planner/share/local_planner/hook/cmake_prefix_path.sh'
[0.307s] Level 1:colcon.colcon_core.environment:checking '/home/yuanyan/Robot/install/local_planner/lib'
[0.307s] Level 1:colcon.colcon_core.environment:checking '/home/yuanyan/Robot/install/local_planner/bin'
[0.307s] Level 1:colcon.colcon_core.environment:checking '/home/yuanyan/Robot/install/local_planner/lib/pkgconfig/local_planner.pc'
[0.307s] Level 1:colcon.colcon_core.environment:checking '/home/yuanyan/Robot/install/local_planner/lib/python3.12/site-packages'
[0.307s] Level 1:colcon.colcon_core.environment:checking '/home/yuanyan/Robot/install/local_planner/bin'
[0.307s] INFO:colcon.colcon_core.shell:Creating package script '/home/yuanyan/Robot/install/local_planner/share/local_planner/package.ps1'
[0.307s] INFO:colcon.colcon_core.shell:Creating package descriptor '/home/yuanyan/Robot/install/local_planner/share/local_planner/package.dsv'
[0.307s] INFO:colcon.colcon_core.shell:Creating package script '/home/yuanyan/Robot/install/local_planner/share/local_planner/package.sh'
[0.308s] INFO:colcon.colcon_core.shell:Creating package script '/home/yuanyan/Robot/install/local_planner/share/local_planner/package.bash'
[0.308s] INFO:colcon.colcon_core.shell:Creating package script '/home/yuanyan/Robot/install/local_planner/share/local_planner/package.zsh'
[0.308s] Level 1:colcon.colcon_core.environment:create_file_with_runtime_dependencies(/home/yuanyan/Robot/install/local_planner/share/colcon-core/packages/local_planner)
[0.308s] Level 1:colcon.colcon_core.environment:create_environment_scripts_only(local_planner)
[0.308s] Level 1:colcon.colcon_core.environment:checking '/home/yuanyan/Robot/install/local_planner' for CMake module files
[0.308s] Level 1:colcon.colcon_core.environment:checking '/home/yuanyan/Robot/install/local_planner' for CMake config files
[0.309s] Level 1:colcon.colcon_core.shell:create_environment_hook('local_planner', 'cmake_prefix_path')
[0.309s] INFO:colcon.colcon_core.shell:Creating environment hook '/home/yuanyan/Robot/install/local_planner/share/local_planner/hook/cmake_prefix_path.ps1'
[0.309s] INFO:colcon.colcon_core.shell:Creating environment descriptor '/home/yuanyan/Robot/install/local_planner/share/local_planner/hook/cmake_prefix_path.dsv'
[0.309s] INFO:colcon.colcon_core.shell:Creating environment hook '/home/yuanyan/Robot/install/local_planner/share/local_planner/hook/cmake_prefix_path.sh'
[0.309s] Level 1:colcon.colcon_core.environment:checking '/home/yuanyan/Robot/install/local_planner/lib'
[0.309s] Level 1:colcon.colcon_core.environment:checking '/home/yuanyan/Robot/install/local_planner/bin'
[0.309s] Level 1:colcon.colcon_core.environment:checking '/home/yuanyan/Robot/install/local_planner/lib/pkgconfig/local_planner.pc'
[0.310s] Level 1:colcon.colcon_core.environment:checking '/home/yuanyan/Robot/install/local_planner/lib/python3.12/site-packages'
[0.310s] Level 1:colcon.colcon_core.environment:checking '/home/yuanyan/Robot/install/local_planner/bin'
[0.310s] INFO:colcon.colcon_core.shell:Creating package script '/home/yuanyan/Robot/install/local_planner/share/local_planner/package.ps1'
[0.310s] INFO:colcon.colcon_core.shell:Creating package descriptor '/home/yuanyan/Robot/install/local_planner/share/local_planner/package.dsv'
[0.310s] INFO:colcon.colcon_core.shell:Creating package script '/home/yuanyan/Robot/install/local_planner/share/local_planner/package.sh'
[0.310s] INFO:colcon.colcon_core.shell:Creating package script '/home/yuanyan/Robot/install/local_planner/share/local_planner/package.bash'
[0.311s] INFO:colcon.colcon_core.shell:Creating package script '/home/yuanyan/Robot/install/local_planner/share/local_planner/package.zsh'
[0.311s] Level 1:colcon.colcon_core.environment:create_file_with_runtime_dependencies(/home/yuanyan/Robot/install/local_planner/share/colcon-core/packages/local_planner)
[0.311s] Level 1:colcon.colcon_core.environment:create_environment_scripts_only(waypoint_example)
[0.311s] Level 1:colcon.colcon_core.environment:checking '/home/yuanyan/Robot/install/waypoint_example' for CMake module files
[0.311s] DEBUG:colcon.colcon_core.event_handler.log_command:Invoked command in '/home/yuanyan/Robot/build/waypoint_example' returned '0': CMAKE_PREFIX_PATH=${CMAKE_PREFIX_PATH}:/opt/ros/jazzy DEBUGINFOD_URLS=https://debuginfod.ubuntu.com /usr/bin/cmake --install /home/yuanyan/Robot/build/waypoint_example
[0.312s] Level 1:colcon.colcon_core.environment:checking '/home/yuanyan/Robot/install/waypoint_example' for CMake config files
[0.312s] Level 1:colcon.colcon_core.shell:create_environment_hook('waypoint_example', 'cmake_prefix_path')
[0.312s] INFO:colcon.colcon_core.shell:Creating environment hook '/home/yuanyan/Robot/install/waypoint_example/share/waypoint_example/hook/cmake_prefix_path.ps1'
[0.312s] INFO:colcon.colcon_core.shell:Creating environment descriptor '/home/yuanyan/Robot/install/waypoint_example/share/waypoint_example/hook/cmake_prefix_path.dsv'
[0.312s] INFO:colcon.colcon_core.shell:Creating environment hook '/home/yuanyan/Robot/install/waypoint_example/share/waypoint_example/hook/cmake_prefix_path.sh'
[0.313s] Level 1:colcon.colcon_core.environment:checking '/home/yuanyan/Robot/install/waypoint_example/lib'
[0.313s] Level 1:colcon.colcon_core.environment:checking '/home/yuanyan/Robot/install/waypoint_example/bin'
[0.313s] Level 1:colcon.colcon_core.environment:checking '/home/yuanyan/Robot/install/waypoint_example/lib/pkgconfig/waypoint_example.pc'
[0.313s] Level 1:colcon.colcon_core.environment:checking '/home/yuanyan/Robot/install/waypoint_example/lib/python3.12/site-packages'
[0.313s] Level 1:colcon.colcon_core.environment:checking '/home/yuanyan/Robot/install/waypoint_example/bin'
[0.313s] INFO:colcon.colcon_core.shell:Creating package script '/home/yuanyan/Robot/install/waypoint_example/share/waypoint_example/package.ps1'
[0.313s] INFO:colcon.colcon_core.shell:Creating package descriptor '/home/yuanyan/Robot/install/waypoint_example/share/waypoint_example/package.dsv'
[0.314s] INFO:colcon.colcon_core.shell:Creating package script '/home/yuanyan/Robot/install/waypoint_example/share/waypoint_example/package.sh'
[0.314s] INFO:colcon.colcon_core.shell:Creating package script '/home/yuanyan/Robot/install/waypoint_example/share/waypoint_example/package.bash'
[0.314s] INFO:colcon.colcon_core.shell:Creating package script '/home/yuanyan/Robot/install/waypoint_example/share/waypoint_example/package.zsh'
[0.314s] Level 1:colcon.colcon_core.environment:create_file_with_runtime_dependencies(/home/yuanyan/Robot/install/waypoint_example/share/colcon-core/packages/waypoint_example)
[0.314s] Level 1:colcon.colcon_core.environment:create_environment_scripts_only(waypoint_example)
[0.314s] Level 1:colcon.colcon_core.environment:checking '/home/yuanyan/Robot/install/waypoint_example' for CMake module files
[0.315s] Level 1:colcon.colcon_core.environment:checking '/home/yuanyan/Robot/install/waypoint_example' for CMake config files
[0.315s] Level 1:colcon.colcon_core.shell:create_environment_hook('waypoint_example', 'cmake_prefix_path')
[0.315s] INFO:colcon.colcon_core.shell:Creating environment hook '/home/yuanyan/Robot/install/waypoint_example/share/waypoint_example/hook/cmake_prefix_path.ps1'
[0.315s] INFO:colcon.colcon_core.shell:Creating environment descriptor '/home/yuanyan/Robot/install/waypoint_example/share/waypoint_example/hook/cmake_prefix_path.dsv'
[0.315s] INFO:colcon.colcon_core.shell:Creating environment hook '/home/yuanyan/Robot/install/waypoint_example/share/waypoint_example/hook/cmake_prefix_path.sh'
[0.316s] Level 1:colcon.colcon_core.environment:checking '/home/yuanyan/Robot/install/waypoint_example/lib'
[0.316s] Level 1:colcon.colcon_core.environment:checking '/home/yuanyan/Robot/install/waypoint_example/bin'
[0.316s] Level 1:colcon.colcon_core.environment:checking '/home/yuanyan/Robot/install/waypoint_example/lib/pkgconfig/waypoint_example.pc'
[0.316s] Level 1:colcon.colcon_core.environment:checking '/home/yuanyan/Robot/install/waypoint_example/lib/python3.12/site-packages'
[0.316s] Level 1:colcon.colcon_core.environment:checking '/home/yuanyan/Robot/install/waypoint_example/bin'
[0.316s] INFO:colcon.colcon_core.shell:Creating package script '/home/yuanyan/Robot/install/waypoint_example/share/waypoint_example/package.ps1'
[0.316s] INFO:colcon.colcon_core.shell:Creating package descriptor '/home/yuanyan/Robot/install/waypoint_example/share/waypoint_example/package.dsv'
[0.317s] INFO:colcon.colcon_core.shell:Creating package script '/home/yuanyan/Robot/install/waypoint_example/share/waypoint_example/package.sh'
[0.317s] INFO:colcon.colcon_core.shell:Creating package script '/home/yuanyan/Robot/install/waypoint_example/share/waypoint_example/package.bash'
[0.317s] INFO:colcon.colcon_core.shell:Creating package script '/home/yuanyan/Robot/install/waypoint_example/share/waypoint_example/package.zsh'
[0.317s] Level 1:colcon.colcon_core.environment:create_file_with_runtime_dependencies(/home/yuanyan/Robot/install/waypoint_example/share/colcon-core/packages/waypoint_example)
[0.317s] Level 1:colcon.colcon_core.environment:create_environment_scripts_only(vehicle_simulator)
[0.317s] Level 1:colcon.colcon_core.environment:checking '/home/yuanyan/Robot/install/vehicle_simulator' for CMake module files
[0.318s] DEBUG:colcon.colcon_core.event_handler.log_command:Invoked command in '/home/yuanyan/Robot/build/vehicle_simulator' returned '0': CMAKE_PREFIX_PATH=${CMAKE_PREFIX_PATH}:/opt/ros/jazzy DEBUGINFOD_URLS=https://debuginfod.ubuntu.com /usr/bin/cmake --install /home/yuanyan/Robot/build/vehicle_simulator
[0.318s] Level 1:colcon.colcon_core.environment:checking '/home/yuanyan/Robot/install/vehicle_simulator' for CMake config files
[0.318s] Level 1:colcon.colcon_core.shell:create_environment_hook('vehicle_simulator', 'cmake_prefix_path')
[0.318s] INFO:colcon.colcon_core.shell:Creating environment hook '/home/yuanyan/Robot/install/vehicle_simulator/share/vehicle_simulator/hook/cmake_prefix_path.ps1'
[0.318s] INFO:colcon.colcon_core.shell:Creating environment descriptor '/home/yuanyan/Robot/install/vehicle_simulator/share/vehicle_simulator/hook/cmake_prefix_path.dsv'
[0.319s] INFO:colcon.colcon_core.shell:Creating environment hook '/home/yuanyan/Robot/install/vehicle_simulator/share/vehicle_simulator/hook/cmake_prefix_path.sh'
[0.319s] Level 1:colcon.colcon_core.environment:checking '/home/yuanyan/Robot/install/vehicle_simulator/lib'
[0.319s] Level 1:colcon.colcon_core.environment:checking '/home/yuanyan/Robot/install/vehicle_simulator/bin'
[0.319s] Level 1:colcon.colcon_core.environment:checking '/home/yuanyan/Robot/install/vehicle_simulator/lib/pkgconfig/vehicle_simulator.pc'
[0.319s] Level 1:colcon.colcon_core.environment:checking '/home/yuanyan/Robot/install/vehicle_simulator/lib/python3.12/site-packages'
[0.319s] Level 1:colcon.colcon_core.environment:checking '/home/yuanyan/Robot/install/vehicle_simulator/bin'
[0.319s] INFO:colcon.colcon_core.shell:Creating package script '/home/yuanyan/Robot/install/vehicle_simulator/share/vehicle_simulator/package.ps1'
[0.320s] INFO:colcon.colcon_core.shell:Creating package descriptor '/home/yuanyan/Robot/install/vehicle_simulator/share/vehicle_simulator/package.dsv'
[0.320s] INFO:colcon.colcon_core.shell:Creating package script '/home/yuanyan/Robot/install/vehicle_simulator/share/vehicle_simulator/package.sh'
[0.320s] INFO:colcon.colcon_core.shell:Creating package script '/home/yuanyan/Robot/install/vehicle_simulator/share/vehicle_simulator/package.bash'
[0.321s] INFO:colcon.colcon_core.shell:Creating package script '/home/yuanyan/Robot/install/vehicle_simulator/share/vehicle_simulator/package.zsh'
[0.321s] Level 1:colcon.colcon_core.environment:create_file_with_runtime_dependencies(/home/yuanyan/Robot/install/vehicle_simulator/share/colcon-core/packages/vehicle_simulator)
[0.321s] Level 1:colcon.colcon_core.environment:create_environment_scripts_only(vehicle_simulator)
[0.321s] Level 1:colcon.colcon_core.environment:checking '/home/yuanyan/Robot/install/vehicle_simulator' for CMake module files
[0.321s] Level 1:colcon.colcon_core.environment:checking '/home/yuanyan/Robot/install/vehicle_simulator' for CMake config files
[0.322s] Level 1:colcon.colcon_core.shell:create_environment_hook('vehicle_simulator', 'cmake_prefix_path')
[0.322s] INFO:colcon.colcon_core.shell:Creating environment hook '/home/yuanyan/Robot/install/vehicle_simulator/share/vehicle_simulator/hook/cmake_prefix_path.ps1'
[0.322s] INFO:colcon.colcon_core.shell:Creating environment descriptor '/home/yuanyan/Robot/install/vehicle_simulator/share/vehicle_simulator/hook/cmake_prefix_path.dsv'
[0.322s] INFO:colcon.colcon_core.shell:Creating environment hook '/home/yuanyan/Robot/install/vehicle_simulator/share/vehicle_simulator/hook/cmake_prefix_path.sh'
[0.322s] Level 1:colcon.colcon_core.environment:checking '/home/yuanyan/Robot/install/vehicle_simulator/lib'
[0.322s] Level 1:colcon.colcon_core.environment:checking '/home/yuanyan/Robot/install/vehicle_simulator/bin'
[0.322s] Level 1:colcon.colcon_core.environment:checking '/home/yuanyan/Robot/install/vehicle_simulator/lib/pkgconfig/vehicle_simulator.pc'
[0.322s] Level 1:colcon.colcon_core.environment:checking '/home/yuanyan/Robot/install/vehicle_simulator/lib/python3.12/site-packages'
[0.323s] Level 1:colcon.colcon_core.environment:checking '/home/yuanyan/Robot/install/vehicle_simulator/bin'
[0.323s] INFO:colcon.colcon_core.shell:Creating package script '/home/yuanyan/Robot/install/vehicle_simulator/share/vehicle_simulator/package.ps1'
[0.323s] INFO:colcon.colcon_core.shell:Creating package descriptor '/home/yuanyan/Robot/install/vehicle_simulator/share/vehicle_simulator/package.dsv'
[0.323s] INFO:colcon.colcon_core.shell:Creating package script '/home/yuanyan/Robot/install/vehicle_simulator/share/vehicle_simulator/package.sh'
[0.323s] INFO:colcon.colcon_core.shell:Creating package script '/home/yuanyan/Robot/install/vehicle_simulator/share/vehicle_simulator/package.bash'
[0.324s] INFO:colcon.colcon_core.shell:Creating package script '/home/yuanyan/Robot/install/vehicle_simulator/share/vehicle_simulator/package.zsh'
[0.324s] Level 1:colcon.colcon_core.environment:create_file_with_runtime_dependencies(/home/yuanyan/Robot/install/vehicle_simulator/share/colcon-core/packages/vehicle_simulator)
[0.324s] DEBUG:colcon.colcon_core.event_handler.log_command:Invoked command in '/home/yuanyan/Robot/build/waypoint_rviz_plugin' returned '0': CMAKE_PREFIX_PATH=${CMAKE_PREFIX_PATH}:/opt/ros/jazzy DEBUGINFOD_URLS=https://debuginfod.ubuntu.com /usr/bin/cmake --build /home/yuanyan/Robot/build/waypoint_rviz_plugin -- -j16 -l16
[0.325s] DEBUG:colcon.colcon_core.event_handler.log_command:Invoking command in '/home/yuanyan/Robot/build/waypoint_rviz_plugin': CMAKE_PREFIX_PATH=${CMAKE_PREFIX_PATH}:/opt/ros/jazzy DEBUGINFOD_URLS=https://debuginfod.ubuntu.com /usr/bin/cmake --install /home/yuanyan/Robot/build/waypoint_rviz_plugin
[0.340s] Level 1:colcon.colcon_core.environment:create_environment_scripts_only(waypoint_rviz_plugin)
[0.340s] Level 1:colcon.colcon_core.environment:checking '/home/yuanyan/Robot/install/waypoint_rviz_plugin' for CMake module files
[0.341s] DEBUG:colcon.colcon_core.event_handler.log_command:Invoked command in '/home/yuanyan/Robot/build/waypoint_rviz_plugin' returned '0': CMAKE_PREFIX_PATH=${CMAKE_PREFIX_PATH}:/opt/ros/jazzy DEBUGINFOD_URLS=https://debuginfod.ubuntu.com /usr/bin/cmake --install /home/yuanyan/Robot/build/waypoint_rviz_plugin
[0.341s] Level 1:colcon.colcon_core.environment:checking '/home/yuanyan/Robot/install/waypoint_rviz_plugin' for CMake config files
[0.341s] Level 1:colcon.colcon_core.shell:create_environment_hook('waypoint_rviz_plugin', 'cmake_prefix_path')
[0.342s] INFO:colcon.colcon_core.shell:Creating environment hook '/home/yuanyan/Robot/install/waypoint_rviz_plugin/share/waypoint_rviz_plugin/hook/cmake_prefix_path.ps1'
[0.342s] INFO:colcon.colcon_core.shell:Creating environment descriptor '/home/yuanyan/Robot/install/waypoint_rviz_plugin/share/waypoint_rviz_plugin/hook/cmake_prefix_path.dsv'
[0.342s] INFO:colcon.colcon_core.shell:Creating environment hook '/home/yuanyan/Robot/install/waypoint_rviz_plugin/share/waypoint_rviz_plugin/hook/cmake_prefix_path.sh'
[0.343s] Level 1:colcon.colcon_core.environment:checking '/home/yuanyan/Robot/install/waypoint_rviz_plugin/lib'
[0.343s] Level 1:colcon.colcon_core.environment:checking '/home/yuanyan/Robot/install/waypoint_rviz_plugin/bin'
[0.343s] Level 1:colcon.colcon_core.environment:checking '/home/yuanyan/Robot/install/waypoint_rviz_plugin/lib/pkgconfig/waypoint_rviz_plugin.pc'
[0.343s] Level 1:colcon.colcon_core.environment:checking '/home/yuanyan/Robot/install/waypoint_rviz_plugin/lib/python3.12/site-packages'
[0.343s] Level 1:colcon.colcon_core.environment:checking '/home/yuanyan/Robot/install/waypoint_rviz_plugin/bin'
[0.343s] INFO:colcon.colcon_core.shell:Creating package script '/home/yuanyan/Robot/install/waypoint_rviz_plugin/share/waypoint_rviz_plugin/package.ps1'
[0.343s] INFO:colcon.colcon_core.shell:Creating package descriptor '/home/yuanyan/Robot/install/waypoint_rviz_plugin/share/waypoint_rviz_plugin/package.dsv'
[0.344s] INFO:colcon.colcon_core.shell:Creating package script '/home/yuanyan/Robot/install/waypoint_rviz_plugin/share/waypoint_rviz_plugin/package.sh'
[0.344s] INFO:colcon.colcon_core.shell:Creating package script '/home/yuanyan/Robot/install/waypoint_rviz_plugin/share/waypoint_rviz_plugin/package.bash'
[0.344s] INFO:colcon.colcon_core.shell:Creating package script '/home/yuanyan/Robot/install/waypoint_rviz_plugin/share/waypoint_rviz_plugin/package.zsh'
[0.344s] Level 1:colcon.colcon_core.environment:create_file_with_runtime_dependencies(/home/yuanyan/Robot/install/waypoint_rviz_plugin/share/colcon-core/packages/waypoint_rviz_plugin)
[0.344s] Level 1:colcon.colcon_core.environment:create_environment_scripts_only(waypoint_rviz_plugin)
[0.344s] Level 1:colcon.colcon_core.environment:checking '/home/yuanyan/Robot/install/waypoint_rviz_plugin' for CMake module files
[0.345s] Level 1:colcon.colcon_core.environment:checking '/home/yuanyan/Robot/install/waypoint_rviz_plugin' for CMake config files
[0.345s] Level 1:colcon.colcon_core.shell:create_environment_hook('waypoint_rviz_plugin', 'cmake_prefix_path')
[0.345s] INFO:colcon.colcon_core.shell:Creating environment hook '/home/yuanyan/Robot/install/waypoint_rviz_plugin/share/waypoint_rviz_plugin/hook/cmake_prefix_path.ps1'
[0.345s] INFO:colcon.colcon_core.shell:Creating environment descriptor '/home/yuanyan/Robot/install/waypoint_rviz_plugin/share/waypoint_rviz_plugin/hook/cmake_prefix_path.dsv'
[0.345s] INFO:colcon.colcon_core.shell:Creating environment hook '/home/yuanyan/Robot/install/waypoint_rviz_plugin/share/waypoint_rviz_plugin/hook/cmake_prefix_path.sh'
[0.345s] Level 1:colcon.colcon_core.environment:checking '/home/yuanyan/Robot/install/waypoint_rviz_plugin/lib'
[0.346s] Level 1:colcon.colcon_core.environment:checking '/home/yuanyan/Robot/install/waypoint_rviz_plugin/bin'
[0.346s] Level 1:colcon.colcon_core.environment:checking '/home/yuanyan/Robot/install/waypoint_rviz_plugin/lib/pkgconfig/waypoint_rviz_plugin.pc'
[0.346s] Level 1:colcon.colcon_core.environment:checking '/home/yuanyan/Robot/install/waypoint_rviz_plugin/lib/python3.12/site-packages'
[0.346s] Level 1:colcon.colcon_core.environment:checking '/home/yuanyan/Robot/install/waypoint_rviz_plugin/bin'
[0.346s] INFO:colcon.colcon_core.shell:Creating package script '/home/yuanyan/Robot/install/waypoint_rviz_plugin/share/waypoint_rviz_plugin/package.ps1'
[0.346s] INFO:colcon.colcon_core.shell:Creating package descriptor '/home/yuanyan/Robot/install/waypoint_rviz_plugin/share/waypoint_rviz_plugin/package.dsv'
[0.346s] INFO:colcon.colcon_core.shell:Creating package script '/home/yuanyan/Robot/install/waypoint_rviz_plugin/share/waypoint_rviz_plugin/package.sh'
[0.347s] INFO:colcon.colcon_core.shell:Creating package script '/home/yuanyan/Robot/install/waypoint_rviz_plugin/share/waypoint_rviz_plugin/package.bash'
[0.347s] INFO:colcon.colcon_core.shell:Creating package script '/home/yuanyan/Robot/install/waypoint_rviz_plugin/share/waypoint_rviz_plugin/package.zsh'
[0.347s] Level 1:colcon.colcon_core.environment:create_file_with_runtime_dependencies(/home/yuanyan/Robot/install/waypoint_rviz_plugin/share/colcon-core/packages/waypoint_rviz_plugin)
[0.433s] DEBUG:colcon.colcon_core.event_handler.log_command:Invoked command in '/home/yuanyan/Robot/build/visualization_tools' returned '0': CMAKE_PREFIX_PATH=${CMAKE_PREFIX_PATH}:/opt/ros/jazzy DEBUGINFOD_URLS=https://debuginfod.ubuntu.com /usr/bin/cmake --build /home/yuanyan/Robot/build/visualization_tools -- -j16 -l16
[0.434s] DEBUG:colcon.colcon_core.event_handler.log_command:Invoking command in '/home/yuanyan/Robot/build/visualization_tools': CMAKE_PREFIX_PATH=${CMAKE_PREFIX_PATH}:/opt/ros/jazzy DEBUGINFOD_URLS=https://debuginfod.ubuntu.com /usr/bin/cmake --install /home/yuanyan/Robot/build/visualization_tools
[0.473s] Level 1:colcon.colcon_core.environment:create_environment_scripts_only(visualization_tools)
[0.473s] DEBUG:colcon.colcon_core.event_handler.log_command:Invoked command in '/home/yuanyan/Robot/build/visualization_tools' returned '0': CMAKE_PREFIX_PATH=${CMAKE_PREFIX_PATH}:/opt/ros/jazzy DEBUGINFOD_URLS=https://debuginfod.ubuntu.com /usr/bin/cmake --install /home/yuanyan/Robot/build/visualization_tools
[0.473s] Level 1:colcon.colcon_core.environment:checking '/home/yuanyan/Robot/install/visualization_tools' for CMake module files
[0.474s] Level 1:colcon.colcon_core.environment:checking '/home/yuanyan/Robot/install/visualization_tools' for CMake config files
[0.474s] Level 1:colcon.colcon_core.shell:create_environment_hook('visualization_tools', 'cmake_prefix_path')
[0.474s] INFO:colcon.colcon_core.shell:Creating environment hook '/home/yuanyan/Robot/install/visualization_tools/share/visualization_tools/hook/cmake_prefix_path.ps1'
[0.474s] INFO:colcon.colcon_core.shell:Creating environment descriptor '/home/yuanyan/Robot/install/visualization_tools/share/visualization_tools/hook/cmake_prefix_path.dsv'
[0.474s] INFO:colcon.colcon_core.shell:Creating environment hook '/home/yuanyan/Robot/install/visualization_tools/share/visualization_tools/hook/cmake_prefix_path.sh'
[0.475s] Level 1:colcon.colcon_core.environment:checking '/home/yuanyan/Robot/install/visualization_tools/lib'
[0.475s] Level 1:colcon.colcon_core.environment:checking '/home/yuanyan/Robot/install/visualization_tools/bin'
[0.475s] Level 1:colcon.colcon_core.environment:checking '/home/yuanyan/Robot/install/visualization_tools/lib/pkgconfig/visualization_tools.pc'
[0.475s] Level 1:colcon.colcon_core.environment:checking '/home/yuanyan/Robot/install/visualization_tools/lib/python3.12/site-packages'
[0.475s] Level 1:colcon.colcon_core.shell:create_environment_hook('visualization_tools', 'pythonpath')
[0.475s] INFO:colcon.colcon_core.shell:Creating environment hook '/home/yuanyan/Robot/install/visualization_tools/share/visualization_tools/hook/pythonpath.ps1'
[0.475s] INFO:colcon.colcon_core.shell:Creating environment descriptor '/home/yuanyan/Robot/install/visualization_tools/share/visualization_tools/hook/pythonpath.dsv'
[0.476s] INFO:colcon.colcon_core.shell:Creating environment hook '/home/yuanyan/Robot/install/visualization_tools/share/visualization_tools/hook/pythonpath.sh'
[0.476s] Level 1:colcon.colcon_core.environment:checking '/home/yuanyan/Robot/install/visualization_tools/bin'
[0.476s] INFO:colcon.colcon_core.shell:Creating package script '/home/yuanyan/Robot/install/visualization_tools/share/visualization_tools/package.ps1'
[0.476s] INFO:colcon.colcon_core.shell:Creating package descriptor '/home/yuanyan/Robot/install/visualization_tools/share/visualization_tools/package.dsv'
[0.476s] INFO:colcon.colcon_core.shell:Creating package script '/home/yuanyan/Robot/install/visualization_tools/share/visualization_tools/package.sh'
[0.477s] INFO:colcon.colcon_core.shell:Creating package script '/home/yuanyan/Robot/install/visualization_tools/share/visualization_tools/package.bash'
[0.477s] INFO:colcon.colcon_core.shell:Creating package script '/home/yuanyan/Robot/install/visualization_tools/share/visualization_tools/package.zsh'
[0.477s] Level 1:colcon.colcon_core.environment:create_file_with_runtime_dependencies(/home/yuanyan/Robot/install/visualization_tools/share/colcon-core/packages/visualization_tools)
[0.478s] Level 1:colcon.colcon_core.environment:create_environment_scripts_only(visualization_tools)
[0.478s] Level 1:colcon.colcon_core.environment:checking '/home/yuanyan/Robot/install/visualization_tools' for CMake module files
[0.478s] Level 1:colcon.colcon_core.environment:checking '/home/yuanyan/Robot/install/visualization_tools' for CMake config files
[0.478s] Level 1:colcon.colcon_core.shell:create_environment_hook('visualization_tools', 'cmake_prefix_path')
[0.478s] INFO:colcon.colcon_core.shell:Creating environment hook '/home/yuanyan/Robot/install/visualization_tools/share/visualization_tools/hook/cmake_prefix_path.ps1'
[0.479s] INFO:colcon.colcon_core.shell:Creating environment descriptor '/home/yuanyan/Robot/install/visualization_tools/share/visualization_tools/hook/cmake_prefix_path.dsv'
[0.479s] INFO:colcon.colcon_core.shell:Creating environment hook '/home/yuanyan/Robot/install/visualization_tools/share/visualization_tools/hook/cmake_prefix_path.sh'
[0.479s] Level 1:colcon.colcon_core.environment:checking '/home/yuanyan/Robot/install/visualization_tools/lib'
[0.479s] Level 1:colcon.colcon_core.environment:checking '/home/yuanyan/Robot/install/visualization_tools/bin'
[0.479s] Level 1:colcon.colcon_core.environment:checking '/home/yuanyan/Robot/install/visualization_tools/lib/pkgconfig/visualization_tools.pc'
[0.480s] Level 1:colcon.colcon_core.environment:checking '/home/yuanyan/Robot/install/visualization_tools/lib/python3.12/site-packages'
[0.480s] Level 1:colcon.colcon_core.shell:create_environment_hook('visualization_tools', 'pythonpath')
[0.480s] INFO:colcon.colcon_core.shell:Creating environment hook '/home/yuanyan/Robot/install/visualization_tools/share/visualization_tools/hook/pythonpath.ps1'
[0.480s] INFO:colcon.colcon_core.shell:Creating environment descriptor '/home/yuanyan/Robot/install/visualization_tools/share/visualization_tools/hook/pythonpath.dsv'
[0.480s] INFO:colcon.colcon_core.shell:Creating environment hook '/home/yuanyan/Robot/install/visualization_tools/share/visualization_tools/hook/pythonpath.sh'
[0.481s] Level 1:colcon.colcon_core.environment:checking '/home/yuanyan/Robot/install/visualization_tools/bin'
[0.481s] INFO:colcon.colcon_core.shell:Creating package script '/home/yuanyan/Robot/install/visualization_tools/share/visualization_tools/package.ps1'
[0.481s] INFO:colcon.colcon_core.shell:Creating package descriptor '/home/yuanyan/Robot/install/visualization_tools/share/visualization_tools/package.dsv'
[0.481s] INFO:colcon.colcon_core.shell:Creating package script '/home/yuanyan/Robot/install/visualization_tools/share/visualization_tools/package.sh'
[0.481s] INFO:colcon.colcon_core.shell:Creating package script '/home/yuanyan/Robot/install/visualization_tools/share/visualization_tools/package.bash'
[0.482s] INFO:colcon.colcon_core.shell:Creating package script '/home/yuanyan/Robot/install/visualization_tools/share/visualization_tools/package.zsh'
[0.482s] Level 1:colcon.colcon_core.environment:create_file_with_runtime_dependencies(/home/yuanyan/Robot/install/visualization_tools/share/colcon-core/packages/visualization_tools)
[0.482s] DEBUG:colcon.colcon_parallel_executor.executor.parallel:closing loop
[0.482s] DEBUG:colcon.colcon_parallel_executor.executor.parallel:loop closed
[0.482s] DEBUG:colcon.colcon_parallel_executor.executor.parallel:run_until_complete finished with '0'
[0.482s] DEBUG:colcon.colcon_core.event_reactor:joining thread
[0.492s] INFO:colcon.colcon_core.plugin_system:Skipping extension 'colcon_notification.desktop_notification.terminal_notifier': Not used on non-Darwin systems
[0.492s] INFO:colcon.colcon_core.plugin_system:Skipping extension 'colcon_notification.desktop_notification.win32': Not used on non-Windows systems
[0.492s] INFO:colcon.colcon_notification.desktop_notification:Sending desktop notification using 'notify2'
[0.513s] DEBUG:colcon.colcon_core.event_reactor:joined thread
[0.513s] INFO:colcon.colcon_core.shell:Creating prefix script '/home/yuanyan/Robot/install/local_setup.ps1'
[0.513s] INFO:colcon.colcon_core.shell:Creating prefix util module '/home/yuanyan/Robot/install/_local_setup_util_ps1.py'
[0.514s] INFO:colcon.colcon_core.shell:Creating prefix chain script '/home/yuanyan/Robot/install/setup.ps1'
[0.515s] INFO:colcon.colcon_core.shell:Creating prefix script '/home/yuanyan/Robot/install/local_setup.sh'
[0.515s] INFO:colcon.colcon_core.shell:Creating prefix util module '/home/yuanyan/Robot/install/_local_setup_util_sh.py'
[0.515s] INFO:colcon.colcon_core.shell:Creating prefix chain script '/home/yuanyan/Robot/install/setup.sh'
[0.516s] INFO:colcon.colcon_core.shell:Creating prefix script '/home/yuanyan/Robot/install/local_setup.bash'
[0.516s] INFO:colcon.colcon_core.shell:Creating prefix chain script '/home/yuanyan/Robot/install/setup.bash'
[0.516s] INFO:colcon.colcon_core.shell:Creating prefix script '/home/yuanyan/Robot/install/local_setup.zsh'
[0.516s] INFO:colcon.colcon_core.shell:Creating prefix chain script '/home/yuanyan/Robot/install/setup.zsh'
