[0.058s] DEBUG:colcon:Command line arguments: ['/usr/bin/colcon', 'build', '--symlink-install']
[0.058s] DEBUG:colcon:Parsed command line arguments: Namespace(log_base=None, log_level=None, verb_name='build', build_base='build', install_base='install', merge_install=False, symlink_install=True, test_result_base=None, continue_on_error=False, executor='parallel', parallel_workers=16, event_handlers=None, ignore_user_meta=False, metas=['./colcon.meta'], base_paths=['.'], packages_ignore=None, packages_ignore_regex=None, paths=None, packages_up_to=None, packages_up_to_regex=None, packages_above=None, packages_above_and_dependencies=None, packages_above_depth=None, packages_select_by_dep=None, packages_skip_by_dep=None, packages_skip_up_to=None, packages_select_build_failed=False, packages_skip_build_finished=False, packages_select_test_failures=False, packages_skip_test_passed=False, packages_select=None, packages_skip=None, packages_select_regex=None, packages_skip_regex=None, packages_start=None, packages_end=None, allow_overriding=[], cmake_args=None, cmake_target=None, cmake_target_skip_unavailable=False, cmake_clean_cache=False, cmake_clean_first=False, cmake_force_configure=False, ament_cmake_args=None, catkin_cmake_args=None, catkin_skip_building_tests=False, mixin_files=None, mixin=None, verb_parser=<colcon_mixin.mixin.mixin_argument.MixinArgumentDecorator object at 0x7d7ec656ba10>, verb_extension=<colcon_core.verb.build.BuildVerb object at 0x7d7ec656b770>, main=<bound method BuildVerb.main of <colcon_core.verb.build.BuildVerb object at 0x7d7ec656b770>>, mixin_verb=('build',))
[0.079s] Level 1:colcon.colcon_core.package_discovery:discover_packages(colcon_meta) check parameters
[0.079s] Level 1:colcon.colcon_core.package_discovery:discover_packages(recursive) check parameters
[0.079s] Level 1:colcon.colcon_core.package_discovery:discover_packages(ignore) check parameters
[0.079s] Level 1:colcon.colcon_core.package_discovery:discover_packages(path) check parameters
[0.079s] Level 1:colcon.colcon_core.package_discovery:discover_packages(colcon_meta) discover
[0.079s] Level 1:colcon.colcon_core.package_discovery:discover_packages(recursive) discover
[0.079s] INFO:colcon.colcon_core.package_discovery:Crawling recursively for packages in '/home/yuanyan/Robot'
[0.079s] Level 1:colcon.colcon_core.package_identification:_identify(.) by extensions ['ignore', 'ignore_ament_install']
[0.079s] Level 1:colcon.colcon_core.package_identification:_identify(.) by extension 'ignore'
[0.079s] Level 1:colcon.colcon_core.package_identification:_identify(.) by extension 'ignore_ament_install'
[0.079s] Level 1:colcon.colcon_core.package_identification:_identify(.) by extensions ['colcon_pkg']
[0.079s] Level 1:colcon.colcon_core.package_identification:_identify(.) by extension 'colcon_pkg'
[0.080s] Level 1:colcon.colcon_core.package_identification:_identify(.) by extensions ['colcon_meta']
[0.080s] Level 1:colcon.colcon_core.package_identification:_identify(.) by extension 'colcon_meta'
[0.080s] Level 1:colcon.colcon_core.package_identification:_identify(.) by extensions ['ros']
[0.080s] Level 1:colcon.colcon_core.package_identification:_identify(.) by extension 'ros'
[0.094s] Level 1:colcon.colcon_core.package_identification:_identify(.) by extensions ['cmake', 'python']
[0.094s] Level 1:colcon.colcon_core.package_identification:_identify(.) by extension 'cmake'
[0.094s] Level 1:colcon.colcon_core.package_identification:_identify(.) by extension 'python'
[0.094s] Level 1:colcon.colcon_core.package_identification:_identify(.) by extensions ['python_setup_py']
[0.094s] Level 1:colcon.colcon_core.package_identification:_identify(.) by extension 'python_setup_py'
[0.095s] Level 1:colcon.colcon_core.package_identification:_identify(build) by extensions ['ignore', 'ignore_ament_install']
[0.095s] Level 1:colcon.colcon_core.package_identification:_identify(build) by extension 'ignore'
[0.095s] Level 1:colcon.colcon_core.package_identification:_identify(build) ignored
[0.095s] Level 1:colcon.colcon_core.package_identification:_identify(install) by extensions ['ignore', 'ignore_ament_install']
[0.095s] Level 1:colcon.colcon_core.package_identification:_identify(install) by extension 'ignore'
[0.095s] Level 1:colcon.colcon_core.package_identification:_identify(install) ignored
[0.095s] Level 1:colcon.colcon_core.package_identification:_identify(log) by extensions ['ignore', 'ignore_ament_install']
[0.095s] Level 1:colcon.colcon_core.package_identification:_identify(log) by extension 'ignore'
[0.095s] Level 1:colcon.colcon_core.package_identification:_identify(log) ignored
[0.095s] Level 1:colcon.colcon_core.package_identification:_identify(src) by extensions ['ignore', 'ignore_ament_install']
[0.095s] Level 1:colcon.colcon_core.package_identification:_identify(src) by extension 'ignore'
[0.095s] Level 1:colcon.colcon_core.package_identification:_identify(src) by extension 'ignore_ament_install'
[0.095s] Level 1:colcon.colcon_core.package_identification:_identify(src) by extensions ['colcon_pkg']
[0.095s] Level 1:colcon.colcon_core.package_identification:_identify(src) by extension 'colcon_pkg'
[0.095s] Level 1:colcon.colcon_core.package_identification:_identify(src) by extensions ['colcon_meta']
[0.095s] Level 1:colcon.colcon_core.package_identification:_identify(src) by extension 'colcon_meta'
[0.095s] Level 1:colcon.colcon_core.package_identification:_identify(src) by extensions ['ros']
[0.095s] Level 1:colcon.colcon_core.package_identification:_identify(src) by extension 'ros'
[0.095s] Level 1:colcon.colcon_core.package_identification:_identify(src) by extensions ['cmake', 'python']
[0.095s] Level 1:colcon.colcon_core.package_identification:_identify(src) by extension 'cmake'
[0.095s] Level 1:colcon.colcon_core.package_identification:_identify(src) by extension 'python'
[0.095s] Level 1:colcon.colcon_core.package_identification:_identify(src) by extensions ['python_setup_py']
[0.095s] Level 1:colcon.colcon_core.package_identification:_identify(src) by extension 'python_setup_py'
[0.095s] Level 1:colcon.colcon_core.package_identification:_identify(src/autonomous_exploration_development_environment) by extensions ['ignore', 'ignore_ament_install']
[0.095s] Level 1:colcon.colcon_core.package_identification:_identify(src/autonomous_exploration_development_environment) by extension 'ignore'
[0.095s] Level 1:colcon.colcon_core.package_identification:_identify(src/autonomous_exploration_development_environment) by extension 'ignore_ament_install'
[0.095s] Level 1:colcon.colcon_core.package_identification:_identify(src/autonomous_exploration_development_environment) by extensions ['colcon_pkg']
[0.095s] Level 1:colcon.colcon_core.package_identification:_identify(src/autonomous_exploration_development_environment) by extension 'colcon_pkg'
[0.095s] Level 1:colcon.colcon_core.package_identification:_identify(src/autonomous_exploration_development_environment) by extensions ['colcon_meta']
[0.095s] Level 1:colcon.colcon_core.package_identification:_identify(src/autonomous_exploration_development_environment) by extension 'colcon_meta'
[0.095s] Level 1:colcon.colcon_core.package_identification:_identify(src/autonomous_exploration_development_environment) by extensions ['ros']
[0.095s] Level 1:colcon.colcon_core.package_identification:_identify(src/autonomous_exploration_development_environment) by extension 'ros'
[0.095s] Level 1:colcon.colcon_core.package_identification:_identify(src/autonomous_exploration_development_environment) by extensions ['cmake', 'python']
[0.095s] Level 1:colcon.colcon_core.package_identification:_identify(src/autonomous_exploration_development_environment) by extension 'cmake'
[0.095s] Level 1:colcon.colcon_core.package_identification:_identify(src/autonomous_exploration_development_environment) by extension 'python'
[0.095s] Level 1:colcon.colcon_core.package_identification:_identify(src/autonomous_exploration_development_environment) by extensions ['python_setup_py']
[0.096s] Level 1:colcon.colcon_core.package_identification:_identify(src/autonomous_exploration_development_environment) by extension 'python_setup_py'
[0.096s] Level 1:colcon.colcon_core.package_identification:_identify(src/autonomous_exploration_development_environment/img) by extensions ['ignore', 'ignore_ament_install']
[0.096s] Level 1:colcon.colcon_core.package_identification:_identify(src/autonomous_exploration_development_environment/img) by extension 'ignore'
[0.096s] Level 1:colcon.colcon_core.package_identification:_identify(src/autonomous_exploration_development_environment/img) by extension 'ignore_ament_install'
[0.096s] Level 1:colcon.colcon_core.package_identification:_identify(src/autonomous_exploration_development_environment/img) by extensions ['colcon_pkg']
[0.096s] Level 1:colcon.colcon_core.package_identification:_identify(src/autonomous_exploration_development_environment/img) by extension 'colcon_pkg'
[0.096s] Level 1:colcon.colcon_core.package_identification:_identify(src/autonomous_exploration_development_environment/img) by extensions ['colcon_meta']
[0.096s] Level 1:colcon.colcon_core.package_identification:_identify(src/autonomous_exploration_development_environment/img) by extension 'colcon_meta'
[0.096s] Level 1:colcon.colcon_core.package_identification:_identify(src/autonomous_exploration_development_environment/img) by extensions ['ros']
[0.096s] Level 1:colcon.colcon_core.package_identification:_identify(src/autonomous_exploration_development_environment/img) by extension 'ros'
[0.096s] Level 1:colcon.colcon_core.package_identification:_identify(src/autonomous_exploration_development_environment/img) by extensions ['cmake', 'python']
[0.096s] Level 1:colcon.colcon_core.package_identification:_identify(src/autonomous_exploration_development_environment/img) by extension 'cmake'
[0.096s] Level 1:colcon.colcon_core.package_identification:_identify(src/autonomous_exploration_development_environment/img) by extension 'python'
[0.096s] Level 1:colcon.colcon_core.package_identification:_identify(src/autonomous_exploration_development_environment/img) by extensions ['python_setup_py']
[0.096s] Level 1:colcon.colcon_core.package_identification:_identify(src/autonomous_exploration_development_environment/img) by extension 'python_setup_py'
[0.096s] Level 1:colcon.colcon_core.package_identification:_identify(src/autonomous_exploration_development_environment/src) by extensions ['ignore', 'ignore_ament_install']
[0.096s] Level 1:colcon.colcon_core.package_identification:_identify(src/autonomous_exploration_development_environment/src) by extension 'ignore'
[0.096s] Level 1:colcon.colcon_core.package_identification:_identify(src/autonomous_exploration_development_environment/src) by extension 'ignore_ament_install'
[0.096s] Level 1:colcon.colcon_core.package_identification:_identify(src/autonomous_exploration_development_environment/src) by extensions ['colcon_pkg']
[0.096s] Level 1:colcon.colcon_core.package_identification:_identify(src/autonomous_exploration_development_environment/src) by extension 'colcon_pkg'
[0.096s] Level 1:colcon.colcon_core.package_identification:_identify(src/autonomous_exploration_development_environment/src) by extensions ['colcon_meta']
[0.096s] Level 1:colcon.colcon_core.package_identification:_identify(src/autonomous_exploration_development_environment/src) by extension 'colcon_meta'
[0.096s] Level 1:colcon.colcon_core.package_identification:_identify(src/autonomous_exploration_development_environment/src) by extensions ['ros']
[0.096s] Level 1:colcon.colcon_core.package_identification:_identify(src/autonomous_exploration_development_environment/src) by extension 'ros'
[0.096s] Level 1:colcon.colcon_core.package_identification:_identify(src/autonomous_exploration_development_environment/src) by extensions ['cmake', 'python']
[0.096s] Level 1:colcon.colcon_core.package_identification:_identify(src/autonomous_exploration_development_environment/src) by extension 'cmake'
[0.096s] Level 1:colcon.colcon_core.package_identification:_identify(src/autonomous_exploration_development_environment/src) by extension 'python'
[0.096s] Level 1:colcon.colcon_core.package_identification:_identify(src/autonomous_exploration_development_environment/src) by extensions ['python_setup_py']
[0.096s] Level 1:colcon.colcon_core.package_identification:_identify(src/autonomous_exploration_development_environment/src) by extension 'python_setup_py'
[0.096s] Level 1:colcon.colcon_core.package_identification:_identify(src/autonomous_exploration_development_environment/src/loam_interface) by extensions ['ignore', 'ignore_ament_install']
[0.096s] Level 1:colcon.colcon_core.package_identification:_identify(src/autonomous_exploration_development_environment/src/loam_interface) by extension 'ignore'
[0.096s] Level 1:colcon.colcon_core.package_identification:_identify(src/autonomous_exploration_development_environment/src/loam_interface) by extension 'ignore_ament_install'
[0.096s] Level 1:colcon.colcon_core.package_identification:_identify(src/autonomous_exploration_development_environment/src/loam_interface) by extensions ['colcon_pkg']
[0.096s] Level 1:colcon.colcon_core.package_identification:_identify(src/autonomous_exploration_development_environment/src/loam_interface) by extension 'colcon_pkg'
[0.096s] Level 1:colcon.colcon_core.package_identification:_identify(src/autonomous_exploration_development_environment/src/loam_interface) by extensions ['colcon_meta']
[0.096s] Level 1:colcon.colcon_core.package_identification:_identify(src/autonomous_exploration_development_environment/src/loam_interface) by extension 'colcon_meta'
[0.096s] Level 1:colcon.colcon_core.package_identification:_identify(src/autonomous_exploration_development_environment/src/loam_interface) by extensions ['ros']
[0.096s] Level 1:colcon.colcon_core.package_identification:_identify(src/autonomous_exploration_development_environment/src/loam_interface) by extension 'ros'
[0.098s] DEBUG:colcon.colcon_core.package_identification:Package 'src/autonomous_exploration_development_environment/src/loam_interface' with type 'ros.ament_cmake' and name 'loam_interface'
[0.098s] Level 1:colcon.colcon_core.package_identification:_identify(src/autonomous_exploration_development_environment/src/local_planner) by extensions ['ignore', 'ignore_ament_install']
[0.098s] Level 1:colcon.colcon_core.package_identification:_identify(src/autonomous_exploration_development_environment/src/local_planner) by extension 'ignore'
[0.098s] Level 1:colcon.colcon_core.package_identification:_identify(src/autonomous_exploration_development_environment/src/local_planner) by extension 'ignore_ament_install'
[0.098s] Level 1:colcon.colcon_core.package_identification:_identify(src/autonomous_exploration_development_environment/src/local_planner) by extensions ['colcon_pkg']
[0.098s] Level 1:colcon.colcon_core.package_identification:_identify(src/autonomous_exploration_development_environment/src/local_planner) by extension 'colcon_pkg'
[0.098s] Level 1:colcon.colcon_core.package_identification:_identify(src/autonomous_exploration_development_environment/src/local_planner) by extensions ['colcon_meta']
[0.098s] Level 1:colcon.colcon_core.package_identification:_identify(src/autonomous_exploration_development_environment/src/local_planner) by extension 'colcon_meta'
[0.098s] Level 1:colcon.colcon_core.package_identification:_identify(src/autonomous_exploration_development_environment/src/local_planner) by extensions ['ros']
[0.098s] Level 1:colcon.colcon_core.package_identification:_identify(src/autonomous_exploration_development_environment/src/local_planner) by extension 'ros'
[0.099s] DEBUG:colcon.colcon_core.package_identification:Package 'src/autonomous_exploration_development_environment/src/local_planner' with type 'ros.ament_cmake' and name 'local_planner'
[0.099s] Level 1:colcon.colcon_core.package_identification:_identify(src/autonomous_exploration_development_environment/src/sensor_scan_generation) by extensions ['ignore', 'ignore_ament_install']
[0.099s] Level 1:colcon.colcon_core.package_identification:_identify(src/autonomous_exploration_development_environment/src/sensor_scan_generation) by extension 'ignore'
[0.099s] Level 1:colcon.colcon_core.package_identification:_identify(src/autonomous_exploration_development_environment/src/sensor_scan_generation) by extension 'ignore_ament_install'
[0.099s] Level 1:colcon.colcon_core.package_identification:_identify(src/autonomous_exploration_development_environment/src/sensor_scan_generation) by extensions ['colcon_pkg']
[0.099s] Level 1:colcon.colcon_core.package_identification:_identify(src/autonomous_exploration_development_environment/src/sensor_scan_generation) by extension 'colcon_pkg'
[0.099s] Level 1:colcon.colcon_core.package_identification:_identify(src/autonomous_exploration_development_environment/src/sensor_scan_generation) by extensions ['colcon_meta']
[0.099s] Level 1:colcon.colcon_core.package_identification:_identify(src/autonomous_exploration_development_environment/src/sensor_scan_generation) by extension 'colcon_meta'
[0.099s] Level 1:colcon.colcon_core.package_identification:_identify(src/autonomous_exploration_development_environment/src/sensor_scan_generation) by extensions ['ros']
[0.099s] Level 1:colcon.colcon_core.package_identification:_identify(src/autonomous_exploration_development_environment/src/sensor_scan_generation) by extension 'ros'
[0.100s] DEBUG:colcon.colcon_core.package_identification:Package 'src/autonomous_exploration_development_environment/src/sensor_scan_generation' with type 'ros.ament_cmake' and name 'sensor_scan_generation'
[0.100s] Level 1:colcon.colcon_core.package_identification:_identify(src/autonomous_exploration_development_environment/src/terrain_analysis) by extensions ['ignore', 'ignore_ament_install']
[0.100s] Level 1:colcon.colcon_core.package_identification:_identify(src/autonomous_exploration_development_environment/src/terrain_analysis) by extension 'ignore'
[0.100s] Level 1:colcon.colcon_core.package_identification:_identify(src/autonomous_exploration_development_environment/src/terrain_analysis) by extension 'ignore_ament_install'
[0.100s] Level 1:colcon.colcon_core.package_identification:_identify(src/autonomous_exploration_development_environment/src/terrain_analysis) by extensions ['colcon_pkg']
[0.100s] Level 1:colcon.colcon_core.package_identification:_identify(src/autonomous_exploration_development_environment/src/terrain_analysis) by extension 'colcon_pkg'
[0.100s] Level 1:colcon.colcon_core.package_identification:_identify(src/autonomous_exploration_development_environment/src/terrain_analysis) by extensions ['colcon_meta']
[0.100s] Level 1:colcon.colcon_core.package_identification:_identify(src/autonomous_exploration_development_environment/src/terrain_analysis) by extension 'colcon_meta'
[0.100s] Level 1:colcon.colcon_core.package_identification:_identify(src/autonomous_exploration_development_environment/src/terrain_analysis) by extensions ['ros']
[0.100s] Level 1:colcon.colcon_core.package_identification:_identify(src/autonomous_exploration_development_environment/src/terrain_analysis) by extension 'ros'
[0.100s] DEBUG:colcon.colcon_core.package_identification:Package 'src/autonomous_exploration_development_environment/src/terrain_analysis' with type 'ros.ament_cmake' and name 'terrain_analysis'
[0.100s] Level 1:colcon.colcon_core.package_identification:_identify(src/autonomous_exploration_development_environment/src/terrain_analysis_ext) by extensions ['ignore', 'ignore_ament_install']
[0.100s] Level 1:colcon.colcon_core.package_identification:_identify(src/autonomous_exploration_development_environment/src/terrain_analysis_ext) by extension 'ignore'
[0.101s] Level 1:colcon.colcon_core.package_identification:_identify(src/autonomous_exploration_development_environment/src/terrain_analysis_ext) by extension 'ignore_ament_install'
[0.101s] Level 1:colcon.colcon_core.package_identification:_identify(src/autonomous_exploration_development_environment/src/terrain_analysis_ext) by extensions ['colcon_pkg']
[0.101s] Level 1:colcon.colcon_core.package_identification:_identify(src/autonomous_exploration_development_environment/src/terrain_analysis_ext) by extension 'colcon_pkg'
[0.101s] Level 1:colcon.colcon_core.package_identification:_identify(src/autonomous_exploration_development_environment/src/terrain_analysis_ext) by extensions ['colcon_meta']
[0.101s] Level 1:colcon.colcon_core.package_identification:_identify(src/autonomous_exploration_development_environment/src/terrain_analysis_ext) by extension 'colcon_meta'
[0.101s] Level 1:colcon.colcon_core.package_identification:_identify(src/autonomous_exploration_development_environment/src/terrain_analysis_ext) by extensions ['ros']
[0.101s] Level 1:colcon.colcon_core.package_identification:_identify(src/autonomous_exploration_development_environment/src/terrain_analysis_ext) by extension 'ros'
[0.101s] DEBUG:colcon.colcon_core.package_identification:Package 'src/autonomous_exploration_development_environment/src/terrain_analysis_ext' with type 'ros.ament_cmake' and name 'terrain_analysis_ext'
[0.101s] Level 1:colcon.colcon_core.package_identification:_identify(src/autonomous_exploration_development_environment/src/vehicle_simulator) by extensions ['ignore', 'ignore_ament_install']
[0.101s] Level 1:colcon.colcon_core.package_identification:_identify(src/autonomous_exploration_development_environment/src/vehicle_simulator) by extension 'ignore'
[0.101s] Level 1:colcon.colcon_core.package_identification:_identify(src/autonomous_exploration_development_environment/src/vehicle_simulator) by extension 'ignore_ament_install'
[0.101s] Level 1:colcon.colcon_core.package_identification:_identify(src/autonomous_exploration_development_environment/src/vehicle_simulator) by extensions ['colcon_pkg']
[0.101s] Level 1:colcon.colcon_core.package_identification:_identify(src/autonomous_exploration_development_environment/src/vehicle_simulator) by extension 'colcon_pkg'
[0.101s] Level 1:colcon.colcon_core.package_identification:_identify(src/autonomous_exploration_development_environment/src/vehicle_simulator) by extensions ['colcon_meta']
[0.101s] Level 1:colcon.colcon_core.package_identification:_identify(src/autonomous_exploration_development_environment/src/vehicle_simulator) by extension 'colcon_meta'
[0.101s] Level 1:colcon.colcon_core.package_identification:_identify(src/autonomous_exploration_development_environment/src/vehicle_simulator) by extensions ['ros']
[0.101s] Level 1:colcon.colcon_core.package_identification:_identify(src/autonomous_exploration_development_environment/src/vehicle_simulator) by extension 'ros'
[0.102s] DEBUG:colcon.colcon_core.package_identification:Package 'src/autonomous_exploration_development_environment/src/vehicle_simulator' with type 'ros.ament_cmake' and name 'vehicle_simulator'
[0.102s] Level 1:colcon.colcon_core.package_identification:_identify(src/autonomous_exploration_development_environment/src/visualization_tools) by extensions ['ignore', 'ignore_ament_install']
[0.102s] Level 1:colcon.colcon_core.package_identification:_identify(src/autonomous_exploration_development_environment/src/visualization_tools) by extension 'ignore'
[0.102s] Level 1:colcon.colcon_core.package_identification:_identify(src/autonomous_exploration_development_environment/src/visualization_tools) by extension 'ignore_ament_install'
[0.102s] Level 1:colcon.colcon_core.package_identification:_identify(src/autonomous_exploration_development_environment/src/visualization_tools) by extensions ['colcon_pkg']
[0.102s] Level 1:colcon.colcon_core.package_identification:_identify(src/autonomous_exploration_development_environment/src/visualization_tools) by extension 'colcon_pkg'
[0.102s] Level 1:colcon.colcon_core.package_identification:_identify(src/autonomous_exploration_development_environment/src/visualization_tools) by extensions ['colcon_meta']
[0.102s] Level 1:colcon.colcon_core.package_identification:_identify(src/autonomous_exploration_development_environment/src/visualization_tools) by extension 'colcon_meta'
[0.102s] Level 1:colcon.colcon_core.package_identification:_identify(src/autonomous_exploration_development_environment/src/visualization_tools) by extensions ['ros']
[0.102s] Level 1:colcon.colcon_core.package_identification:_identify(src/autonomous_exploration_development_environment/src/visualization_tools) by extension 'ros'
[0.103s] DEBUG:colcon.colcon_core.package_identification:Package 'src/autonomous_exploration_development_environment/src/visualization_tools' with type 'ros.ament_cmake' and name 'visualization_tools'
[0.103s] Level 1:colcon.colcon_core.package_identification:_identify(src/autonomous_exploration_development_environment/src/waypoint_example) by extensions ['ignore', 'ignore_ament_install']
[0.103s] Level 1:colcon.colcon_core.package_identification:_identify(src/autonomous_exploration_development_environment/src/waypoint_example) by extension 'ignore'
[0.103s] Level 1:colcon.colcon_core.package_identification:_identify(src/autonomous_exploration_development_environment/src/waypoint_example) by extension 'ignore_ament_install'
[0.103s] Level 1:colcon.colcon_core.package_identification:_identify(src/autonomous_exploration_development_environment/src/waypoint_example) by extensions ['colcon_pkg']
[0.103s] Level 1:colcon.colcon_core.package_identification:_identify(src/autonomous_exploration_development_environment/src/waypoint_example) by extension 'colcon_pkg'
[0.103s] Level 1:colcon.colcon_core.package_identification:_identify(src/autonomous_exploration_development_environment/src/waypoint_example) by extensions ['colcon_meta']
[0.103s] Level 1:colcon.colcon_core.package_identification:_identify(src/autonomous_exploration_development_environment/src/waypoint_example) by extension 'colcon_meta'
[0.103s] Level 1:colcon.colcon_core.package_identification:_identify(src/autonomous_exploration_development_environment/src/waypoint_example) by extensions ['ros']
[0.103s] Level 1:colcon.colcon_core.package_identification:_identify(src/autonomous_exploration_development_environment/src/waypoint_example) by extension 'ros'
[0.103s] DEBUG:colcon.colcon_core.package_identification:Package 'src/autonomous_exploration_development_environment/src/waypoint_example' with type 'ros.ament_cmake' and name 'waypoint_example'
[0.104s] Level 1:colcon.colcon_core.package_identification:_identify(src/autonomous_exploration_development_environment/src/waypoint_rviz_plugin) by extensions ['ignore', 'ignore_ament_install']
[0.104s] Level 1:colcon.colcon_core.package_identification:_identify(src/autonomous_exploration_development_environment/src/waypoint_rviz_plugin) by extension 'ignore'
[0.104s] Level 1:colcon.colcon_core.package_identification:_identify(src/autonomous_exploration_development_environment/src/waypoint_rviz_plugin) by extension 'ignore_ament_install'
[0.104s] Level 1:colcon.colcon_core.package_identification:_identify(src/autonomous_exploration_development_environment/src/waypoint_rviz_plugin) by extensions ['colcon_pkg']
[0.104s] Level 1:colcon.colcon_core.package_identification:_identify(src/autonomous_exploration_development_environment/src/waypoint_rviz_plugin) by extension 'colcon_pkg'
[0.104s] Level 1:colcon.colcon_core.package_identification:_identify(src/autonomous_exploration_development_environment/src/waypoint_rviz_plugin) by extensions ['colcon_meta']
[0.104s] Level 1:colcon.colcon_core.package_identification:_identify(src/autonomous_exploration_development_environment/src/waypoint_rviz_plugin) by extension 'colcon_meta'
[0.104s] Level 1:colcon.colcon_core.package_identification:_identify(src/autonomous_exploration_development_environment/src/waypoint_rviz_plugin) by extensions ['ros']
[0.104s] Level 1:colcon.colcon_core.package_identification:_identify(src/autonomous_exploration_development_environment/src/waypoint_rviz_plugin) by extension 'ros'
[0.104s] DEBUG:colcon.colcon_core.package_identification:Package 'src/autonomous_exploration_development_environment/src/waypoint_rviz_plugin' with type 'ros.ament_cmake' and name 'waypoint_rviz_plugin'
[0.104s] Level 1:colcon.colcon_core.package_discovery:discover_packages(recursive) using defaults
[0.104s] Level 1:colcon.colcon_core.package_discovery:discover_packages(ignore) discover
[0.104s] Level 1:colcon.colcon_core.package_discovery:discover_packages(ignore) using defaults
[0.104s] Level 1:colcon.colcon_core.package_discovery:discover_packages(path) discover
[0.104s] Level 1:colcon.colcon_core.package_discovery:discover_packages(path) using defaults
[0.116s] Level 1:colcon.colcon_core.package_discovery:discover_packages(prefix_path) check parameters
[0.116s] Level 1:colcon.colcon_core.package_discovery:discover_packages(prefix_path) discover
[0.117s] DEBUG:colcon.colcon_installed_package_information.package_discovery:Found 9 installed packages in /home/yuanyan/Robot/install
[0.118s] DEBUG:colcon.colcon_installed_package_information.package_discovery:Found 321 installed packages in /opt/ros/jazzy
[0.118s] Level 1:colcon.colcon_core.package_discovery:discover_packages(prefix_path) using defaults
[0.140s] Level 5:colcon.colcon_core.verb:set package 'loam_interface' build argument 'cmake_args' from command line to 'None'
[0.140s] Level 5:colcon.colcon_core.verb:set package 'loam_interface' build argument 'cmake_target' from command line to 'None'
[0.140s] Level 5:colcon.colcon_core.verb:set package 'loam_interface' build argument 'cmake_target_skip_unavailable' from command line to 'False'
[0.140s] Level 5:colcon.colcon_core.verb:set package 'loam_interface' build argument 'cmake_clean_cache' from command line to 'False'
[0.140s] Level 5:colcon.colcon_core.verb:set package 'loam_interface' build argument 'cmake_clean_first' from command line to 'False'
[0.140s] Level 5:colcon.colcon_core.verb:set package 'loam_interface' build argument 'cmake_force_configure' from command line to 'False'
[0.140s] Level 5:colcon.colcon_core.verb:set package 'loam_interface' build argument 'ament_cmake_args' from command line to 'None'
[0.140s] Level 5:colcon.colcon_core.verb:set package 'loam_interface' build argument 'catkin_cmake_args' from command line to 'None'
[0.140s] Level 5:colcon.colcon_core.verb:set package 'loam_interface' build argument 'catkin_skip_building_tests' from command line to 'False'
[0.140s] DEBUG:colcon.colcon_core.verb:Building package 'loam_interface' with the following arguments: {'ament_cmake_args': None, 'build_base': '/home/yuanyan/Robot/build/loam_interface', 'catkin_cmake_args': None, 'catkin_skip_building_tests': False, 'cmake_args': None, 'cmake_clean_cache': False, 'cmake_clean_first': False, 'cmake_force_configure': False, 'cmake_target': None, 'cmake_target_skip_unavailable': False, 'install_base': '/home/yuanyan/Robot/install/loam_interface', 'merge_install': False, 'path': '/home/yuanyan/Robot/src/autonomous_exploration_development_environment/src/loam_interface', 'symlink_install': True, 'test_result_base': None}
[0.140s] Level 5:colcon.colcon_core.verb:set package 'local_planner' build argument 'cmake_args' from command line to 'None'
[0.140s] Level 5:colcon.colcon_core.verb:set package 'local_planner' build argument 'cmake_target' from command line to 'None'
[0.140s] Level 5:colcon.colcon_core.verb:set package 'local_planner' build argument 'cmake_target_skip_unavailable' from command line to 'False'
[0.140s] Level 5:colcon.colcon_core.verb:set package 'local_planner' build argument 'cmake_clean_cache' from command line to 'False'
[0.140s] Level 5:colcon.colcon_core.verb:set package 'local_planner' build argument 'cmake_clean_first' from command line to 'False'
[0.140s] Level 5:colcon.colcon_core.verb:set package 'local_planner' build argument 'cmake_force_configure' from command line to 'False'
[0.140s] Level 5:colcon.colcon_core.verb:set package 'local_planner' build argument 'ament_cmake_args' from command line to 'None'
[0.140s] Level 5:colcon.colcon_core.verb:set package 'local_planner' build argument 'catkin_cmake_args' from command line to 'None'
[0.140s] Level 5:colcon.colcon_core.verb:set package 'local_planner' build argument 'catkin_skip_building_tests' from command line to 'False'
[0.140s] DEBUG:colcon.colcon_core.verb:Building package 'local_planner' with the following arguments: {'ament_cmake_args': None, 'build_base': '/home/yuanyan/Robot/build/local_planner', 'catkin_cmake_args': None, 'catkin_skip_building_tests': False, 'cmake_args': None, 'cmake_clean_cache': False, 'cmake_clean_first': False, 'cmake_force_configure': False, 'cmake_target': None, 'cmake_target_skip_unavailable': False, 'install_base': '/home/yuanyan/Robot/install/local_planner', 'merge_install': False, 'path': '/home/yuanyan/Robot/src/autonomous_exploration_development_environment/src/local_planner', 'symlink_install': True, 'test_result_base': None}
[0.140s] Level 5:colcon.colcon_core.verb:set package 'sensor_scan_generation' build argument 'cmake_args' from command line to 'None'
[0.140s] Level 5:colcon.colcon_core.verb:set package 'sensor_scan_generation' build argument 'cmake_target' from command line to 'None'
[0.140s] Level 5:colcon.colcon_core.verb:set package 'sensor_scan_generation' build argument 'cmake_target_skip_unavailable' from command line to 'False'
[0.140s] Level 5:colcon.colcon_core.verb:set package 'sensor_scan_generation' build argument 'cmake_clean_cache' from command line to 'False'
[0.140s] Level 5:colcon.colcon_core.verb:set package 'sensor_scan_generation' build argument 'cmake_clean_first' from command line to 'False'
[0.141s] Level 5:colcon.colcon_core.verb:set package 'sensor_scan_generation' build argument 'cmake_force_configure' from command line to 'False'
[0.141s] Level 5:colcon.colcon_core.verb:set package 'sensor_scan_generation' build argument 'ament_cmake_args' from command line to 'None'
[0.141s] Level 5:colcon.colcon_core.verb:set package 'sensor_scan_generation' build argument 'catkin_cmake_args' from command line to 'None'
[0.141s] Level 5:colcon.colcon_core.verb:set package 'sensor_scan_generation' build argument 'catkin_skip_building_tests' from command line to 'False'
[0.141s] DEBUG:colcon.colcon_core.verb:Building package 'sensor_scan_generation' with the following arguments: {'ament_cmake_args': None, 'build_base': '/home/yuanyan/Robot/build/sensor_scan_generation', 'catkin_cmake_args': None, 'catkin_skip_building_tests': False, 'cmake_args': None, 'cmake_clean_cache': False, 'cmake_clean_first': False, 'cmake_force_configure': False, 'cmake_target': None, 'cmake_target_skip_unavailable': False, 'install_base': '/home/yuanyan/Robot/install/sensor_scan_generation', 'merge_install': False, 'path': '/home/yuanyan/Robot/src/autonomous_exploration_development_environment/src/sensor_scan_generation', 'symlink_install': True, 'test_result_base': None}
[0.141s] Level 5:colcon.colcon_core.verb:set package 'terrain_analysis' build argument 'cmake_args' from command line to 'None'
[0.141s] Level 5:colcon.colcon_core.verb:set package 'terrain_analysis' build argument 'cmake_target' from command line to 'None'
[0.141s] Level 5:colcon.colcon_core.verb:set package 'terrain_analysis' build argument 'cmake_target_skip_unavailable' from command line to 'False'
[0.141s] Level 5:colcon.colcon_core.verb:set package 'terrain_analysis' build argument 'cmake_clean_cache' from command line to 'False'
[0.141s] Level 5:colcon.colcon_core.verb:set package 'terrain_analysis' build argument 'cmake_clean_first' from command line to 'False'
[0.141s] Level 5:colcon.colcon_core.verb:set package 'terrain_analysis' build argument 'cmake_force_configure' from command line to 'False'
[0.141s] Level 5:colcon.colcon_core.verb:set package 'terrain_analysis' build argument 'ament_cmake_args' from command line to 'None'
[0.141s] Level 5:colcon.colcon_core.verb:set package 'terrain_analysis' build argument 'catkin_cmake_args' from command line to 'None'
[0.141s] Level 5:colcon.colcon_core.verb:set package 'terrain_analysis' build argument 'catkin_skip_building_tests' from command line to 'False'
[0.141s] DEBUG:colcon.colcon_core.verb:Building package 'terrain_analysis' with the following arguments: {'ament_cmake_args': None, 'build_base': '/home/yuanyan/Robot/build/terrain_analysis', 'catkin_cmake_args': None, 'catkin_skip_building_tests': False, 'cmake_args': None, 'cmake_clean_cache': False, 'cmake_clean_first': False, 'cmake_force_configure': False, 'cmake_target': None, 'cmake_target_skip_unavailable': False, 'install_base': '/home/yuanyan/Robot/install/terrain_analysis', 'merge_install': False, 'path': '/home/yuanyan/Robot/src/autonomous_exploration_development_environment/src/terrain_analysis', 'symlink_install': True, 'test_result_base': None}
[0.141s] Level 5:colcon.colcon_core.verb:set package 'terrain_analysis_ext' build argument 'cmake_args' from command line to 'None'
[0.141s] Level 5:colcon.colcon_core.verb:set package 'terrain_analysis_ext' build argument 'cmake_target' from command line to 'None'
[0.141s] Level 5:colcon.colcon_core.verb:set package 'terrain_analysis_ext' build argument 'cmake_target_skip_unavailable' from command line to 'False'
[0.141s] Level 5:colcon.colcon_core.verb:set package 'terrain_analysis_ext' build argument 'cmake_clean_cache' from command line to 'False'
[0.141s] Level 5:colcon.colcon_core.verb:set package 'terrain_analysis_ext' build argument 'cmake_clean_first' from command line to 'False'
[0.141s] Level 5:colcon.colcon_core.verb:set package 'terrain_analysis_ext' build argument 'cmake_force_configure' from command line to 'False'
[0.141s] Level 5:colcon.colcon_core.verb:set package 'terrain_analysis_ext' build argument 'ament_cmake_args' from command line to 'None'
[0.141s] Level 5:colcon.colcon_core.verb:set package 'terrain_analysis_ext' build argument 'catkin_cmake_args' from command line to 'None'
[0.141s] Level 5:colcon.colcon_core.verb:set package 'terrain_analysis_ext' build argument 'catkin_skip_building_tests' from command line to 'False'
[0.141s] DEBUG:colcon.colcon_core.verb:Building package 'terrain_analysis_ext' with the following arguments: {'ament_cmake_args': None, 'build_base': '/home/yuanyan/Robot/build/terrain_analysis_ext', 'catkin_cmake_args': None, 'catkin_skip_building_tests': False, 'cmake_args': None, 'cmake_clean_cache': False, 'cmake_clean_first': False, 'cmake_force_configure': False, 'cmake_target': None, 'cmake_target_skip_unavailable': False, 'install_base': '/home/yuanyan/Robot/install/terrain_analysis_ext', 'merge_install': False, 'path': '/home/yuanyan/Robot/src/autonomous_exploration_development_environment/src/terrain_analysis_ext', 'symlink_install': True, 'test_result_base': None}
[0.141s] Level 5:colcon.colcon_core.verb:set package 'vehicle_simulator' build argument 'cmake_args' from command line to 'None'
[0.141s] Level 5:colcon.colcon_core.verb:set package 'vehicle_simulator' build argument 'cmake_target' from command line to 'None'
[0.141s] Level 5:colcon.colcon_core.verb:set package 'vehicle_simulator' build argument 'cmake_target_skip_unavailable' from command line to 'False'
[0.141s] Level 5:colcon.colcon_core.verb:set package 'vehicle_simulator' build argument 'cmake_clean_cache' from command line to 'False'
[0.141s] Level 5:colcon.colcon_core.verb:set package 'vehicle_simulator' build argument 'cmake_clean_first' from command line to 'False'
[0.141s] Level 5:colcon.colcon_core.verb:set package 'vehicle_simulator' build argument 'cmake_force_configure' from command line to 'False'
[0.141s] Level 5:colcon.colcon_core.verb:set package 'vehicle_simulator' build argument 'ament_cmake_args' from command line to 'None'
[0.141s] Level 5:colcon.colcon_core.verb:set package 'vehicle_simulator' build argument 'catkin_cmake_args' from command line to 'None'
[0.141s] Level 5:colcon.colcon_core.verb:set package 'vehicle_simulator' build argument 'catkin_skip_building_tests' from command line to 'False'
[0.141s] DEBUG:colcon.colcon_core.verb:Building package 'vehicle_simulator' with the following arguments: {'ament_cmake_args': None, 'build_base': '/home/yuanyan/Robot/build/vehicle_simulator', 'catkin_cmake_args': None, 'catkin_skip_building_tests': False, 'cmake_args': None, 'cmake_clean_cache': False, 'cmake_clean_first': False, 'cmake_force_configure': False, 'cmake_target': None, 'cmake_target_skip_unavailable': False, 'install_base': '/home/yuanyan/Robot/install/vehicle_simulator', 'merge_install': False, 'path': '/home/yuanyan/Robot/src/autonomous_exploration_development_environment/src/vehicle_simulator', 'symlink_install': True, 'test_result_base': None}
[0.141s] Level 5:colcon.colcon_core.verb:set package 'visualization_tools' build argument 'cmake_args' from command line to 'None'
[0.141s] Level 5:colcon.colcon_core.verb:set package 'visualization_tools' build argument 'cmake_target' from command line to 'None'
[0.141s] Level 5:colcon.colcon_core.verb:set package 'visualization_tools' build argument 'cmake_target_skip_unavailable' from command line to 'False'
[0.141s] Level 5:colcon.colcon_core.verb:set package 'visualization_tools' build argument 'cmake_clean_cache' from command line to 'False'
[0.141s] Level 5:colcon.colcon_core.verb:set package 'visualization_tools' build argument 'cmake_clean_first' from command line to 'False'
[0.141s] Level 5:colcon.colcon_core.verb:set package 'visualization_tools' build argument 'cmake_force_configure' from command line to 'False'
[0.141s] Level 5:colcon.colcon_core.verb:set package 'visualization_tools' build argument 'ament_cmake_args' from command line to 'None'
[0.141s] Level 5:colcon.colcon_core.verb:set package 'visualization_tools' build argument 'catkin_cmake_args' from command line to 'None'
[0.141s] Level 5:colcon.colcon_core.verb:set package 'visualization_tools' build argument 'catkin_skip_building_tests' from command line to 'False'
[0.141s] DEBUG:colcon.colcon_core.verb:Building package 'visualization_tools' with the following arguments: {'ament_cmake_args': None, 'build_base': '/home/yuanyan/Robot/build/visualization_tools', 'catkin_cmake_args': None, 'catkin_skip_building_tests': False, 'cmake_args': None, 'cmake_clean_cache': False, 'cmake_clean_first': False, 'cmake_force_configure': False, 'cmake_target': None, 'cmake_target_skip_unavailable': False, 'install_base': '/home/yuanyan/Robot/install/visualization_tools', 'merge_install': False, 'path': '/home/yuanyan/Robot/src/autonomous_exploration_development_environment/src/visualization_tools', 'symlink_install': True, 'test_result_base': None}
[0.142s] Level 5:colcon.colcon_core.verb:set package 'waypoint_example' build argument 'cmake_args' from command line to 'None'
[0.142s] Level 5:colcon.colcon_core.verb:set package 'waypoint_example' build argument 'cmake_target' from command line to 'None'
[0.142s] Level 5:colcon.colcon_core.verb:set package 'waypoint_example' build argument 'cmake_target_skip_unavailable' from command line to 'False'
[0.142s] Level 5:colcon.colcon_core.verb:set package 'waypoint_example' build argument 'cmake_clean_cache' from command line to 'False'
[0.142s] Level 5:colcon.colcon_core.verb:set package 'waypoint_example' build argument 'cmake_clean_first' from command line to 'False'
[0.142s] Level 5:colcon.colcon_core.verb:set package 'waypoint_example' build argument 'cmake_force_configure' from command line to 'False'
[0.142s] Level 5:colcon.colcon_core.verb:set package 'waypoint_example' build argument 'ament_cmake_args' from command line to 'None'
[0.142s] Level 5:colcon.colcon_core.verb:set package 'waypoint_example' build argument 'catkin_cmake_args' from command line to 'None'
[0.142s] Level 5:colcon.colcon_core.verb:set package 'waypoint_example' build argument 'catkin_skip_building_tests' from command line to 'False'
[0.142s] DEBUG:colcon.colcon_core.verb:Building package 'waypoint_example' with the following arguments: {'ament_cmake_args': None, 'build_base': '/home/yuanyan/Robot/build/waypoint_example', 'catkin_cmake_args': None, 'catkin_skip_building_tests': False, 'cmake_args': None, 'cmake_clean_cache': False, 'cmake_clean_first': False, 'cmake_force_configure': False, 'cmake_target': None, 'cmake_target_skip_unavailable': False, 'install_base': '/home/yuanyan/Robot/install/waypoint_example', 'merge_install': False, 'path': '/home/yuanyan/Robot/src/autonomous_exploration_development_environment/src/waypoint_example', 'symlink_install': True, 'test_result_base': None}
[0.142s] Level 5:colcon.colcon_core.verb:set package 'waypoint_rviz_plugin' build argument 'cmake_args' from command line to 'None'
[0.142s] Level 5:colcon.colcon_core.verb:set package 'waypoint_rviz_plugin' build argument 'cmake_target' from command line to 'None'
[0.142s] Level 5:colcon.colcon_core.verb:set package 'waypoint_rviz_plugin' build argument 'cmake_target_skip_unavailable' from command line to 'False'
[0.142s] Level 5:colcon.colcon_core.verb:set package 'waypoint_rviz_plugin' build argument 'cmake_clean_cache' from command line to 'False'
[0.142s] Level 5:colcon.colcon_core.verb:set package 'waypoint_rviz_plugin' build argument 'cmake_clean_first' from command line to 'False'
[0.142s] Level 5:colcon.colcon_core.verb:set package 'waypoint_rviz_plugin' build argument 'cmake_force_configure' from command line to 'False'
[0.142s] Level 5:colcon.colcon_core.verb:set package 'waypoint_rviz_plugin' build argument 'ament_cmake_args' from command line to 'None'
[0.142s] Level 5:colcon.colcon_core.verb:set package 'waypoint_rviz_plugin' build argument 'catkin_cmake_args' from command line to 'None'
[0.142s] Level 5:colcon.colcon_core.verb:set package 'waypoint_rviz_plugin' build argument 'catkin_skip_building_tests' from command line to 'False'
[0.142s] DEBUG:colcon.colcon_core.verb:Building package 'waypoint_rviz_plugin' with the following arguments: {'ament_cmake_args': None, 'build_base': '/home/yuanyan/Robot/build/waypoint_rviz_plugin', 'catkin_cmake_args': None, 'catkin_skip_building_tests': False, 'cmake_args': None, 'cmake_clean_cache': False, 'cmake_clean_first': False, 'cmake_force_configure': False, 'cmake_target': None, 'cmake_target_skip_unavailable': False, 'install_base': '/home/yuanyan/Robot/install/waypoint_rviz_plugin', 'merge_install': False, 'path': '/home/yuanyan/Robot/src/autonomous_exploration_development_environment/src/waypoint_rviz_plugin', 'symlink_install': True, 'test_result_base': None}
[0.142s] INFO:colcon.colcon_core.executor:Executing jobs using 'parallel' executor
[0.143s] DEBUG:colcon.colcon_parallel_executor.executor.parallel:run_until_complete
[0.143s] INFO:colcon.colcon_ros.task.ament_cmake.build:Building ROS package in '/home/yuanyan/Robot/src/autonomous_exploration_development_environment/src/loam_interface' with build type 'ament_cmake'
[0.143s] INFO:colcon.colcon_cmake.task.cmake.build:Building CMake package in '/home/yuanyan/Robot/src/autonomous_exploration_development_environment/src/loam_interface'
[0.144s] INFO:colcon.colcon_core.plugin_system:Skipping extension 'colcon_core.shell.bat': Not used on non-Windows systems
[0.144s] INFO:colcon.colcon_core.shell:Skip shell extension 'powershell' for command environment: Not usable outside of PowerShell
[0.144s] DEBUG:colcon.colcon_core.shell:Skip shell extension 'dsv' for command environment
[0.146s] INFO:colcon.colcon_ros.task.ament_cmake.build:Building ROS package in '/home/yuanyan/Robot/src/autonomous_exploration_development_environment/src/local_planner' with build type 'ament_cmake'
[0.146s] INFO:colcon.colcon_cmake.task.cmake.build:Building CMake package in '/home/yuanyan/Robot/src/autonomous_exploration_development_environment/src/local_planner'
[0.146s] INFO:colcon.colcon_core.shell:Skip shell extension 'powershell' for command environment: Not usable outside of PowerShell
[0.146s] DEBUG:colcon.colcon_core.shell:Skip shell extension 'dsv' for command environment
[0.148s] INFO:colcon.colcon_ros.task.ament_cmake.build:Building ROS package in '/home/yuanyan/Robot/src/autonomous_exploration_development_environment/src/sensor_scan_generation' with build type 'ament_cmake'
[0.148s] INFO:colcon.colcon_cmake.task.cmake.build:Building CMake package in '/home/yuanyan/Robot/src/autonomous_exploration_development_environment/src/sensor_scan_generation'
[0.149s] INFO:colcon.colcon_core.shell:Skip shell extension 'powershell' for command environment: Not usable outside of PowerShell
[0.149s] DEBUG:colcon.colcon_core.shell:Skip shell extension 'dsv' for command environment
[0.150s] INFO:colcon.colcon_ros.task.ament_cmake.build:Building ROS package in '/home/yuanyan/Robot/src/autonomous_exploration_development_environment/src/terrain_analysis' with build type 'ament_cmake'
[0.150s] INFO:colcon.colcon_cmake.task.cmake.build:Building CMake package in '/home/yuanyan/Robot/src/autonomous_exploration_development_environment/src/terrain_analysis'
[0.151s] INFO:colcon.colcon_core.shell:Skip shell extension 'powershell' for command environment: Not usable outside of PowerShell
[0.151s] DEBUG:colcon.colcon_core.shell:Skip shell extension 'dsv' for command environment
[0.152s] INFO:colcon.colcon_ros.task.ament_cmake.build:Building ROS package in '/home/yuanyan/Robot/src/autonomous_exploration_development_environment/src/terrain_analysis_ext' with build type 'ament_cmake'
[0.152s] INFO:colcon.colcon_cmake.task.cmake.build:Building CMake package in '/home/yuanyan/Robot/src/autonomous_exploration_development_environment/src/terrain_analysis_ext'
[0.153s] INFO:colcon.colcon_core.shell:Skip shell extension 'powershell' for command environment: Not usable outside of PowerShell
[0.153s] DEBUG:colcon.colcon_core.shell:Skip shell extension 'dsv' for command environment
[0.154s] INFO:colcon.colcon_ros.task.ament_cmake.build:Building ROS package in '/home/yuanyan/Robot/src/autonomous_exploration_development_environment/src/vehicle_simulator' with build type 'ament_cmake'
[0.155s] INFO:colcon.colcon_cmake.task.cmake.build:Building CMake package in '/home/yuanyan/Robot/src/autonomous_exploration_development_environment/src/vehicle_simulator'
[0.155s] INFO:colcon.colcon_core.shell:Skip shell extension 'powershell' for command environment: Not usable outside of PowerShell
[0.155s] DEBUG:colcon.colcon_core.shell:Skip shell extension 'dsv' for command environment
[0.157s] INFO:colcon.colcon_ros.task.ament_cmake.build:Building ROS package in '/home/yuanyan/Robot/src/autonomous_exploration_development_environment/src/visualization_tools' with build type 'ament_cmake'
[0.157s] INFO:colcon.colcon_cmake.task.cmake.build:Building CMake package in '/home/yuanyan/Robot/src/autonomous_exploration_development_environment/src/visualization_tools'
[0.157s] INFO:colcon.colcon_core.shell:Skip shell extension 'powershell' for command environment: Not usable outside of PowerShell
[0.157s] DEBUG:colcon.colcon_core.shell:Skip shell extension 'dsv' for command environment
[0.159s] INFO:colcon.colcon_ros.task.ament_cmake.build:Building ROS package in '/home/yuanyan/Robot/src/autonomous_exploration_development_environment/src/waypoint_example' with build type 'ament_cmake'
[0.159s] INFO:colcon.colcon_cmake.task.cmake.build:Building CMake package in '/home/yuanyan/Robot/src/autonomous_exploration_development_environment/src/waypoint_example'
[0.159s] INFO:colcon.colcon_core.shell:Skip shell extension 'powershell' for command environment: Not usable outside of PowerShell
[0.159s] DEBUG:colcon.colcon_core.shell:Skip shell extension 'dsv' for command environment
[0.161s] INFO:colcon.colcon_ros.task.ament_cmake.build:Building ROS package in '/home/yuanyan/Robot/src/autonomous_exploration_development_environment/src/waypoint_rviz_plugin' with build type 'ament_cmake'
[0.161s] INFO:colcon.colcon_cmake.task.cmake.build:Building CMake package in '/home/yuanyan/Robot/src/autonomous_exploration_development_environment/src/waypoint_rviz_plugin'
[0.161s] INFO:colcon.colcon_core.shell:Skip shell extension 'powershell' for command environment: Not usable outside of PowerShell
[0.161s] DEBUG:colcon.colcon_core.shell:Skip shell extension 'dsv' for command environment
[0.166s] DEBUG:colcon.colcon_core.event_handler.log_command:Invoking command in '/home/yuanyan/Robot/build/loam_interface': CMAKE_PREFIX_PATH=${CMAKE_PREFIX_PATH}:/opt/ros/jazzy DEBUGINFOD_URLS=https://debuginfod.ubuntu.com /usr/bin/cmake --build /home/yuanyan/Robot/build/loam_interface -- -j16 -l16
[0.168s] DEBUG:colcon.colcon_core.event_handler.log_command:Invoking command in '/home/yuanyan/Robot/build/local_planner': CMAKE_PREFIX_PATH=${CMAKE_PREFIX_PATH}:/opt/ros/jazzy DEBUGINFOD_URLS=https://debuginfod.ubuntu.com /usr/bin/cmake --build /home/yuanyan/Robot/build/local_planner -- -j16 -l16
[0.169s] DEBUG:colcon.colcon_core.event_handler.log_command:Invoking command in '/home/yuanyan/Robot/build/sensor_scan_generation': CMAKE_PREFIX_PATH=${CMAKE_PREFIX_PATH}:/opt/ros/jazzy DEBUGINFOD_URLS=https://debuginfod.ubuntu.com /usr/bin/cmake --build /home/yuanyan/Robot/build/sensor_scan_generation -- -j16 -l16
[0.171s] DEBUG:colcon.colcon_core.event_handler.log_command:Invoking command in '/home/yuanyan/Robot/build/terrain_analysis': CMAKE_PREFIX_PATH=${CMAKE_PREFIX_PATH}:/opt/ros/jazzy DEBUGINFOD_URLS=https://debuginfod.ubuntu.com /usr/bin/cmake --build /home/yuanyan/Robot/build/terrain_analysis -- -j16 -l16
[0.172s] DEBUG:colcon.colcon_core.event_handler.log_command:Invoking command in '/home/yuanyan/Robot/build/terrain_analysis_ext': CMAKE_PREFIX_PATH=${CMAKE_PREFIX_PATH}:/opt/ros/jazzy DEBUGINFOD_URLS=https://debuginfod.ubuntu.com /usr/bin/cmake --build /home/yuanyan/Robot/build/terrain_analysis_ext -- -j16 -l16
[0.174s] DEBUG:colcon.colcon_core.event_handler.log_command:Invoking command in '/home/yuanyan/Robot/build/vehicle_simulator': CMAKE_PREFIX_PATH=${CMAKE_PREFIX_PATH}:/opt/ros/jazzy DEBUGINFOD_URLS=https://debuginfod.ubuntu.com /usr/bin/cmake --build /home/yuanyan/Robot/build/vehicle_simulator -- -j16 -l16
[0.176s] DEBUG:colcon.colcon_core.event_handler.log_command:Invoking command in '/home/yuanyan/Robot/build/visualization_tools': CMAKE_PREFIX_PATH=${CMAKE_PREFIX_PATH}:/opt/ros/jazzy DEBUGINFOD_URLS=https://debuginfod.ubuntu.com /usr/bin/cmake --build /home/yuanyan/Robot/build/visualization_tools -- -j16 -l16
[0.178s] DEBUG:colcon.colcon_core.event_handler.log_command:Invoking command in '/home/yuanyan/Robot/build/waypoint_example': CMAKE_PREFIX_PATH=${CMAKE_PREFIX_PATH}:/opt/ros/jazzy DEBUGINFOD_URLS=https://debuginfod.ubuntu.com /usr/bin/cmake --build /home/yuanyan/Robot/build/waypoint_example -- -j16 -l16
[0.183s] DEBUG:colcon.colcon_core.event_handler.log_command:Invoking command in '/home/yuanyan/Robot/build/waypoint_rviz_plugin': CMAKE_PREFIX_PATH=${CMAKE_PREFIX_PATH}:/opt/ros/jazzy DEBUGINFOD_URLS=https://debuginfod.ubuntu.com /usr/bin/cmake --build /home/yuanyan/Robot/build/waypoint_rviz_plugin -- -j16 -l16
[0.226s] DEBUG:colcon.colcon_core.event_handler.log_command:Invoked command in '/home/yuanyan/Robot/build/loam_interface' returned '0': CMAKE_PREFIX_PATH=${CMAKE_PREFIX_PATH}:/opt/ros/jazzy DEBUGINFOD_URLS=https://debuginfod.ubuntu.com /usr/bin/cmake --build /home/yuanyan/Robot/build/loam_interface -- -j16 -l16
[0.236s] DEBUG:colcon.colcon_core.event_handler.log_command:Invoking command in '/home/yuanyan/Robot/build/loam_interface': CMAKE_PREFIX_PATH=${CMAKE_PREFIX_PATH}:/opt/ros/jazzy DEBUGINFOD_URLS=https://debuginfod.ubuntu.com /usr/bin/cmake --install /home/yuanyan/Robot/build/loam_interface
[0.237s] DEBUG:colcon.colcon_core.event_handler.log_command:Invoked command in '/home/yuanyan/Robot/build/terrain_analysis' returned '0': CMAKE_PREFIX_PATH=${CMAKE_PREFIX_PATH}:/opt/ros/jazzy DEBUGINFOD_URLS=https://debuginfod.ubuntu.com /usr/bin/cmake --build /home/yuanyan/Robot/build/terrain_analysis -- -j16 -l16
[0.238s] DEBUG:colcon.colcon_core.event_handler.log_command:Invoking command in '/home/yuanyan/Robot/build/terrain_analysis': CMAKE_PREFIX_PATH=${CMAKE_PREFIX_PATH}:/opt/ros/jazzy DEBUGINFOD_URLS=https://debuginfod.ubuntu.com /usr/bin/cmake --install /home/yuanyan/Robot/build/terrain_analysis
[0.238s] DEBUG:colcon.colcon_core.event_handler.log_command:Invoked command in '/home/yuanyan/Robot/build/terrain_analysis_ext' returned '0': CMAKE_PREFIX_PATH=${CMAKE_PREFIX_PATH}:/opt/ros/jazzy DEBUGINFOD_URLS=https://debuginfod.ubuntu.com /usr/bin/cmake --build /home/yuanyan/Robot/build/terrain_analysis_ext -- -j16 -l16
[0.239s] DEBUG:colcon.colcon_core.event_handler.log_command:Invoking command in '/home/yuanyan/Robot/build/terrain_analysis_ext': CMAKE_PREFIX_PATH=${CMAKE_PREFIX_PATH}:/opt/ros/jazzy DEBUGINFOD_URLS=https://debuginfod.ubuntu.com /usr/bin/cmake --install /home/yuanyan/Robot/build/terrain_analysis_ext
[0.240s] DEBUG:colcon.colcon_core.event_handler.log_command:Invoked command in '/home/yuanyan/Robot/build/sensor_scan_generation' returned '0': CMAKE_PREFIX_PATH=${CMAKE_PREFIX_PATH}:/opt/ros/jazzy DEBUGINFOD_URLS=https://debuginfod.ubuntu.com /usr/bin/cmake --build /home/yuanyan/Robot/build/sensor_scan_generation -- -j16 -l16
[0.241s] DEBUG:colcon.colcon_core.event_handler.log_command:Invoking command in '/home/yuanyan/Robot/build/sensor_scan_generation': CMAKE_PREFIX_PATH=${CMAKE_PREFIX_PATH}:/opt/ros/jazzy DEBUGINFOD_URLS=https://debuginfod.ubuntu.com /usr/bin/cmake --install /home/yuanyan/Robot/build/sensor_scan_generation
[0.243s] DEBUG:colcon.colcon_core.event_handler.log_command:Invoked command in '/home/yuanyan/Robot/build/local_planner' returned '0': CMAKE_PREFIX_PATH=${CMAKE_PREFIX_PATH}:/opt/ros/jazzy DEBUGINFOD_URLS=https://debuginfod.ubuntu.com /usr/bin/cmake --build /home/yuanyan/Robot/build/local_planner -- -j16 -l16
[0.246s] DEBUG:colcon.colcon_core.event_handler.log_command:Invoking command in '/home/yuanyan/Robot/build/local_planner': CMAKE_PREFIX_PATH=${CMAKE_PREFIX_PATH}:/opt/ros/jazzy DEBUGINFOD_URLS=https://debuginfod.ubuntu.com /usr/bin/cmake --install /home/yuanyan/Robot/build/local_planner
[0.248s] DEBUG:colcon.colcon_core.event_handler.log_command:Invoked command in '/home/yuanyan/Robot/build/waypoint_example' returned '0': CMAKE_PREFIX_PATH=${CMAKE_PREFIX_PATH}:/opt/ros/jazzy DEBUGINFOD_URLS=https://debuginfod.ubuntu.com /usr/bin/cmake --build /home/yuanyan/Robot/build/waypoint_example -- -j16 -l16
[0.250s] DEBUG:colcon.colcon_core.event_handler.log_command:Invoking command in '/home/yuanyan/Robot/build/waypoint_example': CMAKE_PREFIX_PATH=${CMAKE_PREFIX_PATH}:/opt/ros/jazzy DEBUGINFOD_URLS=https://debuginfod.ubuntu.com /usr/bin/cmake --install /home/yuanyan/Robot/build/waypoint_example
[0.252s] Level 1:colcon.colcon_core.environment:create_environment_scripts_only(loam_interface)
[0.253s] DEBUG:colcon.colcon_core.event_handler.log_command:Invoked command in '/home/yuanyan/Robot/build/loam_interface' returned '0': CMAKE_PREFIX_PATH=${CMAKE_PREFIX_PATH}:/opt/ros/jazzy DEBUGINFOD_URLS=https://debuginfod.ubuntu.com /usr/bin/cmake --install /home/yuanyan/Robot/build/loam_interface
[0.259s] Level 1:colcon.colcon_core.environment:checking '/home/yuanyan/Robot/install/loam_interface' for CMake module files
[0.259s] Level 1:colcon.colcon_core.environment:checking '/home/yuanyan/Robot/install/loam_interface' for CMake config files
[0.260s] Level 1:colcon.colcon_core.shell:create_environment_hook('loam_interface', 'cmake_prefix_path')
[0.260s] INFO:colcon.colcon_core.shell:Creating environment hook '/home/yuanyan/Robot/install/loam_interface/share/loam_interface/hook/cmake_prefix_path.ps1'
[0.261s] INFO:colcon.colcon_core.shell:Creating environment descriptor '/home/yuanyan/Robot/install/loam_interface/share/loam_interface/hook/cmake_prefix_path.dsv'
[0.261s] INFO:colcon.colcon_core.shell:Creating environment hook '/home/yuanyan/Robot/install/loam_interface/share/loam_interface/hook/cmake_prefix_path.sh'
[0.262s] Level 1:colcon.colcon_core.environment:checking '/home/yuanyan/Robot/install/loam_interface/lib'
[0.262s] Level 1:colcon.colcon_core.environment:checking '/home/yuanyan/Robot/install/loam_interface/bin'
[0.262s] Level 1:colcon.colcon_core.environment:checking '/home/yuanyan/Robot/install/loam_interface/lib/pkgconfig/loam_interface.pc'
[0.262s] Level 1:colcon.colcon_core.environment:checking '/home/yuanyan/Robot/install/loam_interface/lib/python3.12/site-packages'
[0.262s] Level 1:colcon.colcon_core.environment:checking '/home/yuanyan/Robot/install/loam_interface/bin'
[0.262s] INFO:colcon.colcon_core.shell:Creating package script '/home/yuanyan/Robot/install/loam_interface/share/loam_interface/package.ps1'
[0.263s] INFO:colcon.colcon_core.shell:Creating package descriptor '/home/yuanyan/Robot/install/loam_interface/share/loam_interface/package.dsv'
[0.263s] INFO:colcon.colcon_core.shell:Creating package script '/home/yuanyan/Robot/install/loam_interface/share/loam_interface/package.sh'
[0.263s] INFO:colcon.colcon_core.shell:Creating package script '/home/yuanyan/Robot/install/loam_interface/share/loam_interface/package.bash'
[0.264s] INFO:colcon.colcon_core.shell:Creating package script '/home/yuanyan/Robot/install/loam_interface/share/loam_interface/package.zsh'
[0.264s] Level 1:colcon.colcon_core.environment:create_file_with_runtime_dependencies(/home/yuanyan/Robot/install/loam_interface/share/colcon-core/packages/loam_interface)
[0.264s] Level 1:colcon.colcon_core.environment:create_environment_scripts_only(loam_interface)
[0.264s] Level 1:colcon.colcon_core.environment:checking '/home/yuanyan/Robot/install/loam_interface' for CMake module files
[0.265s] Level 1:colcon.colcon_core.environment:checking '/home/yuanyan/Robot/install/loam_interface' for CMake config files
[0.265s] Level 1:colcon.colcon_core.shell:create_environment_hook('loam_interface', 'cmake_prefix_path')
[0.265s] INFO:colcon.colcon_core.shell:Creating environment hook '/home/yuanyan/Robot/install/loam_interface/share/loam_interface/hook/cmake_prefix_path.ps1'
[0.265s] INFO:colcon.colcon_core.shell:Creating environment descriptor '/home/yuanyan/Robot/install/loam_interface/share/loam_interface/hook/cmake_prefix_path.dsv'
[0.265s] INFO:colcon.colcon_core.shell:Creating environment hook '/home/yuanyan/Robot/install/loam_interface/share/loam_interface/hook/cmake_prefix_path.sh'
[0.266s] Level 1:colcon.colcon_core.environment:checking '/home/yuanyan/Robot/install/loam_interface/lib'
[0.266s] Level 1:colcon.colcon_core.environment:checking '/home/yuanyan/Robot/install/loam_interface/bin'
[0.266s] Level 1:colcon.colcon_core.environment:checking '/home/yuanyan/Robot/install/loam_interface/lib/pkgconfig/loam_interface.pc'
[0.266s] Level 1:colcon.colcon_core.environment:checking '/home/yuanyan/Robot/install/loam_interface/lib/python3.12/site-packages'
[0.266s] Level 1:colcon.colcon_core.environment:checking '/home/yuanyan/Robot/install/loam_interface/bin'
[0.266s] INFO:colcon.colcon_core.shell:Creating package script '/home/yuanyan/Robot/install/loam_interface/share/loam_interface/package.ps1'
[0.266s] INFO:colcon.colcon_core.shell:Creating package descriptor '/home/yuanyan/Robot/install/loam_interface/share/loam_interface/package.dsv'
[0.266s] INFO:colcon.colcon_core.shell:Creating package script '/home/yuanyan/Robot/install/loam_interface/share/loam_interface/package.sh'
[0.267s] INFO:colcon.colcon_core.shell:Creating package script '/home/yuanyan/Robot/install/loam_interface/share/loam_interface/package.bash'
[0.267s] INFO:colcon.colcon_core.shell:Creating package script '/home/yuanyan/Robot/install/loam_interface/share/loam_interface/package.zsh'
[0.267s] Level 1:colcon.colcon_core.environment:create_file_with_runtime_dependencies(/home/yuanyan/Robot/install/loam_interface/share/colcon-core/packages/loam_interface)
[0.269s] DEBUG:colcon.colcon_core.event_handler.log_command:Invoked command in '/home/yuanyan/Robot/build/vehicle_simulator' returned '0': CMAKE_PREFIX_PATH=${CMAKE_PREFIX_PATH}:/opt/ros/jazzy DEBUGINFOD_URLS=https://debuginfod.ubuntu.com /usr/bin/cmake --build /home/yuanyan/Robot/build/vehicle_simulator -- -j16 -l16
[0.270s] DEBUG:colcon.colcon_core.event_handler.log_command:Invoking command in '/home/yuanyan/Robot/build/vehicle_simulator': CMAKE_PREFIX_PATH=${CMAKE_PREFIX_PATH}:/opt/ros/jazzy DEBUGINFOD_URLS=https://debuginfod.ubuntu.com /usr/bin/cmake --install /home/yuanyan/Robot/build/vehicle_simulator
[0.270s] Level 1:colcon.colcon_core.environment:create_environment_scripts_only(terrain_analysis_ext)
[0.270s] Level 1:colcon.colcon_core.environment:checking '/home/yuanyan/Robot/install/terrain_analysis_ext' for CMake module files
[0.270s] DEBUG:colcon.colcon_core.event_handler.log_command:Invoked command in '/home/yuanyan/Robot/build/terrain_analysis_ext' returned '0': CMAKE_PREFIX_PATH=${CMAKE_PREFIX_PATH}:/opt/ros/jazzy DEBUGINFOD_URLS=https://debuginfod.ubuntu.com /usr/bin/cmake --install /home/yuanyan/Robot/build/terrain_analysis_ext
[0.270s] Level 1:colcon.colcon_core.environment:checking '/home/yuanyan/Robot/install/terrain_analysis_ext' for CMake config files
[0.270s] Level 1:colcon.colcon_core.shell:create_environment_hook('terrain_analysis_ext', 'cmake_prefix_path')
[0.271s] INFO:colcon.colcon_core.shell:Creating environment hook '/home/yuanyan/Robot/install/terrain_analysis_ext/share/terrain_analysis_ext/hook/cmake_prefix_path.ps1'
[0.271s] INFO:colcon.colcon_core.shell:Creating environment descriptor '/home/yuanyan/Robot/install/terrain_analysis_ext/share/terrain_analysis_ext/hook/cmake_prefix_path.dsv'
[0.271s] INFO:colcon.colcon_core.shell:Creating environment hook '/home/yuanyan/Robot/install/terrain_analysis_ext/share/terrain_analysis_ext/hook/cmake_prefix_path.sh'
[0.271s] Level 1:colcon.colcon_core.environment:checking '/home/yuanyan/Robot/install/terrain_analysis_ext/lib'
[0.271s] Level 1:colcon.colcon_core.environment:checking '/home/yuanyan/Robot/install/terrain_analysis_ext/bin'
[0.271s] Level 1:colcon.colcon_core.environment:checking '/home/yuanyan/Robot/install/terrain_analysis_ext/lib/pkgconfig/terrain_analysis_ext.pc'
[0.272s] Level 1:colcon.colcon_core.environment:checking '/home/yuanyan/Robot/install/terrain_analysis_ext/lib/python3.12/site-packages'
[0.272s] Level 1:colcon.colcon_core.environment:checking '/home/yuanyan/Robot/install/terrain_analysis_ext/bin'
[0.272s] INFO:colcon.colcon_core.shell:Creating package script '/home/yuanyan/Robot/install/terrain_analysis_ext/share/terrain_analysis_ext/package.ps1'
[0.272s] INFO:colcon.colcon_core.shell:Creating package descriptor '/home/yuanyan/Robot/install/terrain_analysis_ext/share/terrain_analysis_ext/package.dsv'
[0.272s] INFO:colcon.colcon_core.shell:Creating package script '/home/yuanyan/Robot/install/terrain_analysis_ext/share/terrain_analysis_ext/package.sh'
[0.273s] INFO:colcon.colcon_core.shell:Creating package script '/home/yuanyan/Robot/install/terrain_analysis_ext/share/terrain_analysis_ext/package.bash'
[0.273s] INFO:colcon.colcon_core.shell:Creating package script '/home/yuanyan/Robot/install/terrain_analysis_ext/share/terrain_analysis_ext/package.zsh'
[0.273s] Level 1:colcon.colcon_core.environment:create_file_with_runtime_dependencies(/home/yuanyan/Robot/install/terrain_analysis_ext/share/colcon-core/packages/terrain_analysis_ext)
[0.273s] Level 1:colcon.colcon_core.environment:create_environment_scripts_only(terrain_analysis_ext)
[0.273s] Level 1:colcon.colcon_core.environment:checking '/home/yuanyan/Robot/install/terrain_analysis_ext' for CMake module files
[0.274s] Level 1:colcon.colcon_core.environment:checking '/home/yuanyan/Robot/install/terrain_analysis_ext' for CMake config files
[0.274s] Level 1:colcon.colcon_core.shell:create_environment_hook('terrain_analysis_ext', 'cmake_prefix_path')
[0.274s] INFO:colcon.colcon_core.shell:Creating environment hook '/home/yuanyan/Robot/install/terrain_analysis_ext/share/terrain_analysis_ext/hook/cmake_prefix_path.ps1'
[0.274s] INFO:colcon.colcon_core.shell:Creating environment descriptor '/home/yuanyan/Robot/install/terrain_analysis_ext/share/terrain_analysis_ext/hook/cmake_prefix_path.dsv'
[0.274s] INFO:colcon.colcon_core.shell:Creating environment hook '/home/yuanyan/Robot/install/terrain_analysis_ext/share/terrain_analysis_ext/hook/cmake_prefix_path.sh'
[0.275s] Level 1:colcon.colcon_core.environment:checking '/home/yuanyan/Robot/install/terrain_analysis_ext/lib'
[0.275s] Level 1:colcon.colcon_core.environment:checking '/home/yuanyan/Robot/install/terrain_analysis_ext/bin'
[0.275s] Level 1:colcon.colcon_core.environment:checking '/home/yuanyan/Robot/install/terrain_analysis_ext/lib/pkgconfig/terrain_analysis_ext.pc'
[0.275s] Level 1:colcon.colcon_core.environment:checking '/home/yuanyan/Robot/install/terrain_analysis_ext/lib/python3.12/site-packages'
[0.275s] Level 1:colcon.colcon_core.environment:checking '/home/yuanyan/Robot/install/terrain_analysis_ext/bin'
[0.275s] INFO:colcon.colcon_core.shell:Creating package script '/home/yuanyan/Robot/install/terrain_analysis_ext/share/terrain_analysis_ext/package.ps1'
[0.275s] INFO:colcon.colcon_core.shell:Creating package descriptor '/home/yuanyan/Robot/install/terrain_analysis_ext/share/terrain_analysis_ext/package.dsv'
[0.276s] INFO:colcon.colcon_core.shell:Creating package script '/home/yuanyan/Robot/install/terrain_analysis_ext/share/terrain_analysis_ext/package.sh'
[0.276s] INFO:colcon.colcon_core.shell:Creating package script '/home/yuanyan/Robot/install/terrain_analysis_ext/share/terrain_analysis_ext/package.bash'
[0.276s] INFO:colcon.colcon_core.shell:Creating package script '/home/yuanyan/Robot/install/terrain_analysis_ext/share/terrain_analysis_ext/package.zsh'
[0.276s] Level 1:colcon.colcon_core.environment:create_file_with_runtime_dependencies(/home/yuanyan/Robot/install/terrain_analysis_ext/share/colcon-core/packages/terrain_analysis_ext)
[0.276s] Level 1:colcon.colcon_core.environment:create_environment_scripts_only(terrain_analysis)
[0.276s] Level 1:colcon.colcon_core.environment:checking '/home/yuanyan/Robot/install/terrain_analysis' for CMake module files
[0.277s] Level 1:colcon.colcon_core.environment:checking '/home/yuanyan/Robot/install/terrain_analysis' for CMake config files
[0.277s] DEBUG:colcon.colcon_core.event_handler.log_command:Invoked command in '/home/yuanyan/Robot/build/terrain_analysis' returned '0': CMAKE_PREFIX_PATH=${CMAKE_PREFIX_PATH}:/opt/ros/jazzy DEBUGINFOD_URLS=https://debuginfod.ubuntu.com /usr/bin/cmake --install /home/yuanyan/Robot/build/terrain_analysis
[0.277s] Level 1:colcon.colcon_core.shell:create_environment_hook('terrain_analysis', 'cmake_prefix_path')
[0.277s] INFO:colcon.colcon_core.shell:Creating environment hook '/home/yuanyan/Robot/install/terrain_analysis/share/terrain_analysis/hook/cmake_prefix_path.ps1'
[0.278s] INFO:colcon.colcon_core.shell:Creating environment descriptor '/home/yuanyan/Robot/install/terrain_analysis/share/terrain_analysis/hook/cmake_prefix_path.dsv'
[0.278s] INFO:colcon.colcon_core.shell:Creating environment hook '/home/yuanyan/Robot/install/terrain_analysis/share/terrain_analysis/hook/cmake_prefix_path.sh'
[0.278s] Level 1:colcon.colcon_core.environment:checking '/home/yuanyan/Robot/install/terrain_analysis/lib'
[0.278s] Level 1:colcon.colcon_core.environment:checking '/home/yuanyan/Robot/install/terrain_analysis/bin'
[0.278s] Level 1:colcon.colcon_core.environment:checking '/home/yuanyan/Robot/install/terrain_analysis/lib/pkgconfig/terrain_analysis.pc'
[0.278s] Level 1:colcon.colcon_core.environment:checking '/home/yuanyan/Robot/install/terrain_analysis/lib/python3.12/site-packages'
[0.278s] Level 1:colcon.colcon_core.environment:checking '/home/yuanyan/Robot/install/terrain_analysis/bin'
[0.279s] INFO:colcon.colcon_core.shell:Creating package script '/home/yuanyan/Robot/install/terrain_analysis/share/terrain_analysis/package.ps1'
[0.279s] INFO:colcon.colcon_core.shell:Creating package descriptor '/home/yuanyan/Robot/install/terrain_analysis/share/terrain_analysis/package.dsv'
[0.279s] INFO:colcon.colcon_core.shell:Creating package script '/home/yuanyan/Robot/install/terrain_analysis/share/terrain_analysis/package.sh'
[0.279s] INFO:colcon.colcon_core.shell:Creating package script '/home/yuanyan/Robot/install/terrain_analysis/share/terrain_analysis/package.bash'
[0.280s] INFO:colcon.colcon_core.shell:Creating package script '/home/yuanyan/Robot/install/terrain_analysis/share/terrain_analysis/package.zsh'
[0.280s] Level 1:colcon.colcon_core.environment:create_file_with_runtime_dependencies(/home/yuanyan/Robot/install/terrain_analysis/share/colcon-core/packages/terrain_analysis)
[0.280s] Level 1:colcon.colcon_core.environment:create_environment_scripts_only(terrain_analysis)
[0.280s] Level 1:colcon.colcon_core.environment:checking '/home/yuanyan/Robot/install/terrain_analysis' for CMake module files
[0.280s] Level 1:colcon.colcon_core.environment:checking '/home/yuanyan/Robot/install/terrain_analysis' for CMake config files
[0.281s] Level 1:colcon.colcon_core.shell:create_environment_hook('terrain_analysis', 'cmake_prefix_path')
[0.281s] INFO:colcon.colcon_core.shell:Creating environment hook '/home/yuanyan/Robot/install/terrain_analysis/share/terrain_analysis/hook/cmake_prefix_path.ps1'
[0.281s] INFO:colcon.colcon_core.shell:Creating environment descriptor '/home/yuanyan/Robot/install/terrain_analysis/share/terrain_analysis/hook/cmake_prefix_path.dsv'
[0.281s] INFO:colcon.colcon_core.shell:Creating environment hook '/home/yuanyan/Robot/install/terrain_analysis/share/terrain_analysis/hook/cmake_prefix_path.sh'
[0.281s] Level 1:colcon.colcon_core.environment:checking '/home/yuanyan/Robot/install/terrain_analysis/lib'
[0.281s] Level 1:colcon.colcon_core.environment:checking '/home/yuanyan/Robot/install/terrain_analysis/bin'
[0.281s] Level 1:colcon.colcon_core.environment:checking '/home/yuanyan/Robot/install/terrain_analysis/lib/pkgconfig/terrain_analysis.pc'
[0.282s] Level 1:colcon.colcon_core.environment:checking '/home/yuanyan/Robot/install/terrain_analysis/lib/python3.12/site-packages'
[0.282s] Level 1:colcon.colcon_core.environment:checking '/home/yuanyan/Robot/install/terrain_analysis/bin'
[0.282s] INFO:colcon.colcon_core.shell:Creating package script '/home/yuanyan/Robot/install/terrain_analysis/share/terrain_analysis/package.ps1'
[0.282s] INFO:colcon.colcon_core.shell:Creating package descriptor '/home/yuanyan/Robot/install/terrain_analysis/share/terrain_analysis/package.dsv'
[0.282s] INFO:colcon.colcon_core.shell:Creating package script '/home/yuanyan/Robot/install/terrain_analysis/share/terrain_analysis/package.sh'
[0.282s] INFO:colcon.colcon_core.shell:Creating package script '/home/yuanyan/Robot/install/terrain_analysis/share/terrain_analysis/package.bash'
[0.283s] INFO:colcon.colcon_core.shell:Creating package script '/home/yuanyan/Robot/install/terrain_analysis/share/terrain_analysis/package.zsh'
[0.283s] Level 1:colcon.colcon_core.environment:create_file_with_runtime_dependencies(/home/yuanyan/Robot/install/terrain_analysis/share/colcon-core/packages/terrain_analysis)
[0.283s] Level 1:colcon.colcon_core.environment:create_environment_scripts_only(sensor_scan_generation)
[0.283s] Level 1:colcon.colcon_core.environment:checking '/home/yuanyan/Robot/install/sensor_scan_generation' for CMake module files
[0.284s] DEBUG:colcon.colcon_core.event_handler.log_command:Invoked command in '/home/yuanyan/Robot/build/sensor_scan_generation' returned '0': CMAKE_PREFIX_PATH=${CMAKE_PREFIX_PATH}:/opt/ros/jazzy DEBUGINFOD_URLS=https://debuginfod.ubuntu.com /usr/bin/cmake --install /home/yuanyan/Robot/build/sensor_scan_generation
[0.284s] Level 1:colcon.colcon_core.environment:checking '/home/yuanyan/Robot/install/sensor_scan_generation' for CMake config files
[0.284s] Level 1:colcon.colcon_core.shell:create_environment_hook('sensor_scan_generation', 'cmake_prefix_path')
[0.284s] INFO:colcon.colcon_core.shell:Creating environment hook '/home/yuanyan/Robot/install/sensor_scan_generation/share/sensor_scan_generation/hook/cmake_prefix_path.ps1'
[0.284s] INFO:colcon.colcon_core.shell:Creating environment descriptor '/home/yuanyan/Robot/install/sensor_scan_generation/share/sensor_scan_generation/hook/cmake_prefix_path.dsv'
[0.284s] INFO:colcon.colcon_core.shell:Creating environment hook '/home/yuanyan/Robot/install/sensor_scan_generation/share/sensor_scan_generation/hook/cmake_prefix_path.sh'
[0.285s] Level 1:colcon.colcon_core.environment:checking '/home/yuanyan/Robot/install/sensor_scan_generation/lib'
[0.285s] Level 1:colcon.colcon_core.environment:checking '/home/yuanyan/Robot/install/sensor_scan_generation/bin'
[0.285s] Level 1:colcon.colcon_core.environment:checking '/home/yuanyan/Robot/install/sensor_scan_generation/lib/pkgconfig/sensor_scan_generation.pc'
[0.285s] Level 1:colcon.colcon_core.environment:checking '/home/yuanyan/Robot/install/sensor_scan_generation/lib/python3.12/site-packages'
[0.285s] Level 1:colcon.colcon_core.environment:checking '/home/yuanyan/Robot/install/sensor_scan_generation/bin'
[0.285s] INFO:colcon.colcon_core.shell:Creating package script '/home/yuanyan/Robot/install/sensor_scan_generation/share/sensor_scan_generation/package.ps1'
[0.285s] INFO:colcon.colcon_core.shell:Creating package descriptor '/home/yuanyan/Robot/install/sensor_scan_generation/share/sensor_scan_generation/package.dsv'
[0.286s] INFO:colcon.colcon_core.shell:Creating package script '/home/yuanyan/Robot/install/sensor_scan_generation/share/sensor_scan_generation/package.sh'
[0.286s] INFO:colcon.colcon_core.shell:Creating package script '/home/yuanyan/Robot/install/sensor_scan_generation/share/sensor_scan_generation/package.bash'
[0.286s] INFO:colcon.colcon_core.shell:Creating package script '/home/yuanyan/Robot/install/sensor_scan_generation/share/sensor_scan_generation/package.zsh'
[0.287s] Level 1:colcon.colcon_core.environment:create_file_with_runtime_dependencies(/home/yuanyan/Robot/install/sensor_scan_generation/share/colcon-core/packages/sensor_scan_generation)
[0.287s] Level 1:colcon.colcon_core.environment:create_environment_scripts_only(sensor_scan_generation)
[0.287s] Level 1:colcon.colcon_core.environment:checking '/home/yuanyan/Robot/install/sensor_scan_generation' for CMake module files
[0.288s] Level 1:colcon.colcon_core.environment:checking '/home/yuanyan/Robot/install/sensor_scan_generation' for CMake config files
[0.288s] Level 1:colcon.colcon_core.shell:create_environment_hook('sensor_scan_generation', 'cmake_prefix_path')
[0.288s] INFO:colcon.colcon_core.shell:Creating environment hook '/home/yuanyan/Robot/install/sensor_scan_generation/share/sensor_scan_generation/hook/cmake_prefix_path.ps1'
[0.289s] INFO:colcon.colcon_core.shell:Creating environment descriptor '/home/yuanyan/Robot/install/sensor_scan_generation/share/sensor_scan_generation/hook/cmake_prefix_path.dsv'
[0.289s] INFO:colcon.colcon_core.shell:Creating environment hook '/home/yuanyan/Robot/install/sensor_scan_generation/share/sensor_scan_generation/hook/cmake_prefix_path.sh'
[0.290s] Level 1:colcon.colcon_core.environment:checking '/home/yuanyan/Robot/install/sensor_scan_generation/lib'
[0.290s] Level 1:colcon.colcon_core.environment:checking '/home/yuanyan/Robot/install/sensor_scan_generation/bin'
[0.290s] Level 1:colcon.colcon_core.environment:checking '/home/yuanyan/Robot/install/sensor_scan_generation/lib/pkgconfig/sensor_scan_generation.pc'
[0.290s] Level 1:colcon.colcon_core.environment:checking '/home/yuanyan/Robot/install/sensor_scan_generation/lib/python3.12/site-packages'
[0.290s] Level 1:colcon.colcon_core.environment:checking '/home/yuanyan/Robot/install/sensor_scan_generation/bin'
[0.290s] INFO:colcon.colcon_core.shell:Creating package script '/home/yuanyan/Robot/install/sensor_scan_generation/share/sensor_scan_generation/package.ps1'
[0.291s] INFO:colcon.colcon_core.shell:Creating package descriptor '/home/yuanyan/Robot/install/sensor_scan_generation/share/sensor_scan_generation/package.dsv'
[0.291s] INFO:colcon.colcon_core.shell:Creating package script '/home/yuanyan/Robot/install/sensor_scan_generation/share/sensor_scan_generation/package.sh'
[0.292s] INFO:colcon.colcon_core.shell:Creating package script '/home/yuanyan/Robot/install/sensor_scan_generation/share/sensor_scan_generation/package.bash'
[0.292s] INFO:colcon.colcon_core.shell:Creating package script '/home/yuanyan/Robot/install/sensor_scan_generation/share/sensor_scan_generation/package.zsh'
[0.293s] Level 1:colcon.colcon_core.environment:create_file_with_runtime_dependencies(/home/yuanyan/Robot/install/sensor_scan_generation/share/colcon-core/packages/sensor_scan_generation)
[0.293s] Level 1:colcon.colcon_core.environment:create_environment_scripts_only(local_planner)
[0.293s] Level 1:colcon.colcon_core.environment:checking '/home/yuanyan/Robot/install/local_planner' for CMake module files
[0.293s] DEBUG:colcon.colcon_core.event_handler.log_command:Invoked command in '/home/yuanyan/Robot/build/local_planner' returned '0': CMAKE_PREFIX_PATH=${CMAKE_PREFIX_PATH}:/opt/ros/jazzy DEBUGINFOD_URLS=https://debuginfod.ubuntu.com /usr/bin/cmake --install /home/yuanyan/Robot/build/local_planner
[0.294s] Level 1:colcon.colcon_core.environment:checking '/home/yuanyan/Robot/install/local_planner' for CMake config files
[0.294s] Level 1:colcon.colcon_core.shell:create_environment_hook('local_planner', 'cmake_prefix_path')
[0.294s] INFO:colcon.colcon_core.shell:Creating environment hook '/home/yuanyan/Robot/install/local_planner/share/local_planner/hook/cmake_prefix_path.ps1'
[0.295s] INFO:colcon.colcon_core.shell:Creating environment descriptor '/home/yuanyan/Robot/install/local_planner/share/local_planner/hook/cmake_prefix_path.dsv'
[0.295s] INFO:colcon.colcon_core.shell:Creating environment hook '/home/yuanyan/Robot/install/local_planner/share/local_planner/hook/cmake_prefix_path.sh'
[0.296s] Level 1:colcon.colcon_core.environment:checking '/home/yuanyan/Robot/install/local_planner/lib'
[0.296s] Level 1:colcon.colcon_core.environment:checking '/home/yuanyan/Robot/install/local_planner/bin'
[0.296s] Level 1:colcon.colcon_core.environment:checking '/home/yuanyan/Robot/install/local_planner/lib/pkgconfig/local_planner.pc'
[0.296s] Level 1:colcon.colcon_core.environment:checking '/home/yuanyan/Robot/install/local_planner/lib/python3.12/site-packages'
[0.296s] Level 1:colcon.colcon_core.environment:checking '/home/yuanyan/Robot/install/local_planner/bin'
[0.296s] INFO:colcon.colcon_core.shell:Creating package script '/home/yuanyan/Robot/install/local_planner/share/local_planner/package.ps1'
[0.296s] INFO:colcon.colcon_core.shell:Creating package descriptor '/home/yuanyan/Robot/install/local_planner/share/local_planner/package.dsv'
[0.296s] INFO:colcon.colcon_core.shell:Creating package script '/home/yuanyan/Robot/install/local_planner/share/local_planner/package.sh'
[0.297s] INFO:colcon.colcon_core.shell:Creating package script '/home/yuanyan/Robot/install/local_planner/share/local_planner/package.bash'
[0.297s] INFO:colcon.colcon_core.shell:Creating package script '/home/yuanyan/Robot/install/local_planner/share/local_planner/package.zsh'
[0.297s] Level 1:colcon.colcon_core.environment:create_file_with_runtime_dependencies(/home/yuanyan/Robot/install/local_planner/share/colcon-core/packages/local_planner)
[0.297s] Level 1:colcon.colcon_core.environment:create_environment_scripts_only(local_planner)
[0.297s] Level 1:colcon.colcon_core.environment:checking '/home/yuanyan/Robot/install/local_planner' for CMake module files
[0.298s] Level 1:colcon.colcon_core.environment:checking '/home/yuanyan/Robot/install/local_planner' for CMake config files
[0.298s] Level 1:colcon.colcon_core.shell:create_environment_hook('local_planner', 'cmake_prefix_path')
[0.298s] INFO:colcon.colcon_core.shell:Creating environment hook '/home/yuanyan/Robot/install/local_planner/share/local_planner/hook/cmake_prefix_path.ps1'
[0.298s] INFO:colcon.colcon_core.shell:Creating environment descriptor '/home/yuanyan/Robot/install/local_planner/share/local_planner/hook/cmake_prefix_path.dsv'
[0.298s] INFO:colcon.colcon_core.shell:Creating environment hook '/home/yuanyan/Robot/install/local_planner/share/local_planner/hook/cmake_prefix_path.sh'
[0.298s] Level 1:colcon.colcon_core.environment:checking '/home/yuanyan/Robot/install/local_planner/lib'
[0.298s] Level 1:colcon.colcon_core.environment:checking '/home/yuanyan/Robot/install/local_planner/bin'
[0.299s] Level 1:colcon.colcon_core.environment:checking '/home/yuanyan/Robot/install/local_planner/lib/pkgconfig/local_planner.pc'
[0.299s] Level 1:colcon.colcon_core.environment:checking '/home/yuanyan/Robot/install/local_planner/lib/python3.12/site-packages'
[0.299s] Level 1:colcon.colcon_core.environment:checking '/home/yuanyan/Robot/install/local_planner/bin'
[0.299s] INFO:colcon.colcon_core.shell:Creating package script '/home/yuanyan/Robot/install/local_planner/share/local_planner/package.ps1'
[0.299s] INFO:colcon.colcon_core.shell:Creating package descriptor '/home/yuanyan/Robot/install/local_planner/share/local_planner/package.dsv'
[0.300s] INFO:colcon.colcon_core.shell:Creating package script '/home/yuanyan/Robot/install/local_planner/share/local_planner/package.sh'
[0.300s] INFO:colcon.colcon_core.shell:Creating package script '/home/yuanyan/Robot/install/local_planner/share/local_planner/package.bash'
[0.300s] INFO:colcon.colcon_core.shell:Creating package script '/home/yuanyan/Robot/install/local_planner/share/local_planner/package.zsh'
[0.300s] Level 1:colcon.colcon_core.environment:create_file_with_runtime_dependencies(/home/yuanyan/Robot/install/local_planner/share/colcon-core/packages/local_planner)
[0.301s] Level 1:colcon.colcon_core.environment:create_environment_scripts_only(waypoint_example)
[0.301s] Level 1:colcon.colcon_core.environment:checking '/home/yuanyan/Robot/install/waypoint_example' for CMake module files
[0.301s] DEBUG:colcon.colcon_core.event_handler.log_command:Invoked command in '/home/yuanyan/Robot/build/waypoint_example' returned '0': CMAKE_PREFIX_PATH=${CMAKE_PREFIX_PATH}:/opt/ros/jazzy DEBUGINFOD_URLS=https://debuginfod.ubuntu.com /usr/bin/cmake --install /home/yuanyan/Robot/build/waypoint_example
[0.302s] Level 1:colcon.colcon_core.environment:checking '/home/yuanyan/Robot/install/waypoint_example' for CMake config files
[0.302s] Level 1:colcon.colcon_core.shell:create_environment_hook('waypoint_example', 'cmake_prefix_path')
[0.302s] INFO:colcon.colcon_core.shell:Creating environment hook '/home/yuanyan/Robot/install/waypoint_example/share/waypoint_example/hook/cmake_prefix_path.ps1'
[0.302s] INFO:colcon.colcon_core.shell:Creating environment descriptor '/home/yuanyan/Robot/install/waypoint_example/share/waypoint_example/hook/cmake_prefix_path.dsv'
[0.303s] INFO:colcon.colcon_core.shell:Creating environment hook '/home/yuanyan/Robot/install/waypoint_example/share/waypoint_example/hook/cmake_prefix_path.sh'
[0.303s] Level 1:colcon.colcon_core.environment:checking '/home/yuanyan/Robot/install/waypoint_example/lib'
[0.303s] Level 1:colcon.colcon_core.environment:checking '/home/yuanyan/Robot/install/waypoint_example/bin'
[0.303s] Level 1:colcon.colcon_core.environment:checking '/home/yuanyan/Robot/install/waypoint_example/lib/pkgconfig/waypoint_example.pc'
[0.303s] Level 1:colcon.colcon_core.environment:checking '/home/yuanyan/Robot/install/waypoint_example/lib/python3.12/site-packages'
[0.303s] Level 1:colcon.colcon_core.environment:checking '/home/yuanyan/Robot/install/waypoint_example/bin'
[0.303s] INFO:colcon.colcon_core.shell:Creating package script '/home/yuanyan/Robot/install/waypoint_example/share/waypoint_example/package.ps1'
[0.303s] INFO:colcon.colcon_core.shell:Creating package descriptor '/home/yuanyan/Robot/install/waypoint_example/share/waypoint_example/package.dsv'
[0.304s] INFO:colcon.colcon_core.shell:Creating package script '/home/yuanyan/Robot/install/waypoint_example/share/waypoint_example/package.sh'
[0.304s] INFO:colcon.colcon_core.shell:Creating package script '/home/yuanyan/Robot/install/waypoint_example/share/waypoint_example/package.bash'
[0.304s] INFO:colcon.colcon_core.shell:Creating package script '/home/yuanyan/Robot/install/waypoint_example/share/waypoint_example/package.zsh'
[0.304s] Level 1:colcon.colcon_core.environment:create_file_with_runtime_dependencies(/home/yuanyan/Robot/install/waypoint_example/share/colcon-core/packages/waypoint_example)
[0.304s] Level 1:colcon.colcon_core.environment:create_environment_scripts_only(waypoint_example)
[0.304s] Level 1:colcon.colcon_core.environment:checking '/home/yuanyan/Robot/install/waypoint_example' for CMake module files
[0.305s] Level 1:colcon.colcon_core.environment:checking '/home/yuanyan/Robot/install/waypoint_example' for CMake config files
[0.305s] Level 1:colcon.colcon_core.shell:create_environment_hook('waypoint_example', 'cmake_prefix_path')
[0.305s] INFO:colcon.colcon_core.shell:Creating environment hook '/home/yuanyan/Robot/install/waypoint_example/share/waypoint_example/hook/cmake_prefix_path.ps1'
[0.305s] INFO:colcon.colcon_core.shell:Creating environment descriptor '/home/yuanyan/Robot/install/waypoint_example/share/waypoint_example/hook/cmake_prefix_path.dsv'
[0.305s] INFO:colcon.colcon_core.shell:Creating environment hook '/home/yuanyan/Robot/install/waypoint_example/share/waypoint_example/hook/cmake_prefix_path.sh'
[0.306s] Level 1:colcon.colcon_core.environment:checking '/home/yuanyan/Robot/install/waypoint_example/lib'
[0.306s] Level 1:colcon.colcon_core.environment:checking '/home/yuanyan/Robot/install/waypoint_example/bin'
[0.306s] Level 1:colcon.colcon_core.environment:checking '/home/yuanyan/Robot/install/waypoint_example/lib/pkgconfig/waypoint_example.pc'
[0.306s] Level 1:colcon.colcon_core.environment:checking '/home/yuanyan/Robot/install/waypoint_example/lib/python3.12/site-packages'
[0.306s] Level 1:colcon.colcon_core.environment:checking '/home/yuanyan/Robot/install/waypoint_example/bin'
[0.306s] INFO:colcon.colcon_core.shell:Creating package script '/home/yuanyan/Robot/install/waypoint_example/share/waypoint_example/package.ps1'
[0.306s] INFO:colcon.colcon_core.shell:Creating package descriptor '/home/yuanyan/Robot/install/waypoint_example/share/waypoint_example/package.dsv'
[0.307s] INFO:colcon.colcon_core.shell:Creating package script '/home/yuanyan/Robot/install/waypoint_example/share/waypoint_example/package.sh'
[0.307s] INFO:colcon.colcon_core.shell:Creating package script '/home/yuanyan/Robot/install/waypoint_example/share/waypoint_example/package.bash'
[0.307s] INFO:colcon.colcon_core.shell:Creating package script '/home/yuanyan/Robot/install/waypoint_example/share/waypoint_example/package.zsh'
[0.307s] Level 1:colcon.colcon_core.environment:create_file_with_runtime_dependencies(/home/yuanyan/Robot/install/waypoint_example/share/colcon-core/packages/waypoint_example)
[0.308s] DEBUG:colcon.colcon_core.event_handler.log_command:Invoked command in '/home/yuanyan/Robot/build/waypoint_rviz_plugin' returned '0': CMAKE_PREFIX_PATH=${CMAKE_PREFIX_PATH}:/opt/ros/jazzy DEBUGINFOD_URLS=https://debuginfod.ubuntu.com /usr/bin/cmake --build /home/yuanyan/Robot/build/waypoint_rviz_plugin -- -j16 -l16
[0.309s] DEBUG:colcon.colcon_core.event_handler.log_command:Invoking command in '/home/yuanyan/Robot/build/waypoint_rviz_plugin': CMAKE_PREFIX_PATH=${CMAKE_PREFIX_PATH}:/opt/ros/jazzy DEBUGINFOD_URLS=https://debuginfod.ubuntu.com /usr/bin/cmake --install /home/yuanyan/Robot/build/waypoint_rviz_plugin
[0.324s] Level 1:colcon.colcon_core.environment:create_environment_scripts_only(waypoint_rviz_plugin)
[0.324s] Level 1:colcon.colcon_core.environment:checking '/home/yuanyan/Robot/install/waypoint_rviz_plugin' for CMake module files
[0.325s] DEBUG:colcon.colcon_core.event_handler.log_command:Invoked command in '/home/yuanyan/Robot/build/waypoint_rviz_plugin' returned '0': CMAKE_PREFIX_PATH=${CMAKE_PREFIX_PATH}:/opt/ros/jazzy DEBUGINFOD_URLS=https://debuginfod.ubuntu.com /usr/bin/cmake --install /home/yuanyan/Robot/build/waypoint_rviz_plugin
[0.325s] Level 1:colcon.colcon_core.environment:checking '/home/yuanyan/Robot/install/waypoint_rviz_plugin' for CMake config files
[0.325s] Level 1:colcon.colcon_core.shell:create_environment_hook('waypoint_rviz_plugin', 'cmake_prefix_path')
[0.325s] INFO:colcon.colcon_core.shell:Creating environment hook '/home/yuanyan/Robot/install/waypoint_rviz_plugin/share/waypoint_rviz_plugin/hook/cmake_prefix_path.ps1'
[0.325s] INFO:colcon.colcon_core.shell:Creating environment descriptor '/home/yuanyan/Robot/install/waypoint_rviz_plugin/share/waypoint_rviz_plugin/hook/cmake_prefix_path.dsv'
[0.326s] INFO:colcon.colcon_core.shell:Creating environment hook '/home/yuanyan/Robot/install/waypoint_rviz_plugin/share/waypoint_rviz_plugin/hook/cmake_prefix_path.sh'
[0.326s] Level 1:colcon.colcon_core.environment:checking '/home/yuanyan/Robot/install/waypoint_rviz_plugin/lib'
[0.326s] Level 1:colcon.colcon_core.environment:checking '/home/yuanyan/Robot/install/waypoint_rviz_plugin/bin'
[0.326s] Level 1:colcon.colcon_core.environment:checking '/home/yuanyan/Robot/install/waypoint_rviz_plugin/lib/pkgconfig/waypoint_rviz_plugin.pc'
[0.326s] Level 1:colcon.colcon_core.environment:checking '/home/yuanyan/Robot/install/waypoint_rviz_plugin/lib/python3.12/site-packages'
[0.326s] Level 1:colcon.colcon_core.environment:checking '/home/yuanyan/Robot/install/waypoint_rviz_plugin/bin'
[0.326s] INFO:colcon.colcon_core.shell:Creating package script '/home/yuanyan/Robot/install/waypoint_rviz_plugin/share/waypoint_rviz_plugin/package.ps1'
[0.327s] INFO:colcon.colcon_core.shell:Creating package descriptor '/home/yuanyan/Robot/install/waypoint_rviz_plugin/share/waypoint_rviz_plugin/package.dsv'
[0.327s] INFO:colcon.colcon_core.shell:Creating package script '/home/yuanyan/Robot/install/waypoint_rviz_plugin/share/waypoint_rviz_plugin/package.sh'
[0.327s] INFO:colcon.colcon_core.shell:Creating package script '/home/yuanyan/Robot/install/waypoint_rviz_plugin/share/waypoint_rviz_plugin/package.bash'
[0.327s] INFO:colcon.colcon_core.shell:Creating package script '/home/yuanyan/Robot/install/waypoint_rviz_plugin/share/waypoint_rviz_plugin/package.zsh'
[0.327s] Level 1:colcon.colcon_core.environment:create_file_with_runtime_dependencies(/home/yuanyan/Robot/install/waypoint_rviz_plugin/share/colcon-core/packages/waypoint_rviz_plugin)
[0.328s] Level 1:colcon.colcon_core.environment:create_environment_scripts_only(waypoint_rviz_plugin)
[0.328s] Level 1:colcon.colcon_core.environment:checking '/home/yuanyan/Robot/install/waypoint_rviz_plugin' for CMake module files
[0.328s] Level 1:colcon.colcon_core.environment:checking '/home/yuanyan/Robot/install/waypoint_rviz_plugin' for CMake config files
[0.328s] Level 1:colcon.colcon_core.shell:create_environment_hook('waypoint_rviz_plugin', 'cmake_prefix_path')
[0.328s] INFO:colcon.colcon_core.shell:Creating environment hook '/home/yuanyan/Robot/install/waypoint_rviz_plugin/share/waypoint_rviz_plugin/hook/cmake_prefix_path.ps1'
[0.328s] INFO:colcon.colcon_core.shell:Creating environment descriptor '/home/yuanyan/Robot/install/waypoint_rviz_plugin/share/waypoint_rviz_plugin/hook/cmake_prefix_path.dsv'
[0.329s] INFO:colcon.colcon_core.shell:Creating environment hook '/home/yuanyan/Robot/install/waypoint_rviz_plugin/share/waypoint_rviz_plugin/hook/cmake_prefix_path.sh'
[0.329s] Level 1:colcon.colcon_core.environment:checking '/home/yuanyan/Robot/install/waypoint_rviz_plugin/lib'
[0.329s] Level 1:colcon.colcon_core.environment:checking '/home/yuanyan/Robot/install/waypoint_rviz_plugin/bin'
[0.329s] Level 1:colcon.colcon_core.environment:checking '/home/yuanyan/Robot/install/waypoint_rviz_plugin/lib/pkgconfig/waypoint_rviz_plugin.pc'
[0.329s] Level 1:colcon.colcon_core.environment:checking '/home/yuanyan/Robot/install/waypoint_rviz_plugin/lib/python3.12/site-packages'
[0.329s] Level 1:colcon.colcon_core.environment:checking '/home/yuanyan/Robot/install/waypoint_rviz_plugin/bin'
[0.330s] INFO:colcon.colcon_core.shell:Creating package script '/home/yuanyan/Robot/install/waypoint_rviz_plugin/share/waypoint_rviz_plugin/package.ps1'
[0.330s] INFO:colcon.colcon_core.shell:Creating package descriptor '/home/yuanyan/Robot/install/waypoint_rviz_plugin/share/waypoint_rviz_plugin/package.dsv'
[0.330s] INFO:colcon.colcon_core.shell:Creating package script '/home/yuanyan/Robot/install/waypoint_rviz_plugin/share/waypoint_rviz_plugin/package.sh'
[0.330s] INFO:colcon.colcon_core.shell:Creating package script '/home/yuanyan/Robot/install/waypoint_rviz_plugin/share/waypoint_rviz_plugin/package.bash'
[0.331s] INFO:colcon.colcon_core.shell:Creating package script '/home/yuanyan/Robot/install/waypoint_rviz_plugin/share/waypoint_rviz_plugin/package.zsh'
[0.331s] Level 1:colcon.colcon_core.environment:create_file_with_runtime_dependencies(/home/yuanyan/Robot/install/waypoint_rviz_plugin/share/colcon-core/packages/waypoint_rviz_plugin)
[0.434s] DEBUG:colcon.colcon_core.event_handler.log_command:Invoked command in '/home/yuanyan/Robot/build/visualization_tools' returned '0': CMAKE_PREFIX_PATH=${CMAKE_PREFIX_PATH}:/opt/ros/jazzy DEBUGINFOD_URLS=https://debuginfod.ubuntu.com /usr/bin/cmake --build /home/yuanyan/Robot/build/visualization_tools -- -j16 -l16
[0.435s] DEBUG:colcon.colcon_core.event_handler.log_command:Invoking command in '/home/yuanyan/Robot/build/visualization_tools': CMAKE_PREFIX_PATH=${CMAKE_PREFIX_PATH}:/opt/ros/jazzy DEBUGINFOD_URLS=https://debuginfod.ubuntu.com /usr/bin/cmake --install /home/yuanyan/Robot/build/visualization_tools
[0.477s] Level 1:colcon.colcon_core.environment:create_environment_scripts_only(visualization_tools)
[0.477s] Level 1:colcon.colcon_core.environment:checking '/home/yuanyan/Robot/install/visualization_tools' for CMake module files
[0.477s] DEBUG:colcon.colcon_core.event_handler.log_command:Invoked command in '/home/yuanyan/Robot/build/visualization_tools' returned '0': CMAKE_PREFIX_PATH=${CMAKE_PREFIX_PATH}:/opt/ros/jazzy DEBUGINFOD_URLS=https://debuginfod.ubuntu.com /usr/bin/cmake --install /home/yuanyan/Robot/build/visualization_tools
[0.478s] Level 1:colcon.colcon_core.environment:checking '/home/yuanyan/Robot/install/visualization_tools' for CMake config files
[0.478s] Level 1:colcon.colcon_core.shell:create_environment_hook('visualization_tools', 'cmake_prefix_path')
[0.478s] INFO:colcon.colcon_core.shell:Creating environment hook '/home/yuanyan/Robot/install/visualization_tools/share/visualization_tools/hook/cmake_prefix_path.ps1'
[0.478s] INFO:colcon.colcon_core.shell:Creating environment descriptor '/home/yuanyan/Robot/install/visualization_tools/share/visualization_tools/hook/cmake_prefix_path.dsv'
[0.479s] INFO:colcon.colcon_core.shell:Creating environment hook '/home/yuanyan/Robot/install/visualization_tools/share/visualization_tools/hook/cmake_prefix_path.sh'
[0.479s] Level 1:colcon.colcon_core.environment:checking '/home/yuanyan/Robot/install/visualization_tools/lib'
[0.479s] Level 1:colcon.colcon_core.environment:checking '/home/yuanyan/Robot/install/visualization_tools/bin'
[0.479s] Level 1:colcon.colcon_core.environment:checking '/home/yuanyan/Robot/install/visualization_tools/lib/pkgconfig/visualization_tools.pc'
[0.479s] Level 1:colcon.colcon_core.environment:checking '/home/yuanyan/Robot/install/visualization_tools/lib/python3.12/site-packages'
[0.479s] Level 1:colcon.colcon_core.shell:create_environment_hook('visualization_tools', 'pythonpath')
[0.479s] INFO:colcon.colcon_core.shell:Creating environment hook '/home/yuanyan/Robot/install/visualization_tools/share/visualization_tools/hook/pythonpath.ps1'
[0.480s] INFO:colcon.colcon_core.shell:Creating environment descriptor '/home/yuanyan/Robot/install/visualization_tools/share/visualization_tools/hook/pythonpath.dsv'
[0.480s] INFO:colcon.colcon_core.shell:Creating environment hook '/home/yuanyan/Robot/install/visualization_tools/share/visualization_tools/hook/pythonpath.sh'
[0.480s] Level 1:colcon.colcon_core.environment:checking '/home/yuanyan/Robot/install/visualization_tools/bin'
[0.480s] INFO:colcon.colcon_core.shell:Creating package script '/home/yuanyan/Robot/install/visualization_tools/share/visualization_tools/package.ps1'
[0.480s] INFO:colcon.colcon_core.shell:Creating package descriptor '/home/yuanyan/Robot/install/visualization_tools/share/visualization_tools/package.dsv'
[0.481s] INFO:colcon.colcon_core.shell:Creating package script '/home/yuanyan/Robot/install/visualization_tools/share/visualization_tools/package.sh'
[0.481s] INFO:colcon.colcon_core.shell:Creating package script '/home/yuanyan/Robot/install/visualization_tools/share/visualization_tools/package.bash'
[0.481s] INFO:colcon.colcon_core.shell:Creating package script '/home/yuanyan/Robot/install/visualization_tools/share/visualization_tools/package.zsh'
[0.481s] Level 1:colcon.colcon_core.environment:create_file_with_runtime_dependencies(/home/yuanyan/Robot/install/visualization_tools/share/colcon-core/packages/visualization_tools)
[0.481s] Level 1:colcon.colcon_core.environment:create_environment_scripts_only(visualization_tools)
[0.481s] Level 1:colcon.colcon_core.environment:checking '/home/yuanyan/Robot/install/visualization_tools' for CMake module files
[0.482s] Level 1:colcon.colcon_core.environment:checking '/home/yuanyan/Robot/install/visualization_tools' for CMake config files
[0.482s] Level 1:colcon.colcon_core.shell:create_environment_hook('visualization_tools', 'cmake_prefix_path')
[0.482s] INFO:colcon.colcon_core.shell:Creating environment hook '/home/yuanyan/Robot/install/visualization_tools/share/visualization_tools/hook/cmake_prefix_path.ps1'
[0.482s] INFO:colcon.colcon_core.shell:Creating environment descriptor '/home/yuanyan/Robot/install/visualization_tools/share/visualization_tools/hook/cmake_prefix_path.dsv'
[0.482s] INFO:colcon.colcon_core.shell:Creating environment hook '/home/yuanyan/Robot/install/visualization_tools/share/visualization_tools/hook/cmake_prefix_path.sh'
[0.483s] Level 1:colcon.colcon_core.environment:checking '/home/yuanyan/Robot/install/visualization_tools/lib'
[0.483s] Level 1:colcon.colcon_core.environment:checking '/home/yuanyan/Robot/install/visualization_tools/bin'
[0.483s] Level 1:colcon.colcon_core.environment:checking '/home/yuanyan/Robot/install/visualization_tools/lib/pkgconfig/visualization_tools.pc'
[0.483s] Level 1:colcon.colcon_core.environment:checking '/home/yuanyan/Robot/install/visualization_tools/lib/python3.12/site-packages'
[0.483s] Level 1:colcon.colcon_core.shell:create_environment_hook('visualization_tools', 'pythonpath')
[0.483s] INFO:colcon.colcon_core.shell:Creating environment hook '/home/yuanyan/Robot/install/visualization_tools/share/visualization_tools/hook/pythonpath.ps1'
[0.483s] INFO:colcon.colcon_core.shell:Creating environment descriptor '/home/yuanyan/Robot/install/visualization_tools/share/visualization_tools/hook/pythonpath.dsv'
[0.483s] INFO:colcon.colcon_core.shell:Creating environment hook '/home/yuanyan/Robot/install/visualization_tools/share/visualization_tools/hook/pythonpath.sh'
[0.484s] Level 1:colcon.colcon_core.environment:checking '/home/yuanyan/Robot/install/visualization_tools/bin'
[0.484s] INFO:colcon.colcon_core.shell:Creating package script '/home/yuanyan/Robot/install/visualization_tools/share/visualization_tools/package.ps1'
[0.484s] INFO:colcon.colcon_core.shell:Creating package descriptor '/home/yuanyan/Robot/install/visualization_tools/share/visualization_tools/package.dsv'
[0.484s] INFO:colcon.colcon_core.shell:Creating package script '/home/yuanyan/Robot/install/visualization_tools/share/visualization_tools/package.sh'
[0.485s] INFO:colcon.colcon_core.shell:Creating package script '/home/yuanyan/Robot/install/visualization_tools/share/visualization_tools/package.bash'
[0.485s] INFO:colcon.colcon_core.shell:Creating package script '/home/yuanyan/Robot/install/visualization_tools/share/visualization_tools/package.zsh'
[0.485s] Level 1:colcon.colcon_core.environment:create_file_with_runtime_dependencies(/home/yuanyan/Robot/install/visualization_tools/share/colcon-core/packages/visualization_tools)
[0.793s] Level 1:colcon.colcon_core.environment:create_environment_scripts_only(vehicle_simulator)
[0.793s] DEBUG:colcon.colcon_core.event_handler.log_command:Invoked command in '/home/yuanyan/Robot/build/vehicle_simulator' returned '0': CMAKE_PREFIX_PATH=${CMAKE_PREFIX_PATH}:/opt/ros/jazzy DEBUGINFOD_URLS=https://debuginfod.ubuntu.com /usr/bin/cmake --install /home/yuanyan/Robot/build/vehicle_simulator
[0.793s] Level 1:colcon.colcon_core.environment:checking '/home/yuanyan/Robot/install/vehicle_simulator' for CMake module files
[0.794s] Level 1:colcon.colcon_core.environment:checking '/home/yuanyan/Robot/install/vehicle_simulator' for CMake config files
[0.794s] Level 1:colcon.colcon_core.shell:create_environment_hook('vehicle_simulator', 'cmake_prefix_path')
[0.794s] INFO:colcon.colcon_core.shell:Creating environment hook '/home/yuanyan/Robot/install/vehicle_simulator/share/vehicle_simulator/hook/cmake_prefix_path.ps1'
[0.794s] INFO:colcon.colcon_core.shell:Creating environment descriptor '/home/yuanyan/Robot/install/vehicle_simulator/share/vehicle_simulator/hook/cmake_prefix_path.dsv'
[0.795s] INFO:colcon.colcon_core.shell:Creating environment hook '/home/yuanyan/Robot/install/vehicle_simulator/share/vehicle_simulator/hook/cmake_prefix_path.sh'
[0.795s] Level 1:colcon.colcon_core.environment:checking '/home/yuanyan/Robot/install/vehicle_simulator/lib'
[0.795s] Level 1:colcon.colcon_core.environment:checking '/home/yuanyan/Robot/install/vehicle_simulator/bin'
[0.795s] Level 1:colcon.colcon_core.environment:checking '/home/yuanyan/Robot/install/vehicle_simulator/lib/pkgconfig/vehicle_simulator.pc'
[0.795s] Level 1:colcon.colcon_core.environment:checking '/home/yuanyan/Robot/install/vehicle_simulator/lib/python3.12/site-packages'
[0.795s] Level 1:colcon.colcon_core.environment:checking '/home/yuanyan/Robot/install/vehicle_simulator/bin'
[0.795s] INFO:colcon.colcon_core.shell:Creating package script '/home/yuanyan/Robot/install/vehicle_simulator/share/vehicle_simulator/package.ps1'
[0.796s] INFO:colcon.colcon_core.shell:Creating package descriptor '/home/yuanyan/Robot/install/vehicle_simulator/share/vehicle_simulator/package.dsv'
[0.796s] INFO:colcon.colcon_core.shell:Creating package script '/home/yuanyan/Robot/install/vehicle_simulator/share/vehicle_simulator/package.sh'
[0.796s] INFO:colcon.colcon_core.shell:Creating package script '/home/yuanyan/Robot/install/vehicle_simulator/share/vehicle_simulator/package.bash'
[0.796s] INFO:colcon.colcon_core.shell:Creating package script '/home/yuanyan/Robot/install/vehicle_simulator/share/vehicle_simulator/package.zsh'
[0.796s] Level 1:colcon.colcon_core.environment:create_file_with_runtime_dependencies(/home/yuanyan/Robot/install/vehicle_simulator/share/colcon-core/packages/vehicle_simulator)
[0.797s] Level 1:colcon.colcon_core.environment:create_environment_scripts_only(vehicle_simulator)
[0.797s] Level 1:colcon.colcon_core.environment:checking '/home/yuanyan/Robot/install/vehicle_simulator' for CMake module files
[0.797s] Level 1:colcon.colcon_core.environment:checking '/home/yuanyan/Robot/install/vehicle_simulator' for CMake config files
[0.797s] Level 1:colcon.colcon_core.shell:create_environment_hook('vehicle_simulator', 'cmake_prefix_path')
[0.797s] INFO:colcon.colcon_core.shell:Creating environment hook '/home/yuanyan/Robot/install/vehicle_simulator/share/vehicle_simulator/hook/cmake_prefix_path.ps1'
[0.800s] INFO:colcon.colcon_core.shell:Creating environment descriptor '/home/yuanyan/Robot/install/vehicle_simulator/share/vehicle_simulator/hook/cmake_prefix_path.dsv'
[0.800s] INFO:colcon.colcon_core.shell:Creating environment hook '/home/yuanyan/Robot/install/vehicle_simulator/share/vehicle_simulator/hook/cmake_prefix_path.sh'
[0.801s] Level 1:colcon.colcon_core.environment:checking '/home/yuanyan/Robot/install/vehicle_simulator/lib'
[0.801s] Level 1:colcon.colcon_core.environment:checking '/home/yuanyan/Robot/install/vehicle_simulator/bin'
[0.801s] Level 1:colcon.colcon_core.environment:checking '/home/yuanyan/Robot/install/vehicle_simulator/lib/pkgconfig/vehicle_simulator.pc'
[0.801s] Level 1:colcon.colcon_core.environment:checking '/home/yuanyan/Robot/install/vehicle_simulator/lib/python3.12/site-packages'
[0.801s] Level 1:colcon.colcon_core.environment:checking '/home/yuanyan/Robot/install/vehicle_simulator/bin'
[0.801s] INFO:colcon.colcon_core.shell:Creating package script '/home/yuanyan/Robot/install/vehicle_simulator/share/vehicle_simulator/package.ps1'
[0.801s] INFO:colcon.colcon_core.shell:Creating package descriptor '/home/yuanyan/Robot/install/vehicle_simulator/share/vehicle_simulator/package.dsv'
[0.802s] INFO:colcon.colcon_core.shell:Creating package script '/home/yuanyan/Robot/install/vehicle_simulator/share/vehicle_simulator/package.sh'
[0.802s] INFO:colcon.colcon_core.shell:Creating package script '/home/yuanyan/Robot/install/vehicle_simulator/share/vehicle_simulator/package.bash'
[0.802s] INFO:colcon.colcon_core.shell:Creating package script '/home/yuanyan/Robot/install/vehicle_simulator/share/vehicle_simulator/package.zsh'
[0.802s] Level 1:colcon.colcon_core.environment:create_file_with_runtime_dependencies(/home/yuanyan/Robot/install/vehicle_simulator/share/colcon-core/packages/vehicle_simulator)
[0.802s] DEBUG:colcon.colcon_parallel_executor.executor.parallel:closing loop
[0.803s] DEBUG:colcon.colcon_parallel_executor.executor.parallel:loop closed
[0.803s] DEBUG:colcon.colcon_parallel_executor.executor.parallel:run_until_complete finished with '0'
[0.803s] DEBUG:colcon.colcon_core.event_reactor:joining thread
[0.806s] INFO:colcon.colcon_core.plugin_system:Skipping extension 'colcon_notification.desktop_notification.terminal_notifier': Not used on non-Darwin systems
[0.806s] INFO:colcon.colcon_core.plugin_system:Skipping extension 'colcon_notification.desktop_notification.win32': Not used on non-Windows systems
[0.806s] INFO:colcon.colcon_notification.desktop_notification:Sending desktop notification using 'notify2'
[0.818s] DEBUG:colcon.colcon_core.event_reactor:joined thread
[0.819s] INFO:colcon.colcon_core.shell:Creating prefix script '/home/yuanyan/Robot/install/local_setup.ps1'
[0.819s] INFO:colcon.colcon_core.shell:Creating prefix util module '/home/yuanyan/Robot/install/_local_setup_util_ps1.py'
[0.820s] INFO:colcon.colcon_core.shell:Creating prefix chain script '/home/yuanyan/Robot/install/setup.ps1'
[0.820s] INFO:colcon.colcon_core.shell:Creating prefix script '/home/yuanyan/Robot/install/local_setup.sh'
[0.821s] INFO:colcon.colcon_core.shell:Creating prefix util module '/home/yuanyan/Robot/install/_local_setup_util_sh.py'
[0.821s] INFO:colcon.colcon_core.shell:Creating prefix chain script '/home/yuanyan/Robot/install/setup.sh'
[0.822s] INFO:colcon.colcon_core.shell:Creating prefix script '/home/yuanyan/Robot/install/local_setup.bash'
[0.822s] INFO:colcon.colcon_core.shell:Creating prefix chain script '/home/yuanyan/Robot/install/setup.bash'
[0.822s] INFO:colcon.colcon_core.shell:Creating prefix script '/home/yuanyan/Robot/install/local_setup.zsh'
[0.823s] INFO:colcon.colcon_core.shell:Creating prefix chain script '/home/yuanyan/Robot/install/setup.zsh'
