Detecting C OpenMP compiler ABI info compiled with the following output:
Change Dir: '/home/yuanyan/LIO-SAM-ros2/build/lio_sam/CMakeFiles/CMakeTmp'

Run Build Command(s): /usr/bin/cmake -E env VERBOSE=1 /usr/bin/gmake -f Makefile cmTC_17816/fast
/usr/bin/gmake  -f CMakeFiles/cmTC_17816.dir/build.make CMakeFiles/cmTC_17816.dir/build
gmake[1]: Entering directory '/home/yuanyan/LIO-SAM-ros2/build/lio_sam/CMakeFiles/CMakeTmp'
Building C object CMakeFiles/cmTC_17816.dir/OpenMPTryFlag.c.o
/usr/bin/cc   -fopenmp -v -o CMakeFiles/cmTC_17816.dir/OpenMPTryFlag.c.o -c /home/yuanyan/LIO-SAM-ros2/build/lio_sam/CMakeFiles/FindOpenMP/OpenMPTryFlag.c
Using built-in specs.
COLLECT_GCC=/usr/bin/cc
OFFLOAD_TARGET_NAMES=nvptx-none:amdgcn-amdhsa
OFFLOAD_TARGET_DEFAULT=1
Target: x86_64-linux-gnu
Configured with: ../src/configure -v --with-pkgversion='Ubuntu 13.3.0-6ubuntu2~24.04' --with-bugurl=file:///usr/share/doc/gcc-13/README.Bugs --enable-languages=c,ada,c++,go,d,fortran,objc,obj-c++,m2 --prefix=/usr --with-gcc-major-version-only --program-suffix=-13 --program-prefix=x86_64-linux-gnu- --enable-shared --enable-linker-build-id --libexecdir=/usr/libexec --without-included-gettext --enable-threads=posix --libdir=/usr/lib --enable-nls --enable-bootstrap --enable-clocale=gnu --enable-libstdcxx-debug --enable-libstdcxx-time=yes --with-default-libstdcxx-abi=new --enable-libstdcxx-backtrace --enable-gnu-unique-object --disable-vtable-verify --enable-plugin --enable-default-pie --with-system-zlib --enable-libphobos-checking=release --with-target-system-zlib=auto --enable-objc-gc=auto --enable-multiarch --disable-werror --enable-cet --with-arch-32=i686 --with-abi=m64 --with-multilib-list=m32,m64,mx32 --enable-multilib --with-tune=generic --enable-offload-targets=nvptx-none=/build/gcc-13-fG75Ri/gcc-13-13.3.0/debian/tmp-nvptx/usr,amdgcn-amdhsa=/build/gcc-13-fG75Ri/gcc-13-13.3.0/debian/tmp-gcn/usr --enable-offload-defaulted --without-cuda-driver --enable-checking=release --build=x86_64-linux-gnu --host=x86_64-linux-gnu --target=x86_64-linux-gnu --with-build-config=bootstrap-lto-lean --enable-link-serialization=2
Thread model: posix
Supported LTO compression algorithms: zlib zstd
gcc version 13.3.0 (Ubuntu 13.3.0-6ubuntu2~24.04) 
COLLECT_GCC_OPTIONS='-fopenmp' '-v' '-o' 'CMakeFiles/cmTC_17816.dir/OpenMPTryFlag.c.o' '-c' '-mtune=generic' '-march=x86-64' '-pthread' '-dumpdir' 'CMakeFiles/cmTC_17816.dir/'
 /usr/libexec/gcc/x86_64-linux-gnu/13/cc1 -quiet -v -imultiarch x86_64-linux-gnu -D_REENTRANT /home/yuanyan/LIO-SAM-ros2/build/lio_sam/CMakeFiles/FindOpenMP/OpenMPTryFlag.c -quiet -dumpdir CMakeFiles/cmTC_17816.dir/ -dumpbase OpenMPTryFlag.c.c -dumpbase-ext .c -mtune=generic -march=x86-64 -version -fopenmp -fasynchronous-unwind-tables -fstack-protector-strong -Wformat -Wformat-security -fstack-clash-protection -fcf-protection -o /tmp/cc43FJSz.s
GNU C17 (Ubuntu 13.3.0-6ubuntu2~24.04) version 13.3.0 (x86_64-linux-gnu)
	compiled by GNU C version 13.3.0, GMP version 6.3.0, MPFR version 4.2.1, MPC version 1.3.1, isl version isl-0.26-GMP

GGC heuristics: --param ggc-min-expand=100 --param ggc-min-heapsize=131072
ignoring nonexistent directory "/usr/local/include/x86_64-linux-gnu"
ignoring nonexistent directory "/usr/lib/gcc/x86_64-linux-gnu/13/include-fixed/x86_64-linux-gnu"
ignoring nonexistent directory "/usr/lib/gcc/x86_64-linux-gnu/13/include-fixed"
ignoring nonexistent directory "/usr/lib/gcc/x86_64-linux-gnu/13/../../../../x86_64-linux-gnu/include"
#include "..." search starts here:
#include <...> search starts here:
 /usr/lib/gcc/x86_64-linux-gnu/13/include
 /usr/local/include
 /usr/include/x86_64-linux-gnu
 /usr/include
End of search list.
Compiler executable checksum: 38987c28e967c64056a6454abdef726e
COLLECT_GCC_OPTIONS='-fopenmp' '-v' '-o' 'CMakeFiles/cmTC_17816.dir/OpenMPTryFlag.c.o' '-c' '-mtune=generic' '-march=x86-64' '-pthread' '-dumpdir' 'CMakeFiles/cmTC_17816.dir/'
 as -v --64 -o CMakeFiles/cmTC_17816.dir/OpenMPTryFlag.c.o /tmp/cc43FJSz.s
GNU assembler version 2.42 (x86_64-linux-gnu) using BFD version (GNU Binutils for Ubuntu) 2.42
COMPILER_PATH=/usr/libexec/gcc/x86_64-linux-gnu/13/:/usr/libexec/gcc/x86_64-linux-gnu/13/:/usr/libexec/gcc/x86_64-linux-gnu/:/usr/lib/gcc/x86_64-linux-gnu/13/:/usr/lib/gcc/x86_64-linux-gnu/
LIBRARY_PATH=/usr/lib/gcc/x86_64-linux-gnu/13/:/usr/lib/gcc/x86_64-linux-gnu/13/../../../x86_64-linux-gnu/:/usr/lib/gcc/x86_64-linux-gnu/13/../../../../lib/:/lib/x86_64-linux-gnu/:/lib/../lib/:/usr/lib/x86_64-linux-gnu/:/usr/lib/../lib/:/usr/lib/gcc/x86_64-linux-gnu/13/../../../:/lib/:/usr/lib/
COLLECT_GCC_OPTIONS='-fopenmp' '-v' '-o' 'CMakeFiles/cmTC_17816.dir/OpenMPTryFlag.c.o' '-c' '-mtune=generic' '-march=x86-64' '-pthread' '-dumpdir' 'CMakeFiles/cmTC_17816.dir/OpenMPTryFlag.c.'
Linking C executable cmTC_17816
/usr/bin/cmake -E cmake_link_script CMakeFiles/cmTC_17816.dir/link.txt --verbose=1
/usr/bin/cc  -fopenmp -v CMakeFiles/cmTC_17816.dir/OpenMPTryFlag.c.o -o cmTC_17816  -v 
Using built-in specs.
COLLECT_GCC=/usr/bin/cc
COLLECT_LTO_WRAPPER=/usr/libexec/gcc/x86_64-linux-gnu/13/lto-wrapper
OFFLOAD_TARGET_NAMES=nvptx-none:amdgcn-amdhsa
OFFLOAD_TARGET_DEFAULT=1
Target: x86_64-linux-gnu
Configured with: ../src/configure -v --with-pkgversion='Ubuntu 13.3.0-6ubuntu2~24.04' --with-bugurl=file:///usr/share/doc/gcc-13/README.Bugs --enable-languages=c,ada,c++,go,d,fortran,objc,obj-c++,m2 --prefix=/usr --with-gcc-major-version-only --program-suffix=-13 --program-prefix=x86_64-linux-gnu- --enable-shared --enable-linker-build-id --libexecdir=/usr/libexec --without-included-gettext --enable-threads=posix --libdir=/usr/lib --enable-nls --enable-bootstrap --enable-clocale=gnu --enable-libstdcxx-debug --enable-libstdcxx-time=yes --with-default-libstdcxx-abi=new --enable-libstdcxx-backtrace --enable-gnu-unique-object --disable-vtable-verify --enable-plugin --enable-default-pie --with-system-zlib --enable-libphobos-checking=release --with-target-system-zlib=auto --enable-objc-gc=auto --enable-multiarch --disable-werror --enable-cet --with-arch-32=i686 --with-abi=m64 --with-multilib-list=m32,m64,mx32 --enable-multilib --with-tune=generic --enable-offload-targets=nvptx-none=/build/gcc-13-fG75Ri/gcc-13-13.3.0/debian/tmp-nvptx/usr,amdgcn-amdhsa=/build/gcc-13-fG75Ri/gcc-13-13.3.0/debian/tmp-gcn/usr --enable-offload-defaulted --without-cuda-driver --enable-checking=release --build=x86_64-linux-gnu --host=x86_64-linux-gnu --target=x86_64-linux-gnu --with-build-config=bootstrap-lto-lean --enable-link-serialization=2
Thread model: posix
Supported LTO compression algorithms: zlib zstd
gcc version 13.3.0 (Ubuntu 13.3.0-6ubuntu2~24.04) 
COMPILER_PATH=/usr/libexec/gcc/x86_64-linux-gnu/13/:/usr/libexec/gcc/x86_64-linux-gnu/13/:/usr/libexec/gcc/x86_64-linux-gnu/:/usr/lib/gcc/x86_64-linux-gnu/13/:/usr/lib/gcc/x86_64-linux-gnu/
LIBRARY_PATH=/usr/lib/gcc/x86_64-linux-gnu/13/:/usr/lib/gcc/x86_64-linux-gnu/13/../../../x86_64-linux-gnu/:/usr/lib/gcc/x86_64-linux-gnu/13/../../../../lib/:/lib/x86_64-linux-gnu/:/lib/../lib/:/usr/lib/x86_64-linux-gnu/:/usr/lib/../lib/:/usr/lib/gcc/x86_64-linux-gnu/13/../../../:/lib/:/usr/lib/
Reading specs from /usr/lib/gcc/x86_64-linux-gnu/13/libgomp.spec
COLLECT_GCC_OPTIONS='-fopenmp' '-v' '-o' 'cmTC_17816' '-v' '-mtune=generic' '-march=x86-64' '-pthread' '-dumpdir' 'cmTC_17816.'
 /usr/libexec/gcc/x86_64-linux-gnu/13/collect2 -plugin /usr/libexec/gcc/x86_64-linux-gnu/13/liblto_plugin.so -plugin-opt=/usr/libexec/gcc/x86_64-linux-gnu/13/lto-wrapper -plugin-opt=-fresolution=/tmp/ccQhKriE.res -plugin-opt=-pass-through=-lgcc -plugin-opt=-pass-through=-lgcc_s -plugin-opt=-pass-through=-lpthread -plugin-opt=-pass-through=-lc -plugin-opt=-pass-through=-lgcc -plugin-opt=-pass-through=-lgcc_s --build-id --eh-frame-hdr -m elf_x86_64 --hash-style=gnu --as-needed -dynamic-linker /lib64/ld-linux-x86-64.so.2 -pie -z now -z relro -o cmTC_17816 /usr/lib/gcc/x86_64-linux-gnu/13/../../../x86_64-linux-gnu/Scrt1.o /usr/lib/gcc/x86_64-linux-gnu/13/../../../x86_64-linux-gnu/crti.o /usr/lib/gcc/x86_64-linux-gnu/13/crtbeginS.o /usr/lib/gcc/x86_64-linux-gnu/13/crtoffloadbegin.o -L/usr/lib/gcc/x86_64-linux-gnu/13 -L/usr/lib/gcc/x86_64-linux-gnu/13/../../../x86_64-linux-gnu -L/usr/lib/gcc/x86_64-linux-gnu/13/../../../../lib -L/lib/x86_64-linux-gnu -L/lib/../lib -L/usr/lib/x86_64-linux-gnu -L/usr/lib/../lib -L/usr/lib/gcc/x86_64-linux-gnu/13/../../.. CMakeFiles/cmTC_17816.dir/OpenMPTryFlag.c.o -lgomp -lgcc --push-state --as-needed -lgcc_s --pop-state -lpthread -lc -lgcc --push-state --as-needed -lgcc_s --pop-state /usr/lib/gcc/x86_64-linux-gnu/13/crtendS.o /usr/lib/gcc/x86_64-linux-gnu/13/../../../x86_64-linux-gnu/crtn.o /usr/lib/gcc/x86_64-linux-gnu/13/crtoffloadend.o
COLLECT_GCC_OPTIONS='-fopenmp' '-v' '-o' 'cmTC_17816' '-v' '-mtune=generic' '-march=x86-64' '-pthread' '-dumpdir' 'cmTC_17816.'
gmake[1]: Leaving directory '/home/yuanyan/LIO-SAM-ros2/build/lio_sam/CMakeFiles/CMakeTmp'



Parsed C OpenMP implicit link information from above output:
  link line regex: [^( *|.*[/\])(ld|CMAKE_LINK_STARTFILE-NOTFOUND|([^/\]+-)?ld|collect2)[^/\]*( |$)]
  ignore line: [Change Dir: '/home/yuanyan/LIO-SAM-ros2/build/lio_sam/CMakeFiles/CMakeTmp']
  ignore line: []
  ignore line: [Run Build Command(s): /usr/bin/cmake -E env VERBOSE=1 /usr/bin/gmake -f Makefile cmTC_17816/fast]
  ignore line: [/usr/bin/gmake  -f CMakeFiles/cmTC_17816.dir/build.make CMakeFiles/cmTC_17816.dir/build]
  ignore line: [gmake[1]: Entering directory '/home/yuanyan/LIO-SAM-ros2/build/lio_sam/CMakeFiles/CMakeTmp']
  ignore line: [Building C object CMakeFiles/cmTC_17816.dir/OpenMPTryFlag.c.o]
  ignore line: [/usr/bin/cc   -fopenmp -v -o CMakeFiles/cmTC_17816.dir/OpenMPTryFlag.c.o -c /home/yuanyan/LIO-SAM-ros2/build/lio_sam/CMakeFiles/FindOpenMP/OpenMPTryFlag.c]
  ignore line: [Using built-in specs.]
  ignore line: [COLLECT_GCC=/usr/bin/cc]
  ignore line: [OFFLOAD_TARGET_NAMES=nvptx-none:amdgcn-amdhsa]
  ignore line: [OFFLOAD_TARGET_DEFAULT=1]
  ignore line: [Target: x86_64-linux-gnu]
  ignore line: [Configured with: ../src/configure -v --with-pkgversion='Ubuntu 13.3.0-6ubuntu2~24.04' --with-bugurl=file:///usr/share/doc/gcc-13/README.Bugs --enable-languages=c ada c++ go d fortran objc obj-c++ m2 --prefix=/usr --with-gcc-major-version-only --program-suffix=-13 --program-prefix=x86_64-linux-gnu- --enable-shared --enable-linker-build-id --libexecdir=/usr/libexec --without-included-gettext --enable-threads=posix --libdir=/usr/lib --enable-nls --enable-bootstrap --enable-clocale=gnu --enable-libstdcxx-debug --enable-libstdcxx-time=yes --with-default-libstdcxx-abi=new --enable-libstdcxx-backtrace --enable-gnu-unique-object --disable-vtable-verify --enable-plugin --enable-default-pie --with-system-zlib --enable-libphobos-checking=release --with-target-system-zlib=auto --enable-objc-gc=auto --enable-multiarch --disable-werror --enable-cet --with-arch-32=i686 --with-abi=m64 --with-multilib-list=m32 m64 mx32 --enable-multilib --with-tune=generic --enable-offload-targets=nvptx-none=/build/gcc-13-fG75Ri/gcc-13-13.3.0/debian/tmp-nvptx/usr amdgcn-amdhsa=/build/gcc-13-fG75Ri/gcc-13-13.3.0/debian/tmp-gcn/usr --enable-offload-defaulted --without-cuda-driver --enable-checking=release --build=x86_64-linux-gnu --host=x86_64-linux-gnu --target=x86_64-linux-gnu --with-build-config=bootstrap-lto-lean --enable-link-serialization=2]
  ignore line: [Thread model: posix]
  ignore line: [Supported LTO compression algorithms: zlib zstd]
  ignore line: [gcc version 13.3.0 (Ubuntu 13.3.0-6ubuntu2~24.04) ]
  ignore line: [COLLECT_GCC_OPTIONS='-fopenmp' '-v' '-o' 'CMakeFiles/cmTC_17816.dir/OpenMPTryFlag.c.o' '-c' '-mtune=generic' '-march=x86-64' '-pthread' '-dumpdir' 'CMakeFiles/cmTC_17816.dir/']
  ignore line: [ /usr/libexec/gcc/x86_64-linux-gnu/13/cc1 -quiet -v -imultiarch x86_64-linux-gnu -D_REENTRANT /home/yuanyan/LIO-SAM-ros2/build/lio_sam/CMakeFiles/FindOpenMP/OpenMPTryFlag.c -quiet -dumpdir CMakeFiles/cmTC_17816.dir/ -dumpbase OpenMPTryFlag.c.c -dumpbase-ext .c -mtune=generic -march=x86-64 -version -fopenmp -fasynchronous-unwind-tables -fstack-protector-strong -Wformat -Wformat-security -fstack-clash-protection -fcf-protection -o /tmp/cc43FJSz.s]
  ignore line: [GNU C17 (Ubuntu 13.3.0-6ubuntu2~24.04) version 13.3.0 (x86_64-linux-gnu)]
  ignore line: [	compiled by GNU C version 13.3.0  GMP version 6.3.0  MPFR version 4.2.1  MPC version 1.3.1  isl version isl-0.26-GMP]
  ignore line: []
  ignore line: [GGC heuristics: --param ggc-min-expand=100 --param ggc-min-heapsize=131072]
  ignore line: [ignoring nonexistent directory "/usr/local/include/x86_64-linux-gnu"]
  ignore line: [ignoring nonexistent directory "/usr/lib/gcc/x86_64-linux-gnu/13/include-fixed/x86_64-linux-gnu"]
  ignore line: [ignoring nonexistent directory "/usr/lib/gcc/x86_64-linux-gnu/13/include-fixed"]
  ignore line: [ignoring nonexistent directory "/usr/lib/gcc/x86_64-linux-gnu/13/../../../../x86_64-linux-gnu/include"]
  ignore line: [#include "..." search starts here:]
  ignore line: [#include <...> search starts here:]
  ignore line: [ /usr/lib/gcc/x86_64-linux-gnu/13/include]
  ignore line: [ /usr/local/include]
  ignore line: [ /usr/include/x86_64-linux-gnu]
  ignore line: [ /usr/include]
  ignore line: [End of search list.]
  ignore line: [Compiler executable checksum: 38987c28e967c64056a6454abdef726e]
  ignore line: [COLLECT_GCC_OPTIONS='-fopenmp' '-v' '-o' 'CMakeFiles/cmTC_17816.dir/OpenMPTryFlag.c.o' '-c' '-mtune=generic' '-march=x86-64' '-pthread' '-dumpdir' 'CMakeFiles/cmTC_17816.dir/']
  ignore line: [ as -v --64 -o CMakeFiles/cmTC_17816.dir/OpenMPTryFlag.c.o /tmp/cc43FJSz.s]
  ignore line: [GNU assembler version 2.42 (x86_64-linux-gnu) using BFD version (GNU Binutils for Ubuntu) 2.42]
  ignore line: [COMPILER_PATH=/usr/libexec/gcc/x86_64-linux-gnu/13/:/usr/libexec/gcc/x86_64-linux-gnu/13/:/usr/libexec/gcc/x86_64-linux-gnu/:/usr/lib/gcc/x86_64-linux-gnu/13/:/usr/lib/gcc/x86_64-linux-gnu/]
  ignore line: [LIBRARY_PATH=/usr/lib/gcc/x86_64-linux-gnu/13/:/usr/lib/gcc/x86_64-linux-gnu/13/../../../x86_64-linux-gnu/:/usr/lib/gcc/x86_64-linux-gnu/13/../../../../lib/:/lib/x86_64-linux-gnu/:/lib/../lib/:/usr/lib/x86_64-linux-gnu/:/usr/lib/../lib/:/usr/lib/gcc/x86_64-linux-gnu/13/../../../:/lib/:/usr/lib/]
  ignore line: [COLLECT_GCC_OPTIONS='-fopenmp' '-v' '-o' 'CMakeFiles/cmTC_17816.dir/OpenMPTryFlag.c.o' '-c' '-mtune=generic' '-march=x86-64' '-pthread' '-dumpdir' 'CMakeFiles/cmTC_17816.dir/OpenMPTryFlag.c.']
  ignore line: [Linking C executable cmTC_17816]
  ignore line: [/usr/bin/cmake -E cmake_link_script CMakeFiles/cmTC_17816.dir/link.txt --verbose=1]
  ignore line: [/usr/bin/cc  -fopenmp -v CMakeFiles/cmTC_17816.dir/OpenMPTryFlag.c.o -o cmTC_17816  -v ]
  ignore line: [Using built-in specs.]
  ignore line: [COLLECT_GCC=/usr/bin/cc]
  ignore line: [COLLECT_LTO_WRAPPER=/usr/libexec/gcc/x86_64-linux-gnu/13/lto-wrapper]
  ignore line: [OFFLOAD_TARGET_NAMES=nvptx-none:amdgcn-amdhsa]
  ignore line: [OFFLOAD_TARGET_DEFAULT=1]
  ignore line: [Target: x86_64-linux-gnu]
  ignore line: [Configured with: ../src/configure -v --with-pkgversion='Ubuntu 13.3.0-6ubuntu2~24.04' --with-bugurl=file:///usr/share/doc/gcc-13/README.Bugs --enable-languages=c ada c++ go d fortran objc obj-c++ m2 --prefix=/usr --with-gcc-major-version-only --program-suffix=-13 --program-prefix=x86_64-linux-gnu- --enable-shared --enable-linker-build-id --libexecdir=/usr/libexec --without-included-gettext --enable-threads=posix --libdir=/usr/lib --enable-nls --enable-bootstrap --enable-clocale=gnu --enable-libstdcxx-debug --enable-libstdcxx-time=yes --with-default-libstdcxx-abi=new --enable-libstdcxx-backtrace --enable-gnu-unique-object --disable-vtable-verify --enable-plugin --enable-default-pie --with-system-zlib --enable-libphobos-checking=release --with-target-system-zlib=auto --enable-objc-gc=auto --enable-multiarch --disable-werror --enable-cet --with-arch-32=i686 --with-abi=m64 --with-multilib-list=m32 m64 mx32 --enable-multilib --with-tune=generic --enable-offload-targets=nvptx-none=/build/gcc-13-fG75Ri/gcc-13-13.3.0/debian/tmp-nvptx/usr amdgcn-amdhsa=/build/gcc-13-fG75Ri/gcc-13-13.3.0/debian/tmp-gcn/usr --enable-offload-defaulted --without-cuda-driver --enable-checking=release --build=x86_64-linux-gnu --host=x86_64-linux-gnu --target=x86_64-linux-gnu --with-build-config=bootstrap-lto-lean --enable-link-serialization=2]
  ignore line: [Thread model: posix]
  ignore line: [Supported LTO compression algorithms: zlib zstd]
  ignore line: [gcc version 13.3.0 (Ubuntu 13.3.0-6ubuntu2~24.04) ]
  ignore line: [COMPILER_PATH=/usr/libexec/gcc/x86_64-linux-gnu/13/:/usr/libexec/gcc/x86_64-linux-gnu/13/:/usr/libexec/gcc/x86_64-linux-gnu/:/usr/lib/gcc/x86_64-linux-gnu/13/:/usr/lib/gcc/x86_64-linux-gnu/]
  ignore line: [LIBRARY_PATH=/usr/lib/gcc/x86_64-linux-gnu/13/:/usr/lib/gcc/x86_64-linux-gnu/13/../../../x86_64-linux-gnu/:/usr/lib/gcc/x86_64-linux-gnu/13/../../../../lib/:/lib/x86_64-linux-gnu/:/lib/../lib/:/usr/lib/x86_64-linux-gnu/:/usr/lib/../lib/:/usr/lib/gcc/x86_64-linux-gnu/13/../../../:/lib/:/usr/lib/]
  ignore line: [Reading specs from /usr/lib/gcc/x86_64-linux-gnu/13/libgomp.spec]
  ignore line: [COLLECT_GCC_OPTIONS='-fopenmp' '-v' '-o' 'cmTC_17816' '-v' '-mtune=generic' '-march=x86-64' '-pthread' '-dumpdir' 'cmTC_17816.']
  link line: [ /usr/libexec/gcc/x86_64-linux-gnu/13/collect2 -plugin /usr/libexec/gcc/x86_64-linux-gnu/13/liblto_plugin.so -plugin-opt=/usr/libexec/gcc/x86_64-linux-gnu/13/lto-wrapper -plugin-opt=-fresolution=/tmp/ccQhKriE.res -plugin-opt=-pass-through=-lgcc -plugin-opt=-pass-through=-lgcc_s -plugin-opt=-pass-through=-lpthread -plugin-opt=-pass-through=-lc -plugin-opt=-pass-through=-lgcc -plugin-opt=-pass-through=-lgcc_s --build-id --eh-frame-hdr -m elf_x86_64 --hash-style=gnu --as-needed -dynamic-linker /lib64/ld-linux-x86-64.so.2 -pie -z now -z relro -o cmTC_17816 /usr/lib/gcc/x86_64-linux-gnu/13/../../../x86_64-linux-gnu/Scrt1.o /usr/lib/gcc/x86_64-linux-gnu/13/../../../x86_64-linux-gnu/crti.o /usr/lib/gcc/x86_64-linux-gnu/13/crtbeginS.o /usr/lib/gcc/x86_64-linux-gnu/13/crtoffloadbegin.o -L/usr/lib/gcc/x86_64-linux-gnu/13 -L/usr/lib/gcc/x86_64-linux-gnu/13/../../../x86_64-linux-gnu -L/usr/lib/gcc/x86_64-linux-gnu/13/../../../../lib -L/lib/x86_64-linux-gnu -L/lib/../lib -L/usr/lib/x86_64-linux-gnu -L/usr/lib/../lib -L/usr/lib/gcc/x86_64-linux-gnu/13/../../.. CMakeFiles/cmTC_17816.dir/OpenMPTryFlag.c.o -lgomp -lgcc --push-state --as-needed -lgcc_s --pop-state -lpthread -lc -lgcc --push-state --as-needed -lgcc_s --pop-state /usr/lib/gcc/x86_64-linux-gnu/13/crtendS.o /usr/lib/gcc/x86_64-linux-gnu/13/../../../x86_64-linux-gnu/crtn.o /usr/lib/gcc/x86_64-linux-gnu/13/crtoffloadend.o]
    arg [/usr/libexec/gcc/x86_64-linux-gnu/13/collect2] ==> ignore
    arg [-plugin] ==> ignore
    arg [/usr/libexec/gcc/x86_64-linux-gnu/13/liblto_plugin.so] ==> ignore
    arg [-plugin-opt=/usr/libexec/gcc/x86_64-linux-gnu/13/lto-wrapper] ==> ignore
    arg [-plugin-opt=-fresolution=/tmp/ccQhKriE.res] ==> ignore
    arg [-plugin-opt=-pass-through=-lgcc] ==> ignore
    arg [-plugin-opt=-pass-through=-lgcc_s] ==> ignore
    arg [-plugin-opt=-pass-through=-lpthread] ==> ignore
    arg [-plugin-opt=-pass-through=-lc] ==> ignore
    arg [-plugin-opt=-pass-through=-lgcc] ==> ignore
    arg [-plugin-opt=-pass-through=-lgcc_s] ==> ignore
    arg [--build-id] ==> ignore
    arg [--eh-frame-hdr] ==> ignore
    arg [-m] ==> ignore
    arg [elf_x86_64] ==> ignore
    arg [--hash-style=gnu] ==> ignore
    arg [--as-needed] ==> ignore
    arg [-dynamic-linker] ==> ignore
    arg [/lib64/ld-linux-x86-64.so.2] ==> ignore
    arg [-pie] ==> ignore
    arg [-znow] ==> ignore
    arg [-zrelro] ==> ignore
    arg [-o] ==> ignore
    arg [cmTC_17816] ==> ignore
    arg [-L/usr/lib/gcc/x86_64-linux-gnu/13] ==> dir [/usr/lib/gcc/x86_64-linux-gnu/13]
    arg [-L/usr/lib/gcc/x86_64-linux-gnu/13/../../../x86_64-linux-gnu] ==> dir [/usr/lib/gcc/x86_64-linux-gnu/13/../../../x86_64-linux-gnu]
    arg [-L/usr/lib/gcc/x86_64-linux-gnu/13/../../../../lib] ==> dir [/usr/lib/gcc/x86_64-linux-gnu/13/../../../../lib]
    arg [-L/lib/x86_64-linux-gnu] ==> dir [/lib/x86_64-linux-gnu]
    arg [-L/lib/../lib] ==> dir [/lib/../lib]
    arg [-L/usr/lib/x86_64-linux-gnu] ==> dir [/usr/lib/x86_64-linux-gnu]
    arg [-L/usr/lib/../lib] ==> dir [/usr/lib/../lib]
    arg [-L/usr/lib/gcc/x86_64-linux-gnu/13/../../..] ==> dir [/usr/lib/gcc/x86_64-linux-gnu/13/../../..]
    arg [CMakeFiles/cmTC_17816.dir/OpenMPTryFlag.c.o] ==> ignore
    arg [-lgomp] ==> lib [gomp]
    arg [-lgcc] ==> lib [gcc]
    arg [--push-state] ==> ignore
    arg [--as-needed] ==> ignore
    arg [-lgcc_s] ==> lib [gcc_s]
    arg [--pop-state] ==> ignore
    arg [-lpthread] ==> lib [pthread]
    arg [-lc] ==> lib [c]
    arg [-lgcc] ==> lib [gcc]
    arg [--push-state] ==> ignore
    arg [--as-needed] ==> ignore
    arg [-lgcc_s] ==> lib [gcc_s]
    arg [--pop-state] ==> ignore
  collapse library dir [/usr/lib/gcc/x86_64-linux-gnu/13] ==> [/usr/lib/gcc/x86_64-linux-gnu/13]
  collapse library dir [/usr/lib/gcc/x86_64-linux-gnu/13/../../../x86_64-linux-gnu] ==> [/usr/lib/x86_64-linux-gnu]
  collapse library dir [/usr/lib/gcc/x86_64-linux-gnu/13/../../../../lib] ==> [/usr/lib]
  collapse library dir [/lib/x86_64-linux-gnu] ==> [/lib/x86_64-linux-gnu]
  collapse library dir [/lib/../lib] ==> [/lib]
  collapse library dir [/usr/lib/x86_64-linux-gnu] ==> [/usr/lib/x86_64-linux-gnu]
  collapse library dir [/usr/lib/../lib] ==> [/usr/lib]
  collapse library dir [/usr/lib/gcc/x86_64-linux-gnu/13/../../..] ==> [/usr/lib]
  implicit libs: [gomp;gcc;gcc_s;pthread;c;gcc;gcc_s]
  implicit objs: []
  implicit dirs: [/usr/lib/gcc/x86_64-linux-gnu/13;/usr/lib/x86_64-linux-gnu;/usr/lib;/lib/x86_64-linux-gnu;/lib]
  implicit fwks: []


Detecting CXX OpenMP compiler ABI info compiled with the following output:
Change Dir: '/home/yuanyan/LIO-SAM-ros2/build/lio_sam/CMakeFiles/CMakeTmp'

Run Build Command(s): /usr/bin/cmake -E env VERBOSE=1 /usr/bin/gmake -f Makefile cmTC_4ff58/fast
/usr/bin/gmake  -f CMakeFiles/cmTC_4ff58.dir/build.make CMakeFiles/cmTC_4ff58.dir/build
gmake[1]: Entering directory '/home/yuanyan/LIO-SAM-ros2/build/lio_sam/CMakeFiles/CMakeTmp'
Building CXX object CMakeFiles/cmTC_4ff58.dir/OpenMPTryFlag.cpp.o
/usr/bin/c++   -fopenmp -v -o CMakeFiles/cmTC_4ff58.dir/OpenMPTryFlag.cpp.o -c /home/yuanyan/LIO-SAM-ros2/build/lio_sam/CMakeFiles/FindOpenMP/OpenMPTryFlag.cpp
Using built-in specs.
COLLECT_GCC=/usr/bin/c++
OFFLOAD_TARGET_NAMES=nvptx-none:amdgcn-amdhsa
OFFLOAD_TARGET_DEFAULT=1
Target: x86_64-linux-gnu
Configured with: ../src/configure -v --with-pkgversion='Ubuntu 13.3.0-6ubuntu2~24.04' --with-bugurl=file:///usr/share/doc/gcc-13/README.Bugs --enable-languages=c,ada,c++,go,d,fortran,objc,obj-c++,m2 --prefix=/usr --with-gcc-major-version-only --program-suffix=-13 --program-prefix=x86_64-linux-gnu- --enable-shared --enable-linker-build-id --libexecdir=/usr/libexec --without-included-gettext --enable-threads=posix --libdir=/usr/lib --enable-nls --enable-bootstrap --enable-clocale=gnu --enable-libstdcxx-debug --enable-libstdcxx-time=yes --with-default-libstdcxx-abi=new --enable-libstdcxx-backtrace --enable-gnu-unique-object --disable-vtable-verify --enable-plugin --enable-default-pie --with-system-zlib --enable-libphobos-checking=release --with-target-system-zlib=auto --enable-objc-gc=auto --enable-multiarch --disable-werror --enable-cet --with-arch-32=i686 --with-abi=m64 --with-multilib-list=m32,m64,mx32 --enable-multilib --with-tune=generic --enable-offload-targets=nvptx-none=/build/gcc-13-fG75Ri/gcc-13-13.3.0/debian/tmp-nvptx/usr,amdgcn-amdhsa=/build/gcc-13-fG75Ri/gcc-13-13.3.0/debian/tmp-gcn/usr --enable-offload-defaulted --without-cuda-driver --enable-checking=release --build=x86_64-linux-gnu --host=x86_64-linux-gnu --target=x86_64-linux-gnu --with-build-config=bootstrap-lto-lean --enable-link-serialization=2
Thread model: posix
Supported LTO compression algorithms: zlib zstd
gcc version 13.3.0 (Ubuntu 13.3.0-6ubuntu2~24.04) 
COLLECT_GCC_OPTIONS='-fopenmp' '-v' '-o' 'CMakeFiles/cmTC_4ff58.dir/OpenMPTryFlag.cpp.o' '-c' '-shared-libgcc' '-mtune=generic' '-march=x86-64' '-pthread' '-dumpdir' 'CMakeFiles/cmTC_4ff58.dir/'
 /usr/libexec/gcc/x86_64-linux-gnu/13/cc1plus -quiet -v -imultiarch x86_64-linux-gnu -D_GNU_SOURCE -D_REENTRANT /home/yuanyan/LIO-SAM-ros2/build/lio_sam/CMakeFiles/FindOpenMP/OpenMPTryFlag.cpp -quiet -dumpdir CMakeFiles/cmTC_4ff58.dir/ -dumpbase OpenMPTryFlag.cpp.cpp -dumpbase-ext .cpp -mtune=generic -march=x86-64 -version -fopenmp -fasynchronous-unwind-tables -fstack-protector-strong -Wformat -Wformat-security -fstack-clash-protection -fcf-protection -o /tmp/ccF8iBMA.s
GNU C++17 (Ubuntu 13.3.0-6ubuntu2~24.04) version 13.3.0 (x86_64-linux-gnu)
	compiled by GNU C version 13.3.0, GMP version 6.3.0, MPFR version 4.2.1, MPC version 1.3.1, isl version isl-0.26-GMP

GGC heuristics: --param ggc-min-expand=100 --param ggc-min-heapsize=131072
ignoring duplicate directory "/usr/include/x86_64-linux-gnu/c++/13"
ignoring nonexistent directory "/usr/local/include/x86_64-linux-gnu"
ignoring nonexistent directory "/usr/lib/gcc/x86_64-linux-gnu/13/include-fixed/x86_64-linux-gnu"
ignoring nonexistent directory "/usr/lib/gcc/x86_64-linux-gnu/13/include-fixed"
ignoring nonexistent directory "/usr/lib/gcc/x86_64-linux-gnu/13/../../../../x86_64-linux-gnu/include"
#include "..." search starts here:
#include <...> search starts here:
 /usr/include/c++/13
 /usr/include/x86_64-linux-gnu/c++/13
 /usr/include/c++/13/backward
 /usr/lib/gcc/x86_64-linux-gnu/13/include
 /usr/local/include
 /usr/include/x86_64-linux-gnu
 /usr/include
End of search list.
Compiler executable checksum: c81c05345ce537099dafd5580045814a
COLLECT_GCC_OPTIONS='-fopenmp' '-v' '-o' 'CMakeFiles/cmTC_4ff58.dir/OpenMPTryFlag.cpp.o' '-c' '-shared-libgcc' '-mtune=generic' '-march=x86-64' '-pthread' '-dumpdir' 'CMakeFiles/cmTC_4ff58.dir/'
 as -v --64 -o CMakeFiles/cmTC_4ff58.dir/OpenMPTryFlag.cpp.o /tmp/ccF8iBMA.s
GNU assembler version 2.42 (x86_64-linux-gnu) using BFD version (GNU Binutils for Ubuntu) 2.42
COMPILER_PATH=/usr/libexec/gcc/x86_64-linux-gnu/13/:/usr/libexec/gcc/x86_64-linux-gnu/13/:/usr/libexec/gcc/x86_64-linux-gnu/:/usr/lib/gcc/x86_64-linux-gnu/13/:/usr/lib/gcc/x86_64-linux-gnu/
LIBRARY_PATH=/usr/lib/gcc/x86_64-linux-gnu/13/:/usr/lib/gcc/x86_64-linux-gnu/13/../../../x86_64-linux-gnu/:/usr/lib/gcc/x86_64-linux-gnu/13/../../../../lib/:/lib/x86_64-linux-gnu/:/lib/../lib/:/usr/lib/x86_64-linux-gnu/:/usr/lib/../lib/:/usr/lib/gcc/x86_64-linux-gnu/13/../../../:/lib/:/usr/lib/
COLLECT_GCC_OPTIONS='-fopenmp' '-v' '-o' 'CMakeFiles/cmTC_4ff58.dir/OpenMPTryFlag.cpp.o' '-c' '-shared-libgcc' '-mtune=generic' '-march=x86-64' '-pthread' '-dumpdir' 'CMakeFiles/cmTC_4ff58.dir/OpenMPTryFlag.cpp.'
Linking CXX executable cmTC_4ff58
/usr/bin/cmake -E cmake_link_script CMakeFiles/cmTC_4ff58.dir/link.txt --verbose=1
/usr/bin/c++  -fopenmp -v CMakeFiles/cmTC_4ff58.dir/OpenMPTryFlag.cpp.o -o cmTC_4ff58  -v 
Using built-in specs.
COLLECT_GCC=/usr/bin/c++
COLLECT_LTO_WRAPPER=/usr/libexec/gcc/x86_64-linux-gnu/13/lto-wrapper
OFFLOAD_TARGET_NAMES=nvptx-none:amdgcn-amdhsa
OFFLOAD_TARGET_DEFAULT=1
Target: x86_64-linux-gnu
Configured with: ../src/configure -v --with-pkgversion='Ubuntu 13.3.0-6ubuntu2~24.04' --with-bugurl=file:///usr/share/doc/gcc-13/README.Bugs --enable-languages=c,ada,c++,go,d,fortran,objc,obj-c++,m2 --prefix=/usr --with-gcc-major-version-only --program-suffix=-13 --program-prefix=x86_64-linux-gnu- --enable-shared --enable-linker-build-id --libexecdir=/usr/libexec --without-included-gettext --enable-threads=posix --libdir=/usr/lib --enable-nls --enable-bootstrap --enable-clocale=gnu --enable-libstdcxx-debug --enable-libstdcxx-time=yes --with-default-libstdcxx-abi=new --enable-libstdcxx-backtrace --enable-gnu-unique-object --disable-vtable-verify --enable-plugin --enable-default-pie --with-system-zlib --enable-libphobos-checking=release --with-target-system-zlib=auto --enable-objc-gc=auto --enable-multiarch --disable-werror --enable-cet --with-arch-32=i686 --with-abi=m64 --with-multilib-list=m32,m64,mx32 --enable-multilib --with-tune=generic --enable-offload-targets=nvptx-none=/build/gcc-13-fG75Ri/gcc-13-13.3.0/debian/tmp-nvptx/usr,amdgcn-amdhsa=/build/gcc-13-fG75Ri/gcc-13-13.3.0/debian/tmp-gcn/usr --enable-offload-defaulted --without-cuda-driver --enable-checking=release --build=x86_64-linux-gnu --host=x86_64-linux-gnu --target=x86_64-linux-gnu --with-build-config=bootstrap-lto-lean --enable-link-serialization=2
Thread model: posix
Supported LTO compression algorithms: zlib zstd
gcc version 13.3.0 (Ubuntu 13.3.0-6ubuntu2~24.04) 
COMPILER_PATH=/usr/libexec/gcc/x86_64-linux-gnu/13/:/usr/libexec/gcc/x86_64-linux-gnu/13/:/usr/libexec/gcc/x86_64-linux-gnu/:/usr/lib/gcc/x86_64-linux-gnu/13/:/usr/lib/gcc/x86_64-linux-gnu/
LIBRARY_PATH=/usr/lib/gcc/x86_64-linux-gnu/13/:/usr/lib/gcc/x86_64-linux-gnu/13/../../../x86_64-linux-gnu/:/usr/lib/gcc/x86_64-linux-gnu/13/../../../../lib/:/lib/x86_64-linux-gnu/:/lib/../lib/:/usr/lib/x86_64-linux-gnu/:/usr/lib/../lib/:/usr/lib/gcc/x86_64-linux-gnu/13/../../../:/lib/:/usr/lib/
Reading specs from /usr/lib/gcc/x86_64-linux-gnu/13/libgomp.spec
COLLECT_GCC_OPTIONS='-fopenmp' '-v' '-o' 'cmTC_4ff58' '-v' '-shared-libgcc' '-mtune=generic' '-march=x86-64' '-pthread' '-dumpdir' 'cmTC_4ff58.'
 /usr/libexec/gcc/x86_64-linux-gnu/13/collect2 -plugin /usr/libexec/gcc/x86_64-linux-gnu/13/liblto_plugin.so -plugin-opt=/usr/libexec/gcc/x86_64-linux-gnu/13/lto-wrapper -plugin-opt=-fresolution=/tmp/ccAiA64n.res -plugin-opt=-pass-through=-lgcc_s -plugin-opt=-pass-through=-lgcc -plugin-opt=-pass-through=-lpthread -plugin-opt=-pass-through=-lc -plugin-opt=-pass-through=-lgcc_s -plugin-opt=-pass-through=-lgcc --build-id --eh-frame-hdr -m elf_x86_64 --hash-style=gnu --as-needed -dynamic-linker /lib64/ld-linux-x86-64.so.2 -pie -z now -z relro -o cmTC_4ff58 /usr/lib/gcc/x86_64-linux-gnu/13/../../../x86_64-linux-gnu/Scrt1.o /usr/lib/gcc/x86_64-linux-gnu/13/../../../x86_64-linux-gnu/crti.o /usr/lib/gcc/x86_64-linux-gnu/13/crtbeginS.o /usr/lib/gcc/x86_64-linux-gnu/13/crtoffloadbegin.o -L/usr/lib/gcc/x86_64-linux-gnu/13 -L/usr/lib/gcc/x86_64-linux-gnu/13/../../../x86_64-linux-gnu -L/usr/lib/gcc/x86_64-linux-gnu/13/../../../../lib -L/lib/x86_64-linux-gnu -L/lib/../lib -L/usr/lib/x86_64-linux-gnu -L/usr/lib/../lib -L/usr/lib/gcc/x86_64-linux-gnu/13/../../.. CMakeFiles/cmTC_4ff58.dir/OpenMPTryFlag.cpp.o -lstdc++ -lm -lgomp -lgcc_s -lgcc -lpthread -lc -lgcc_s -lgcc /usr/lib/gcc/x86_64-linux-gnu/13/crtendS.o /usr/lib/gcc/x86_64-linux-gnu/13/../../../x86_64-linux-gnu/crtn.o /usr/lib/gcc/x86_64-linux-gnu/13/crtoffloadend.o
COLLECT_GCC_OPTIONS='-fopenmp' '-v' '-o' 'cmTC_4ff58' '-v' '-shared-libgcc' '-mtune=generic' '-march=x86-64' '-pthread' '-dumpdir' 'cmTC_4ff58.'
gmake[1]: Leaving directory '/home/yuanyan/LIO-SAM-ros2/build/lio_sam/CMakeFiles/CMakeTmp'



Parsed CXX OpenMP implicit link information from above output:
  link line regex: [^( *|.*[/\])(ld|CMAKE_LINK_STARTFILE-NOTFOUND|([^/\]+-)?ld|collect2)[^/\]*( |$)]
  ignore line: [Change Dir: '/home/yuanyan/LIO-SAM-ros2/build/lio_sam/CMakeFiles/CMakeTmp']
  ignore line: []
  ignore line: [Run Build Command(s): /usr/bin/cmake -E env VERBOSE=1 /usr/bin/gmake -f Makefile cmTC_4ff58/fast]
  ignore line: [/usr/bin/gmake  -f CMakeFiles/cmTC_4ff58.dir/build.make CMakeFiles/cmTC_4ff58.dir/build]
  ignore line: [gmake[1]: Entering directory '/home/yuanyan/LIO-SAM-ros2/build/lio_sam/CMakeFiles/CMakeTmp']
  ignore line: [Building CXX object CMakeFiles/cmTC_4ff58.dir/OpenMPTryFlag.cpp.o]
  ignore line: [/usr/bin/c++   -fopenmp -v -o CMakeFiles/cmTC_4ff58.dir/OpenMPTryFlag.cpp.o -c /home/yuanyan/LIO-SAM-ros2/build/lio_sam/CMakeFiles/FindOpenMP/OpenMPTryFlag.cpp]
  ignore line: [Using built-in specs.]
  ignore line: [COLLECT_GCC=/usr/bin/c++]
  ignore line: [OFFLOAD_TARGET_NAMES=nvptx-none:amdgcn-amdhsa]
  ignore line: [OFFLOAD_TARGET_DEFAULT=1]
  ignore line: [Target: x86_64-linux-gnu]
  ignore line: [Configured with: ../src/configure -v --with-pkgversion='Ubuntu 13.3.0-6ubuntu2~24.04' --with-bugurl=file:///usr/share/doc/gcc-13/README.Bugs --enable-languages=c ada c++ go d fortran objc obj-c++ m2 --prefix=/usr --with-gcc-major-version-only --program-suffix=-13 --program-prefix=x86_64-linux-gnu- --enable-shared --enable-linker-build-id --libexecdir=/usr/libexec --without-included-gettext --enable-threads=posix --libdir=/usr/lib --enable-nls --enable-bootstrap --enable-clocale=gnu --enable-libstdcxx-debug --enable-libstdcxx-time=yes --with-default-libstdcxx-abi=new --enable-libstdcxx-backtrace --enable-gnu-unique-object --disable-vtable-verify --enable-plugin --enable-default-pie --with-system-zlib --enable-libphobos-checking=release --with-target-system-zlib=auto --enable-objc-gc=auto --enable-multiarch --disable-werror --enable-cet --with-arch-32=i686 --with-abi=m64 --with-multilib-list=m32 m64 mx32 --enable-multilib --with-tune=generic --enable-offload-targets=nvptx-none=/build/gcc-13-fG75Ri/gcc-13-13.3.0/debian/tmp-nvptx/usr amdgcn-amdhsa=/build/gcc-13-fG75Ri/gcc-13-13.3.0/debian/tmp-gcn/usr --enable-offload-defaulted --without-cuda-driver --enable-checking=release --build=x86_64-linux-gnu --host=x86_64-linux-gnu --target=x86_64-linux-gnu --with-build-config=bootstrap-lto-lean --enable-link-serialization=2]
  ignore line: [Thread model: posix]
  ignore line: [Supported LTO compression algorithms: zlib zstd]
  ignore line: [gcc version 13.3.0 (Ubuntu 13.3.0-6ubuntu2~24.04) ]
  ignore line: [COLLECT_GCC_OPTIONS='-fopenmp' '-v' '-o' 'CMakeFiles/cmTC_4ff58.dir/OpenMPTryFlag.cpp.o' '-c' '-shared-libgcc' '-mtune=generic' '-march=x86-64' '-pthread' '-dumpdir' 'CMakeFiles/cmTC_4ff58.dir/']
  ignore line: [ /usr/libexec/gcc/x86_64-linux-gnu/13/cc1plus -quiet -v -imultiarch x86_64-linux-gnu -D_GNU_SOURCE -D_REENTRANT /home/yuanyan/LIO-SAM-ros2/build/lio_sam/CMakeFiles/FindOpenMP/OpenMPTryFlag.cpp -quiet -dumpdir CMakeFiles/cmTC_4ff58.dir/ -dumpbase OpenMPTryFlag.cpp.cpp -dumpbase-ext .cpp -mtune=generic -march=x86-64 -version -fopenmp -fasynchronous-unwind-tables -fstack-protector-strong -Wformat -Wformat-security -fstack-clash-protection -fcf-protection -o /tmp/ccF8iBMA.s]
  ignore line: [GNU C++17 (Ubuntu 13.3.0-6ubuntu2~24.04) version 13.3.0 (x86_64-linux-gnu)]
  ignore line: [	compiled by GNU C version 13.3.0  GMP version 6.3.0  MPFR version 4.2.1  MPC version 1.3.1  isl version isl-0.26-GMP]
  ignore line: []
  ignore line: [GGC heuristics: --param ggc-min-expand=100 --param ggc-min-heapsize=131072]
  ignore line: [ignoring duplicate directory "/usr/include/x86_64-linux-gnu/c++/13"]
  ignore line: [ignoring nonexistent directory "/usr/local/include/x86_64-linux-gnu"]
  ignore line: [ignoring nonexistent directory "/usr/lib/gcc/x86_64-linux-gnu/13/include-fixed/x86_64-linux-gnu"]
  ignore line: [ignoring nonexistent directory "/usr/lib/gcc/x86_64-linux-gnu/13/include-fixed"]
  ignore line: [ignoring nonexistent directory "/usr/lib/gcc/x86_64-linux-gnu/13/../../../../x86_64-linux-gnu/include"]
  ignore line: [#include "..." search starts here:]
  ignore line: [#include <...> search starts here:]
  ignore line: [ /usr/include/c++/13]
  ignore line: [ /usr/include/x86_64-linux-gnu/c++/13]
  ignore line: [ /usr/include/c++/13/backward]
  ignore line: [ /usr/lib/gcc/x86_64-linux-gnu/13/include]
  ignore line: [ /usr/local/include]
  ignore line: [ /usr/include/x86_64-linux-gnu]
  ignore line: [ /usr/include]
  ignore line: [End of search list.]
  ignore line: [Compiler executable checksum: c81c05345ce537099dafd5580045814a]
  ignore line: [COLLECT_GCC_OPTIONS='-fopenmp' '-v' '-o' 'CMakeFiles/cmTC_4ff58.dir/OpenMPTryFlag.cpp.o' '-c' '-shared-libgcc' '-mtune=generic' '-march=x86-64' '-pthread' '-dumpdir' 'CMakeFiles/cmTC_4ff58.dir/']
  ignore line: [ as -v --64 -o CMakeFiles/cmTC_4ff58.dir/OpenMPTryFlag.cpp.o /tmp/ccF8iBMA.s]
  ignore line: [GNU assembler version 2.42 (x86_64-linux-gnu) using BFD version (GNU Binutils for Ubuntu) 2.42]
  ignore line: [COMPILER_PATH=/usr/libexec/gcc/x86_64-linux-gnu/13/:/usr/libexec/gcc/x86_64-linux-gnu/13/:/usr/libexec/gcc/x86_64-linux-gnu/:/usr/lib/gcc/x86_64-linux-gnu/13/:/usr/lib/gcc/x86_64-linux-gnu/]
  ignore line: [LIBRARY_PATH=/usr/lib/gcc/x86_64-linux-gnu/13/:/usr/lib/gcc/x86_64-linux-gnu/13/../../../x86_64-linux-gnu/:/usr/lib/gcc/x86_64-linux-gnu/13/../../../../lib/:/lib/x86_64-linux-gnu/:/lib/../lib/:/usr/lib/x86_64-linux-gnu/:/usr/lib/../lib/:/usr/lib/gcc/x86_64-linux-gnu/13/../../../:/lib/:/usr/lib/]
  ignore line: [COLLECT_GCC_OPTIONS='-fopenmp' '-v' '-o' 'CMakeFiles/cmTC_4ff58.dir/OpenMPTryFlag.cpp.o' '-c' '-shared-libgcc' '-mtune=generic' '-march=x86-64' '-pthread' '-dumpdir' 'CMakeFiles/cmTC_4ff58.dir/OpenMPTryFlag.cpp.']
  ignore line: [Linking CXX executable cmTC_4ff58]
  ignore line: [/usr/bin/cmake -E cmake_link_script CMakeFiles/cmTC_4ff58.dir/link.txt --verbose=1]
  ignore line: [/usr/bin/c++  -fopenmp -v CMakeFiles/cmTC_4ff58.dir/OpenMPTryFlag.cpp.o -o cmTC_4ff58  -v ]
  ignore line: [Using built-in specs.]
  ignore line: [COLLECT_GCC=/usr/bin/c++]
  ignore line: [COLLECT_LTO_WRAPPER=/usr/libexec/gcc/x86_64-linux-gnu/13/lto-wrapper]
  ignore line: [OFFLOAD_TARGET_NAMES=nvptx-none:amdgcn-amdhsa]
  ignore line: [OFFLOAD_TARGET_DEFAULT=1]
  ignore line: [Target: x86_64-linux-gnu]
  ignore line: [Configured with: ../src/configure -v --with-pkgversion='Ubuntu 13.3.0-6ubuntu2~24.04' --with-bugurl=file:///usr/share/doc/gcc-13/README.Bugs --enable-languages=c ada c++ go d fortran objc obj-c++ m2 --prefix=/usr --with-gcc-major-version-only --program-suffix=-13 --program-prefix=x86_64-linux-gnu- --enable-shared --enable-linker-build-id --libexecdir=/usr/libexec --without-included-gettext --enable-threads=posix --libdir=/usr/lib --enable-nls --enable-bootstrap --enable-clocale=gnu --enable-libstdcxx-debug --enable-libstdcxx-time=yes --with-default-libstdcxx-abi=new --enable-libstdcxx-backtrace --enable-gnu-unique-object --disable-vtable-verify --enable-plugin --enable-default-pie --with-system-zlib --enable-libphobos-checking=release --with-target-system-zlib=auto --enable-objc-gc=auto --enable-multiarch --disable-werror --enable-cet --with-arch-32=i686 --with-abi=m64 --with-multilib-list=m32 m64 mx32 --enable-multilib --with-tune=generic --enable-offload-targets=nvptx-none=/build/gcc-13-fG75Ri/gcc-13-13.3.0/debian/tmp-nvptx/usr amdgcn-amdhsa=/build/gcc-13-fG75Ri/gcc-13-13.3.0/debian/tmp-gcn/usr --enable-offload-defaulted --without-cuda-driver --enable-checking=release --build=x86_64-linux-gnu --host=x86_64-linux-gnu --target=x86_64-linux-gnu --with-build-config=bootstrap-lto-lean --enable-link-serialization=2]
  ignore line: [Thread model: posix]
  ignore line: [Supported LTO compression algorithms: zlib zstd]
  ignore line: [gcc version 13.3.0 (Ubuntu 13.3.0-6ubuntu2~24.04) ]
  ignore line: [COMPILER_PATH=/usr/libexec/gcc/x86_64-linux-gnu/13/:/usr/libexec/gcc/x86_64-linux-gnu/13/:/usr/libexec/gcc/x86_64-linux-gnu/:/usr/lib/gcc/x86_64-linux-gnu/13/:/usr/lib/gcc/x86_64-linux-gnu/]
  ignore line: [LIBRARY_PATH=/usr/lib/gcc/x86_64-linux-gnu/13/:/usr/lib/gcc/x86_64-linux-gnu/13/../../../x86_64-linux-gnu/:/usr/lib/gcc/x86_64-linux-gnu/13/../../../../lib/:/lib/x86_64-linux-gnu/:/lib/../lib/:/usr/lib/x86_64-linux-gnu/:/usr/lib/../lib/:/usr/lib/gcc/x86_64-linux-gnu/13/../../../:/lib/:/usr/lib/]
  ignore line: [Reading specs from /usr/lib/gcc/x86_64-linux-gnu/13/libgomp.spec]
  ignore line: [COLLECT_GCC_OPTIONS='-fopenmp' '-v' '-o' 'cmTC_4ff58' '-v' '-shared-libgcc' '-mtune=generic' '-march=x86-64' '-pthread' '-dumpdir' 'cmTC_4ff58.']
  link line: [ /usr/libexec/gcc/x86_64-linux-gnu/13/collect2 -plugin /usr/libexec/gcc/x86_64-linux-gnu/13/liblto_plugin.so -plugin-opt=/usr/libexec/gcc/x86_64-linux-gnu/13/lto-wrapper -plugin-opt=-fresolution=/tmp/ccAiA64n.res -plugin-opt=-pass-through=-lgcc_s -plugin-opt=-pass-through=-lgcc -plugin-opt=-pass-through=-lpthread -plugin-opt=-pass-through=-lc -plugin-opt=-pass-through=-lgcc_s -plugin-opt=-pass-through=-lgcc --build-id --eh-frame-hdr -m elf_x86_64 --hash-style=gnu --as-needed -dynamic-linker /lib64/ld-linux-x86-64.so.2 -pie -z now -z relro -o cmTC_4ff58 /usr/lib/gcc/x86_64-linux-gnu/13/../../../x86_64-linux-gnu/Scrt1.o /usr/lib/gcc/x86_64-linux-gnu/13/../../../x86_64-linux-gnu/crti.o /usr/lib/gcc/x86_64-linux-gnu/13/crtbeginS.o /usr/lib/gcc/x86_64-linux-gnu/13/crtoffloadbegin.o -L/usr/lib/gcc/x86_64-linux-gnu/13 -L/usr/lib/gcc/x86_64-linux-gnu/13/../../../x86_64-linux-gnu -L/usr/lib/gcc/x86_64-linux-gnu/13/../../../../lib -L/lib/x86_64-linux-gnu -L/lib/../lib -L/usr/lib/x86_64-linux-gnu -L/usr/lib/../lib -L/usr/lib/gcc/x86_64-linux-gnu/13/../../.. CMakeFiles/cmTC_4ff58.dir/OpenMPTryFlag.cpp.o -lstdc++ -lm -lgomp -lgcc_s -lgcc -lpthread -lc -lgcc_s -lgcc /usr/lib/gcc/x86_64-linux-gnu/13/crtendS.o /usr/lib/gcc/x86_64-linux-gnu/13/../../../x86_64-linux-gnu/crtn.o /usr/lib/gcc/x86_64-linux-gnu/13/crtoffloadend.o]
    arg [/usr/libexec/gcc/x86_64-linux-gnu/13/collect2] ==> ignore
    arg [-plugin] ==> ignore
    arg [/usr/libexec/gcc/x86_64-linux-gnu/13/liblto_plugin.so] ==> ignore
    arg [-plugin-opt=/usr/libexec/gcc/x86_64-linux-gnu/13/lto-wrapper] ==> ignore
    arg [-plugin-opt=-fresolution=/tmp/ccAiA64n.res] ==> ignore
    arg [-plugin-opt=-pass-through=-lgcc_s] ==> ignore
    arg [-plugin-opt=-pass-through=-lgcc] ==> ignore
    arg [-plugin-opt=-pass-through=-lpthread] ==> ignore
    arg [-plugin-opt=-pass-through=-lc] ==> ignore
    arg [-plugin-opt=-pass-through=-lgcc_s] ==> ignore
    arg [-plugin-opt=-pass-through=-lgcc] ==> ignore
    arg [--build-id] ==> ignore
    arg [--eh-frame-hdr] ==> ignore
    arg [-m] ==> ignore
    arg [elf_x86_64] ==> ignore
    arg [--hash-style=gnu] ==> ignore
    arg [--as-needed] ==> ignore
    arg [-dynamic-linker] ==> ignore
    arg [/lib64/ld-linux-x86-64.so.2] ==> ignore
    arg [-pie] ==> ignore
    arg [-znow] ==> ignore
    arg [-zrelro] ==> ignore
    arg [-o] ==> ignore
    arg [cmTC_4ff58] ==> ignore
    arg [-L/usr/lib/gcc/x86_64-linux-gnu/13] ==> dir [/usr/lib/gcc/x86_64-linux-gnu/13]
    arg [-L/usr/lib/gcc/x86_64-linux-gnu/13/../../../x86_64-linux-gnu] ==> dir [/usr/lib/gcc/x86_64-linux-gnu/13/../../../x86_64-linux-gnu]
    arg [-L/usr/lib/gcc/x86_64-linux-gnu/13/../../../../lib] ==> dir [/usr/lib/gcc/x86_64-linux-gnu/13/../../../../lib]
    arg [-L/lib/x86_64-linux-gnu] ==> dir [/lib/x86_64-linux-gnu]
    arg [-L/lib/../lib] ==> dir [/lib/../lib]
    arg [-L/usr/lib/x86_64-linux-gnu] ==> dir [/usr/lib/x86_64-linux-gnu]
    arg [-L/usr/lib/../lib] ==> dir [/usr/lib/../lib]
    arg [-L/usr/lib/gcc/x86_64-linux-gnu/13/../../..] ==> dir [/usr/lib/gcc/x86_64-linux-gnu/13/../../..]
    arg [CMakeFiles/cmTC_4ff58.dir/OpenMPTryFlag.cpp.o] ==> ignore
    arg [-lstdc++] ==> lib [stdc++]
    arg [-lm] ==> lib [m]
    arg [-lgomp] ==> lib [gomp]
    arg [-lgcc_s] ==> lib [gcc_s]
    arg [-lgcc] ==> lib [gcc]
    arg [-lpthread] ==> lib [pthread]
    arg [-lc] ==> lib [c]
    arg [-lgcc_s] ==> lib [gcc_s]
    arg [-lgcc] ==> lib [gcc]
  collapse library dir [/usr/lib/gcc/x86_64-linux-gnu/13] ==> [/usr/lib/gcc/x86_64-linux-gnu/13]
  collapse library dir [/usr/lib/gcc/x86_64-linux-gnu/13/../../../x86_64-linux-gnu] ==> [/usr/lib/x86_64-linux-gnu]
  collapse library dir [/usr/lib/gcc/x86_64-linux-gnu/13/../../../../lib] ==> [/usr/lib]
  collapse library dir [/lib/x86_64-linux-gnu] ==> [/lib/x86_64-linux-gnu]
  collapse library dir [/lib/../lib] ==> [/lib]
  collapse library dir [/usr/lib/x86_64-linux-gnu] ==> [/usr/lib/x86_64-linux-gnu]
  collapse library dir [/usr/lib/../lib] ==> [/usr/lib]
  collapse library dir [/usr/lib/gcc/x86_64-linux-gnu/13/../../..] ==> [/usr/lib]
  implicit libs: [stdc++;m;gomp;gcc_s;gcc;pthread;c;gcc_s;gcc]
  implicit objs: []
  implicit dirs: [/usr/lib/gcc/x86_64-linux-gnu/13;/usr/lib/x86_64-linux-gnu;/usr/lib;/lib/x86_64-linux-gnu;/lib]
  implicit fwks: []


Detecting C OpenMP compiler ABI info compiled with the following output:
Change Dir: '/home/yuanyan/LIO-SAM-ros2/build/lio_sam/CMakeFiles/CMakeTmp'

Run Build Command(s): /usr/bin/cmake -E env VERBOSE=1 /usr/bin/gmake -f Makefile cmTC_e5065/fast
/usr/bin/gmake  -f CMakeFiles/cmTC_e5065.dir/build.make CMakeFiles/cmTC_e5065.dir/build
gmake[1]: Entering directory '/home/yuanyan/LIO-SAM-ros2/build/lio_sam/CMakeFiles/CMakeTmp'
Building C object CMakeFiles/cmTC_e5065.dir/OpenMPTryFlag.c.o
/usr/bin/cc   -fopenmp -v -o CMakeFiles/cmTC_e5065.dir/OpenMPTryFlag.c.o -c /home/yuanyan/LIO-SAM-ros2/build/lio_sam/CMakeFiles/FindOpenMP/OpenMPTryFlag.c
Using built-in specs.
COLLECT_GCC=/usr/bin/cc
OFFLOAD_TARGET_NAMES=nvptx-none:amdgcn-amdhsa
OFFLOAD_TARGET_DEFAULT=1
Target: x86_64-linux-gnu
Configured with: ../src/configure -v --with-pkgversion='Ubuntu 13.3.0-6ubuntu2~24.04' --with-bugurl=file:///usr/share/doc/gcc-13/README.Bugs --enable-languages=c,ada,c++,go,d,fortran,objc,obj-c++,m2 --prefix=/usr --with-gcc-major-version-only --program-suffix=-13 --program-prefix=x86_64-linux-gnu- --enable-shared --enable-linker-build-id --libexecdir=/usr/libexec --without-included-gettext --enable-threads=posix --libdir=/usr/lib --enable-nls --enable-bootstrap --enable-clocale=gnu --enable-libstdcxx-debug --enable-libstdcxx-time=yes --with-default-libstdcxx-abi=new --enable-libstdcxx-backtrace --enable-gnu-unique-object --disable-vtable-verify --enable-plugin --enable-default-pie --with-system-zlib --enable-libphobos-checking=release --with-target-system-zlib=auto --enable-objc-gc=auto --enable-multiarch --disable-werror --enable-cet --with-arch-32=i686 --with-abi=m64 --with-multilib-list=m32,m64,mx32 --enable-multilib --with-tune=generic --enable-offload-targets=nvptx-none=/build/gcc-13-fG75Ri/gcc-13-13.3.0/debian/tmp-nvptx/usr,amdgcn-amdhsa=/build/gcc-13-fG75Ri/gcc-13-13.3.0/debian/tmp-gcn/usr --enable-offload-defaulted --without-cuda-driver --enable-checking=release --build=x86_64-linux-gnu --host=x86_64-linux-gnu --target=x86_64-linux-gnu --with-build-config=bootstrap-lto-lean --enable-link-serialization=2
Thread model: posix
Supported LTO compression algorithms: zlib zstd
gcc version 13.3.0 (Ubuntu 13.3.0-6ubuntu2~24.04) 
COLLECT_GCC_OPTIONS='-fopenmp' '-v' '-o' 'CMakeFiles/cmTC_e5065.dir/OpenMPTryFlag.c.o' '-c' '-mtune=generic' '-march=x86-64' '-pthread' '-dumpdir' 'CMakeFiles/cmTC_e5065.dir/'
 /usr/libexec/gcc/x86_64-linux-gnu/13/cc1 -quiet -v -imultiarch x86_64-linux-gnu -D_REENTRANT /home/yuanyan/LIO-SAM-ros2/build/lio_sam/CMakeFiles/FindOpenMP/OpenMPTryFlag.c -quiet -dumpdir CMakeFiles/cmTC_e5065.dir/ -dumpbase OpenMPTryFlag.c.c -dumpbase-ext .c -mtune=generic -march=x86-64 -version -fopenmp -fasynchronous-unwind-tables -fstack-protector-strong -Wformat -Wformat-security -fstack-clash-protection -fcf-protection -o /tmp/ccZccAMH.s
GNU C17 (Ubuntu 13.3.0-6ubuntu2~24.04) version 13.3.0 (x86_64-linux-gnu)
	compiled by GNU C version 13.3.0, GMP version 6.3.0, MPFR version 4.2.1, MPC version 1.3.1, isl version isl-0.26-GMP

GGC heuristics: --param ggc-min-expand=100 --param ggc-min-heapsize=131072
ignoring nonexistent directory "/usr/local/include/x86_64-linux-gnu"
ignoring nonexistent directory "/usr/lib/gcc/x86_64-linux-gnu/13/include-fixed/x86_64-linux-gnu"
ignoring nonexistent directory "/usr/lib/gcc/x86_64-linux-gnu/13/include-fixed"
ignoring nonexistent directory "/usr/lib/gcc/x86_64-linux-gnu/13/../../../../x86_64-linux-gnu/include"
#include "..." search starts here:
#include <...> search starts here:
 /usr/lib/gcc/x86_64-linux-gnu/13/include
 /usr/local/include
 /usr/include/x86_64-linux-gnu
 /usr/include
End of search list.
Compiler executable checksum: 38987c28e967c64056a6454abdef726e
COLLECT_GCC_OPTIONS='-fopenmp' '-v' '-o' 'CMakeFiles/cmTC_e5065.dir/OpenMPTryFlag.c.o' '-c' '-mtune=generic' '-march=x86-64' '-pthread' '-dumpdir' 'CMakeFiles/cmTC_e5065.dir/'
 as -v --64 -o CMakeFiles/cmTC_e5065.dir/OpenMPTryFlag.c.o /tmp/ccZccAMH.s
GNU assembler version 2.42 (x86_64-linux-gnu) using BFD version (GNU Binutils for Ubuntu) 2.42
COMPILER_PATH=/usr/libexec/gcc/x86_64-linux-gnu/13/:/usr/libexec/gcc/x86_64-linux-gnu/13/:/usr/libexec/gcc/x86_64-linux-gnu/:/usr/lib/gcc/x86_64-linux-gnu/13/:/usr/lib/gcc/x86_64-linux-gnu/
LIBRARY_PATH=/usr/lib/gcc/x86_64-linux-gnu/13/:/usr/lib/gcc/x86_64-linux-gnu/13/../../../x86_64-linux-gnu/:/usr/lib/gcc/x86_64-linux-gnu/13/../../../../lib/:/lib/x86_64-linux-gnu/:/lib/../lib/:/usr/lib/x86_64-linux-gnu/:/usr/lib/../lib/:/usr/lib/gcc/x86_64-linux-gnu/13/../../../:/lib/:/usr/lib/
COLLECT_GCC_OPTIONS='-fopenmp' '-v' '-o' 'CMakeFiles/cmTC_e5065.dir/OpenMPTryFlag.c.o' '-c' '-mtune=generic' '-march=x86-64' '-pthread' '-dumpdir' 'CMakeFiles/cmTC_e5065.dir/OpenMPTryFlag.c.'
Linking C executable cmTC_e5065
/usr/bin/cmake -E cmake_link_script CMakeFiles/cmTC_e5065.dir/link.txt --verbose=1
/usr/bin/cc  -fopenmp -v CMakeFiles/cmTC_e5065.dir/OpenMPTryFlag.c.o -o cmTC_e5065  -v 
Using built-in specs.
COLLECT_GCC=/usr/bin/cc
COLLECT_LTO_WRAPPER=/usr/libexec/gcc/x86_64-linux-gnu/13/lto-wrapper
OFFLOAD_TARGET_NAMES=nvptx-none:amdgcn-amdhsa
OFFLOAD_TARGET_DEFAULT=1
Target: x86_64-linux-gnu
Configured with: ../src/configure -v --with-pkgversion='Ubuntu 13.3.0-6ubuntu2~24.04' --with-bugurl=file:///usr/share/doc/gcc-13/README.Bugs --enable-languages=c,ada,c++,go,d,fortran,objc,obj-c++,m2 --prefix=/usr --with-gcc-major-version-only --program-suffix=-13 --program-prefix=x86_64-linux-gnu- --enable-shared --enable-linker-build-id --libexecdir=/usr/libexec --without-included-gettext --enable-threads=posix --libdir=/usr/lib --enable-nls --enable-bootstrap --enable-clocale=gnu --enable-libstdcxx-debug --enable-libstdcxx-time=yes --with-default-libstdcxx-abi=new --enable-libstdcxx-backtrace --enable-gnu-unique-object --disable-vtable-verify --enable-plugin --enable-default-pie --with-system-zlib --enable-libphobos-checking=release --with-target-system-zlib=auto --enable-objc-gc=auto --enable-multiarch --disable-werror --enable-cet --with-arch-32=i686 --with-abi=m64 --with-multilib-list=m32,m64,mx32 --enable-multilib --with-tune=generic --enable-offload-targets=nvptx-none=/build/gcc-13-fG75Ri/gcc-13-13.3.0/debian/tmp-nvptx/usr,amdgcn-amdhsa=/build/gcc-13-fG75Ri/gcc-13-13.3.0/debian/tmp-gcn/usr --enable-offload-defaulted --without-cuda-driver --enable-checking=release --build=x86_64-linux-gnu --host=x86_64-linux-gnu --target=x86_64-linux-gnu --with-build-config=bootstrap-lto-lean --enable-link-serialization=2
Thread model: posix
Supported LTO compression algorithms: zlib zstd
gcc version 13.3.0 (Ubuntu 13.3.0-6ubuntu2~24.04) 
COMPILER_PATH=/usr/libexec/gcc/x86_64-linux-gnu/13/:/usr/libexec/gcc/x86_64-linux-gnu/13/:/usr/libexec/gcc/x86_64-linux-gnu/:/usr/lib/gcc/x86_64-linux-gnu/13/:/usr/lib/gcc/x86_64-linux-gnu/
LIBRARY_PATH=/usr/lib/gcc/x86_64-linux-gnu/13/:/usr/lib/gcc/x86_64-linux-gnu/13/../../../x86_64-linux-gnu/:/usr/lib/gcc/x86_64-linux-gnu/13/../../../../lib/:/lib/x86_64-linux-gnu/:/lib/../lib/:/usr/lib/x86_64-linux-gnu/:/usr/lib/../lib/:/usr/lib/gcc/x86_64-linux-gnu/13/../../../:/lib/:/usr/lib/
Reading specs from /usr/lib/gcc/x86_64-linux-gnu/13/libgomp.spec
COLLECT_GCC_OPTIONS='-fopenmp' '-v' '-o' 'cmTC_e5065' '-v' '-mtune=generic' '-march=x86-64' '-pthread' '-dumpdir' 'cmTC_e5065.'
 /usr/libexec/gcc/x86_64-linux-gnu/13/collect2 -plugin /usr/libexec/gcc/x86_64-linux-gnu/13/liblto_plugin.so -plugin-opt=/usr/libexec/gcc/x86_64-linux-gnu/13/lto-wrapper -plugin-opt=-fresolution=/tmp/cck2WuT5.res -plugin-opt=-pass-through=-lgcc -plugin-opt=-pass-through=-lgcc_s -plugin-opt=-pass-through=-lpthread -plugin-opt=-pass-through=-lc -plugin-opt=-pass-through=-lgcc -plugin-opt=-pass-through=-lgcc_s --build-id --eh-frame-hdr -m elf_x86_64 --hash-style=gnu --as-needed -dynamic-linker /lib64/ld-linux-x86-64.so.2 -pie -z now -z relro -o cmTC_e5065 /usr/lib/gcc/x86_64-linux-gnu/13/../../../x86_64-linux-gnu/Scrt1.o /usr/lib/gcc/x86_64-linux-gnu/13/../../../x86_64-linux-gnu/crti.o /usr/lib/gcc/x86_64-linux-gnu/13/crtbeginS.o /usr/lib/gcc/x86_64-linux-gnu/13/crtoffloadbegin.o -L/usr/lib/gcc/x86_64-linux-gnu/13 -L/usr/lib/gcc/x86_64-linux-gnu/13/../../../x86_64-linux-gnu -L/usr/lib/gcc/x86_64-linux-gnu/13/../../../../lib -L/lib/x86_64-linux-gnu -L/lib/../lib -L/usr/lib/x86_64-linux-gnu -L/usr/lib/../lib -L/usr/lib/gcc/x86_64-linux-gnu/13/../../.. CMakeFiles/cmTC_e5065.dir/OpenMPTryFlag.c.o -lgomp -lgcc --push-state --as-needed -lgcc_s --pop-state -lpthread -lc -lgcc --push-state --as-needed -lgcc_s --pop-state /usr/lib/gcc/x86_64-linux-gnu/13/crtendS.o /usr/lib/gcc/x86_64-linux-gnu/13/../../../x86_64-linux-gnu/crtn.o /usr/lib/gcc/x86_64-linux-gnu/13/crtoffloadend.o
COLLECT_GCC_OPTIONS='-fopenmp' '-v' '-o' 'cmTC_e5065' '-v' '-mtune=generic' '-march=x86-64' '-pthread' '-dumpdir' 'cmTC_e5065.'
gmake[1]: Leaving directory '/home/yuanyan/LIO-SAM-ros2/build/lio_sam/CMakeFiles/CMakeTmp'



Parsed C OpenMP implicit link information from above output:
  link line regex: [^( *|.*[/\])(ld|CMAKE_LINK_STARTFILE-NOTFOUND|([^/\]+-)?ld|collect2)[^/\]*( |$)]
  ignore line: [Change Dir: '/home/yuanyan/LIO-SAM-ros2/build/lio_sam/CMakeFiles/CMakeTmp']
  ignore line: []
  ignore line: [Run Build Command(s): /usr/bin/cmake -E env VERBOSE=1 /usr/bin/gmake -f Makefile cmTC_e5065/fast]
  ignore line: [/usr/bin/gmake  -f CMakeFiles/cmTC_e5065.dir/build.make CMakeFiles/cmTC_e5065.dir/build]
  ignore line: [gmake[1]: Entering directory '/home/yuanyan/LIO-SAM-ros2/build/lio_sam/CMakeFiles/CMakeTmp']
  ignore line: [Building C object CMakeFiles/cmTC_e5065.dir/OpenMPTryFlag.c.o]
  ignore line: [/usr/bin/cc   -fopenmp -v -o CMakeFiles/cmTC_e5065.dir/OpenMPTryFlag.c.o -c /home/yuanyan/LIO-SAM-ros2/build/lio_sam/CMakeFiles/FindOpenMP/OpenMPTryFlag.c]
  ignore line: [Using built-in specs.]
  ignore line: [COLLECT_GCC=/usr/bin/cc]
  ignore line: [OFFLOAD_TARGET_NAMES=nvptx-none:amdgcn-amdhsa]
  ignore line: [OFFLOAD_TARGET_DEFAULT=1]
  ignore line: [Target: x86_64-linux-gnu]
  ignore line: [Configured with: ../src/configure -v --with-pkgversion='Ubuntu 13.3.0-6ubuntu2~24.04' --with-bugurl=file:///usr/share/doc/gcc-13/README.Bugs --enable-languages=c ada c++ go d fortran objc obj-c++ m2 --prefix=/usr --with-gcc-major-version-only --program-suffix=-13 --program-prefix=x86_64-linux-gnu- --enable-shared --enable-linker-build-id --libexecdir=/usr/libexec --without-included-gettext --enable-threads=posix --libdir=/usr/lib --enable-nls --enable-bootstrap --enable-clocale=gnu --enable-libstdcxx-debug --enable-libstdcxx-time=yes --with-default-libstdcxx-abi=new --enable-libstdcxx-backtrace --enable-gnu-unique-object --disable-vtable-verify --enable-plugin --enable-default-pie --with-system-zlib --enable-libphobos-checking=release --with-target-system-zlib=auto --enable-objc-gc=auto --enable-multiarch --disable-werror --enable-cet --with-arch-32=i686 --with-abi=m64 --with-multilib-list=m32 m64 mx32 --enable-multilib --with-tune=generic --enable-offload-targets=nvptx-none=/build/gcc-13-fG75Ri/gcc-13-13.3.0/debian/tmp-nvptx/usr amdgcn-amdhsa=/build/gcc-13-fG75Ri/gcc-13-13.3.0/debian/tmp-gcn/usr --enable-offload-defaulted --without-cuda-driver --enable-checking=release --build=x86_64-linux-gnu --host=x86_64-linux-gnu --target=x86_64-linux-gnu --with-build-config=bootstrap-lto-lean --enable-link-serialization=2]
  ignore line: [Thread model: posix]
  ignore line: [Supported LTO compression algorithms: zlib zstd]
  ignore line: [gcc version 13.3.0 (Ubuntu 13.3.0-6ubuntu2~24.04) ]
  ignore line: [COLLECT_GCC_OPTIONS='-fopenmp' '-v' '-o' 'CMakeFiles/cmTC_e5065.dir/OpenMPTryFlag.c.o' '-c' '-mtune=generic' '-march=x86-64' '-pthread' '-dumpdir' 'CMakeFiles/cmTC_e5065.dir/']
  ignore line: [ /usr/libexec/gcc/x86_64-linux-gnu/13/cc1 -quiet -v -imultiarch x86_64-linux-gnu -D_REENTRANT /home/yuanyan/LIO-SAM-ros2/build/lio_sam/CMakeFiles/FindOpenMP/OpenMPTryFlag.c -quiet -dumpdir CMakeFiles/cmTC_e5065.dir/ -dumpbase OpenMPTryFlag.c.c -dumpbase-ext .c -mtune=generic -march=x86-64 -version -fopenmp -fasynchronous-unwind-tables -fstack-protector-strong -Wformat -Wformat-security -fstack-clash-protection -fcf-protection -o /tmp/ccZccAMH.s]
  ignore line: [GNU C17 (Ubuntu 13.3.0-6ubuntu2~24.04) version 13.3.0 (x86_64-linux-gnu)]
  ignore line: [	compiled by GNU C version 13.3.0  GMP version 6.3.0  MPFR version 4.2.1  MPC version 1.3.1  isl version isl-0.26-GMP]
  ignore line: []
  ignore line: [GGC heuristics: --param ggc-min-expand=100 --param ggc-min-heapsize=131072]
  ignore line: [ignoring nonexistent directory "/usr/local/include/x86_64-linux-gnu"]
  ignore line: [ignoring nonexistent directory "/usr/lib/gcc/x86_64-linux-gnu/13/include-fixed/x86_64-linux-gnu"]
  ignore line: [ignoring nonexistent directory "/usr/lib/gcc/x86_64-linux-gnu/13/include-fixed"]
  ignore line: [ignoring nonexistent directory "/usr/lib/gcc/x86_64-linux-gnu/13/../../../../x86_64-linux-gnu/include"]
  ignore line: [#include "..." search starts here:]
  ignore line: [#include <...> search starts here:]
  ignore line: [ /usr/lib/gcc/x86_64-linux-gnu/13/include]
  ignore line: [ /usr/local/include]
  ignore line: [ /usr/include/x86_64-linux-gnu]
  ignore line: [ /usr/include]
  ignore line: [End of search list.]
  ignore line: [Compiler executable checksum: 38987c28e967c64056a6454abdef726e]
  ignore line: [COLLECT_GCC_OPTIONS='-fopenmp' '-v' '-o' 'CMakeFiles/cmTC_e5065.dir/OpenMPTryFlag.c.o' '-c' '-mtune=generic' '-march=x86-64' '-pthread' '-dumpdir' 'CMakeFiles/cmTC_e5065.dir/']
  ignore line: [ as -v --64 -o CMakeFiles/cmTC_e5065.dir/OpenMPTryFlag.c.o /tmp/ccZccAMH.s]
  ignore line: [GNU assembler version 2.42 (x86_64-linux-gnu) using BFD version (GNU Binutils for Ubuntu) 2.42]
  ignore line: [COMPILER_PATH=/usr/libexec/gcc/x86_64-linux-gnu/13/:/usr/libexec/gcc/x86_64-linux-gnu/13/:/usr/libexec/gcc/x86_64-linux-gnu/:/usr/lib/gcc/x86_64-linux-gnu/13/:/usr/lib/gcc/x86_64-linux-gnu/]
  ignore line: [LIBRARY_PATH=/usr/lib/gcc/x86_64-linux-gnu/13/:/usr/lib/gcc/x86_64-linux-gnu/13/../../../x86_64-linux-gnu/:/usr/lib/gcc/x86_64-linux-gnu/13/../../../../lib/:/lib/x86_64-linux-gnu/:/lib/../lib/:/usr/lib/x86_64-linux-gnu/:/usr/lib/../lib/:/usr/lib/gcc/x86_64-linux-gnu/13/../../../:/lib/:/usr/lib/]
  ignore line: [COLLECT_GCC_OPTIONS='-fopenmp' '-v' '-o' 'CMakeFiles/cmTC_e5065.dir/OpenMPTryFlag.c.o' '-c' '-mtune=generic' '-march=x86-64' '-pthread' '-dumpdir' 'CMakeFiles/cmTC_e5065.dir/OpenMPTryFlag.c.']
  ignore line: [Linking C executable cmTC_e5065]
  ignore line: [/usr/bin/cmake -E cmake_link_script CMakeFiles/cmTC_e5065.dir/link.txt --verbose=1]
  ignore line: [/usr/bin/cc  -fopenmp -v CMakeFiles/cmTC_e5065.dir/OpenMPTryFlag.c.o -o cmTC_e5065  -v ]
  ignore line: [Using built-in specs.]
  ignore line: [COLLECT_GCC=/usr/bin/cc]
  ignore line: [COLLECT_LTO_WRAPPER=/usr/libexec/gcc/x86_64-linux-gnu/13/lto-wrapper]
  ignore line: [OFFLOAD_TARGET_NAMES=nvptx-none:amdgcn-amdhsa]
  ignore line: [OFFLOAD_TARGET_DEFAULT=1]
  ignore line: [Target: x86_64-linux-gnu]
  ignore line: [Configured with: ../src/configure -v --with-pkgversion='Ubuntu 13.3.0-6ubuntu2~24.04' --with-bugurl=file:///usr/share/doc/gcc-13/README.Bugs --enable-languages=c ada c++ go d fortran objc obj-c++ m2 --prefix=/usr --with-gcc-major-version-only --program-suffix=-13 --program-prefix=x86_64-linux-gnu- --enable-shared --enable-linker-build-id --libexecdir=/usr/libexec --without-included-gettext --enable-threads=posix --libdir=/usr/lib --enable-nls --enable-bootstrap --enable-clocale=gnu --enable-libstdcxx-debug --enable-libstdcxx-time=yes --with-default-libstdcxx-abi=new --enable-libstdcxx-backtrace --enable-gnu-unique-object --disable-vtable-verify --enable-plugin --enable-default-pie --with-system-zlib --enable-libphobos-checking=release --with-target-system-zlib=auto --enable-objc-gc=auto --enable-multiarch --disable-werror --enable-cet --with-arch-32=i686 --with-abi=m64 --with-multilib-list=m32 m64 mx32 --enable-multilib --with-tune=generic --enable-offload-targets=nvptx-none=/build/gcc-13-fG75Ri/gcc-13-13.3.0/debian/tmp-nvptx/usr amdgcn-amdhsa=/build/gcc-13-fG75Ri/gcc-13-13.3.0/debian/tmp-gcn/usr --enable-offload-defaulted --without-cuda-driver --enable-checking=release --build=x86_64-linux-gnu --host=x86_64-linux-gnu --target=x86_64-linux-gnu --with-build-config=bootstrap-lto-lean --enable-link-serialization=2]
  ignore line: [Thread model: posix]
  ignore line: [Supported LTO compression algorithms: zlib zstd]
  ignore line: [gcc version 13.3.0 (Ubuntu 13.3.0-6ubuntu2~24.04) ]
  ignore line: [COMPILER_PATH=/usr/libexec/gcc/x86_64-linux-gnu/13/:/usr/libexec/gcc/x86_64-linux-gnu/13/:/usr/libexec/gcc/x86_64-linux-gnu/:/usr/lib/gcc/x86_64-linux-gnu/13/:/usr/lib/gcc/x86_64-linux-gnu/]
  ignore line: [LIBRARY_PATH=/usr/lib/gcc/x86_64-linux-gnu/13/:/usr/lib/gcc/x86_64-linux-gnu/13/../../../x86_64-linux-gnu/:/usr/lib/gcc/x86_64-linux-gnu/13/../../../../lib/:/lib/x86_64-linux-gnu/:/lib/../lib/:/usr/lib/x86_64-linux-gnu/:/usr/lib/../lib/:/usr/lib/gcc/x86_64-linux-gnu/13/../../../:/lib/:/usr/lib/]
  ignore line: [Reading specs from /usr/lib/gcc/x86_64-linux-gnu/13/libgomp.spec]
  ignore line: [COLLECT_GCC_OPTIONS='-fopenmp' '-v' '-o' 'cmTC_e5065' '-v' '-mtune=generic' '-march=x86-64' '-pthread' '-dumpdir' 'cmTC_e5065.']
  link line: [ /usr/libexec/gcc/x86_64-linux-gnu/13/collect2 -plugin /usr/libexec/gcc/x86_64-linux-gnu/13/liblto_plugin.so -plugin-opt=/usr/libexec/gcc/x86_64-linux-gnu/13/lto-wrapper -plugin-opt=-fresolution=/tmp/cck2WuT5.res -plugin-opt=-pass-through=-lgcc -plugin-opt=-pass-through=-lgcc_s -plugin-opt=-pass-through=-lpthread -plugin-opt=-pass-through=-lc -plugin-opt=-pass-through=-lgcc -plugin-opt=-pass-through=-lgcc_s --build-id --eh-frame-hdr -m elf_x86_64 --hash-style=gnu --as-needed -dynamic-linker /lib64/ld-linux-x86-64.so.2 -pie -z now -z relro -o cmTC_e5065 /usr/lib/gcc/x86_64-linux-gnu/13/../../../x86_64-linux-gnu/Scrt1.o /usr/lib/gcc/x86_64-linux-gnu/13/../../../x86_64-linux-gnu/crti.o /usr/lib/gcc/x86_64-linux-gnu/13/crtbeginS.o /usr/lib/gcc/x86_64-linux-gnu/13/crtoffloadbegin.o -L/usr/lib/gcc/x86_64-linux-gnu/13 -L/usr/lib/gcc/x86_64-linux-gnu/13/../../../x86_64-linux-gnu -L/usr/lib/gcc/x86_64-linux-gnu/13/../../../../lib -L/lib/x86_64-linux-gnu -L/lib/../lib -L/usr/lib/x86_64-linux-gnu -L/usr/lib/../lib -L/usr/lib/gcc/x86_64-linux-gnu/13/../../.. CMakeFiles/cmTC_e5065.dir/OpenMPTryFlag.c.o -lgomp -lgcc --push-state --as-needed -lgcc_s --pop-state -lpthread -lc -lgcc --push-state --as-needed -lgcc_s --pop-state /usr/lib/gcc/x86_64-linux-gnu/13/crtendS.o /usr/lib/gcc/x86_64-linux-gnu/13/../../../x86_64-linux-gnu/crtn.o /usr/lib/gcc/x86_64-linux-gnu/13/crtoffloadend.o]
    arg [/usr/libexec/gcc/x86_64-linux-gnu/13/collect2] ==> ignore
    arg [-plugin] ==> ignore
    arg [/usr/libexec/gcc/x86_64-linux-gnu/13/liblto_plugin.so] ==> ignore
    arg [-plugin-opt=/usr/libexec/gcc/x86_64-linux-gnu/13/lto-wrapper] ==> ignore
    arg [-plugin-opt=-fresolution=/tmp/cck2WuT5.res] ==> ignore
    arg [-plugin-opt=-pass-through=-lgcc] ==> ignore
    arg [-plugin-opt=-pass-through=-lgcc_s] ==> ignore
    arg [-plugin-opt=-pass-through=-lpthread] ==> ignore
    arg [-plugin-opt=-pass-through=-lc] ==> ignore
    arg [-plugin-opt=-pass-through=-lgcc] ==> ignore
    arg [-plugin-opt=-pass-through=-lgcc_s] ==> ignore
    arg [--build-id] ==> ignore
    arg [--eh-frame-hdr] ==> ignore
    arg [-m] ==> ignore
    arg [elf_x86_64] ==> ignore
    arg [--hash-style=gnu] ==> ignore
    arg [--as-needed] ==> ignore
    arg [-dynamic-linker] ==> ignore
    arg [/lib64/ld-linux-x86-64.so.2] ==> ignore
    arg [-pie] ==> ignore
    arg [-znow] ==> ignore
    arg [-zrelro] ==> ignore
    arg [-o] ==> ignore
    arg [cmTC_e5065] ==> ignore
    arg [-L/usr/lib/gcc/x86_64-linux-gnu/13] ==> dir [/usr/lib/gcc/x86_64-linux-gnu/13]
    arg [-L/usr/lib/gcc/x86_64-linux-gnu/13/../../../x86_64-linux-gnu] ==> dir [/usr/lib/gcc/x86_64-linux-gnu/13/../../../x86_64-linux-gnu]
    arg [-L/usr/lib/gcc/x86_64-linux-gnu/13/../../../../lib] ==> dir [/usr/lib/gcc/x86_64-linux-gnu/13/../../../../lib]
    arg [-L/lib/x86_64-linux-gnu] ==> dir [/lib/x86_64-linux-gnu]
    arg [-L/lib/../lib] ==> dir [/lib/../lib]
    arg [-L/usr/lib/x86_64-linux-gnu] ==> dir [/usr/lib/x86_64-linux-gnu]
    arg [-L/usr/lib/../lib] ==> dir [/usr/lib/../lib]
    arg [-L/usr/lib/gcc/x86_64-linux-gnu/13/../../..] ==> dir [/usr/lib/gcc/x86_64-linux-gnu/13/../../..]
    arg [CMakeFiles/cmTC_e5065.dir/OpenMPTryFlag.c.o] ==> ignore
    arg [-lgomp] ==> lib [gomp]
    arg [-lgcc] ==> lib [gcc]
    arg [--push-state] ==> ignore
    arg [--as-needed] ==> ignore
    arg [-lgcc_s] ==> lib [gcc_s]
    arg [--pop-state] ==> ignore
    arg [-lpthread] ==> lib [pthread]
    arg [-lc] ==> lib [c]
    arg [-lgcc] ==> lib [gcc]
    arg [--push-state] ==> ignore
    arg [--as-needed] ==> ignore
    arg [-lgcc_s] ==> lib [gcc_s]
    arg [--pop-state] ==> ignore
  collapse library dir [/usr/lib/gcc/x86_64-linux-gnu/13] ==> [/usr/lib/gcc/x86_64-linux-gnu/13]
  collapse library dir [/usr/lib/gcc/x86_64-linux-gnu/13/../../../x86_64-linux-gnu] ==> [/usr/lib/x86_64-linux-gnu]
  collapse library dir [/usr/lib/gcc/x86_64-linux-gnu/13/../../../../lib] ==> [/usr/lib]
  collapse library dir [/lib/x86_64-linux-gnu] ==> [/lib/x86_64-linux-gnu]
  collapse library dir [/lib/../lib] ==> [/lib]
  collapse library dir [/usr/lib/x86_64-linux-gnu] ==> [/usr/lib/x86_64-linux-gnu]
  collapse library dir [/usr/lib/../lib] ==> [/usr/lib]
  collapse library dir [/usr/lib/gcc/x86_64-linux-gnu/13/../../..] ==> [/usr/lib]
  implicit libs: [gomp;gcc;gcc_s;pthread;c;gcc;gcc_s]
  implicit objs: []
  implicit dirs: [/usr/lib/gcc/x86_64-linux-gnu/13;/usr/lib/x86_64-linux-gnu;/usr/lib;/lib/x86_64-linux-gnu;/lib]
  implicit fwks: []


Detecting CXX OpenMP compiler ABI info compiled with the following output:
Change Dir: '/home/yuanyan/LIO-SAM-ros2/build/lio_sam/CMakeFiles/CMakeTmp'

Run Build Command(s): /usr/bin/cmake -E env VERBOSE=1 /usr/bin/gmake -f Makefile cmTC_c17f6/fast
/usr/bin/gmake  -f CMakeFiles/cmTC_c17f6.dir/build.make CMakeFiles/cmTC_c17f6.dir/build
gmake[1]: Entering directory '/home/yuanyan/LIO-SAM-ros2/build/lio_sam/CMakeFiles/CMakeTmp'
Building CXX object CMakeFiles/cmTC_c17f6.dir/OpenMPTryFlag.cpp.o
/usr/bin/c++   -fopenmp -v -o CMakeFiles/cmTC_c17f6.dir/OpenMPTryFlag.cpp.o -c /home/yuanyan/LIO-SAM-ros2/build/lio_sam/CMakeFiles/FindOpenMP/OpenMPTryFlag.cpp
Using built-in specs.
COLLECT_GCC=/usr/bin/c++
OFFLOAD_TARGET_NAMES=nvptx-none:amdgcn-amdhsa
OFFLOAD_TARGET_DEFAULT=1
Target: x86_64-linux-gnu
Configured with: ../src/configure -v --with-pkgversion='Ubuntu 13.3.0-6ubuntu2~24.04' --with-bugurl=file:///usr/share/doc/gcc-13/README.Bugs --enable-languages=c,ada,c++,go,d,fortran,objc,obj-c++,m2 --prefix=/usr --with-gcc-major-version-only --program-suffix=-13 --program-prefix=x86_64-linux-gnu- --enable-shared --enable-linker-build-id --libexecdir=/usr/libexec --without-included-gettext --enable-threads=posix --libdir=/usr/lib --enable-nls --enable-bootstrap --enable-clocale=gnu --enable-libstdcxx-debug --enable-libstdcxx-time=yes --with-default-libstdcxx-abi=new --enable-libstdcxx-backtrace --enable-gnu-unique-object --disable-vtable-verify --enable-plugin --enable-default-pie --with-system-zlib --enable-libphobos-checking=release --with-target-system-zlib=auto --enable-objc-gc=auto --enable-multiarch --disable-werror --enable-cet --with-arch-32=i686 --with-abi=m64 --with-multilib-list=m32,m64,mx32 --enable-multilib --with-tune=generic --enable-offload-targets=nvptx-none=/build/gcc-13-fG75Ri/gcc-13-13.3.0/debian/tmp-nvptx/usr,amdgcn-amdhsa=/build/gcc-13-fG75Ri/gcc-13-13.3.0/debian/tmp-gcn/usr --enable-offload-defaulted --without-cuda-driver --enable-checking=release --build=x86_64-linux-gnu --host=x86_64-linux-gnu --target=x86_64-linux-gnu --with-build-config=bootstrap-lto-lean --enable-link-serialization=2
Thread model: posix
Supported LTO compression algorithms: zlib zstd
gcc version 13.3.0 (Ubuntu 13.3.0-6ubuntu2~24.04) 
COLLECT_GCC_OPTIONS='-fopenmp' '-v' '-o' 'CMakeFiles/cmTC_c17f6.dir/OpenMPTryFlag.cpp.o' '-c' '-shared-libgcc' '-mtune=generic' '-march=x86-64' '-pthread' '-dumpdir' 'CMakeFiles/cmTC_c17f6.dir/'
 /usr/libexec/gcc/x86_64-linux-gnu/13/cc1plus -quiet -v -imultiarch x86_64-linux-gnu -D_GNU_SOURCE -D_REENTRANT /home/yuanyan/LIO-SAM-ros2/build/lio_sam/CMakeFiles/FindOpenMP/OpenMPTryFlag.cpp -quiet -dumpdir CMakeFiles/cmTC_c17f6.dir/ -dumpbase OpenMPTryFlag.cpp.cpp -dumpbase-ext .cpp -mtune=generic -march=x86-64 -version -fopenmp -fasynchronous-unwind-tables -fstack-protector-strong -Wformat -Wformat-security -fstack-clash-protection -fcf-protection -o /tmp/ccjrCYFm.s
GNU C++17 (Ubuntu 13.3.0-6ubuntu2~24.04) version 13.3.0 (x86_64-linux-gnu)
	compiled by GNU C version 13.3.0, GMP version 6.3.0, MPFR version 4.2.1, MPC version 1.3.1, isl version isl-0.26-GMP

GGC heuristics: --param ggc-min-expand=100 --param ggc-min-heapsize=131072
ignoring duplicate directory "/usr/include/x86_64-linux-gnu/c++/13"
ignoring nonexistent directory "/usr/local/include/x86_64-linux-gnu"
ignoring nonexistent directory "/usr/lib/gcc/x86_64-linux-gnu/13/include-fixed/x86_64-linux-gnu"
ignoring nonexistent directory "/usr/lib/gcc/x86_64-linux-gnu/13/include-fixed"
ignoring nonexistent directory "/usr/lib/gcc/x86_64-linux-gnu/13/../../../../x86_64-linux-gnu/include"
#include "..." search starts here:
#include <...> search starts here:
 /usr/include/c++/13
 /usr/include/x86_64-linux-gnu/c++/13
 /usr/include/c++/13/backward
 /usr/lib/gcc/x86_64-linux-gnu/13/include
 /usr/local/include
 /usr/include/x86_64-linux-gnu
 /usr/include
End of search list.
Compiler executable checksum: c81c05345ce537099dafd5580045814a
COLLECT_GCC_OPTIONS='-fopenmp' '-v' '-o' 'CMakeFiles/cmTC_c17f6.dir/OpenMPTryFlag.cpp.o' '-c' '-shared-libgcc' '-mtune=generic' '-march=x86-64' '-pthread' '-dumpdir' 'CMakeFiles/cmTC_c17f6.dir/'
 as -v --64 -o CMakeFiles/cmTC_c17f6.dir/OpenMPTryFlag.cpp.o /tmp/ccjrCYFm.s
GNU assembler version 2.42 (x86_64-linux-gnu) using BFD version (GNU Binutils for Ubuntu) 2.42
COMPILER_PATH=/usr/libexec/gcc/x86_64-linux-gnu/13/:/usr/libexec/gcc/x86_64-linux-gnu/13/:/usr/libexec/gcc/x86_64-linux-gnu/:/usr/lib/gcc/x86_64-linux-gnu/13/:/usr/lib/gcc/x86_64-linux-gnu/
LIBRARY_PATH=/usr/lib/gcc/x86_64-linux-gnu/13/:/usr/lib/gcc/x86_64-linux-gnu/13/../../../x86_64-linux-gnu/:/usr/lib/gcc/x86_64-linux-gnu/13/../../../../lib/:/lib/x86_64-linux-gnu/:/lib/../lib/:/usr/lib/x86_64-linux-gnu/:/usr/lib/../lib/:/usr/lib/gcc/x86_64-linux-gnu/13/../../../:/lib/:/usr/lib/
COLLECT_GCC_OPTIONS='-fopenmp' '-v' '-o' 'CMakeFiles/cmTC_c17f6.dir/OpenMPTryFlag.cpp.o' '-c' '-shared-libgcc' '-mtune=generic' '-march=x86-64' '-pthread' '-dumpdir' 'CMakeFiles/cmTC_c17f6.dir/OpenMPTryFlag.cpp.'
Linking CXX executable cmTC_c17f6
/usr/bin/cmake -E cmake_link_script CMakeFiles/cmTC_c17f6.dir/link.txt --verbose=1
/usr/bin/c++  -fopenmp -v CMakeFiles/cmTC_c17f6.dir/OpenMPTryFlag.cpp.o -o cmTC_c17f6  -v 
Using built-in specs.
COLLECT_GCC=/usr/bin/c++
COLLECT_LTO_WRAPPER=/usr/libexec/gcc/x86_64-linux-gnu/13/lto-wrapper
OFFLOAD_TARGET_NAMES=nvptx-none:amdgcn-amdhsa
OFFLOAD_TARGET_DEFAULT=1
Target: x86_64-linux-gnu
Configured with: ../src/configure -v --with-pkgversion='Ubuntu 13.3.0-6ubuntu2~24.04' --with-bugurl=file:///usr/share/doc/gcc-13/README.Bugs --enable-languages=c,ada,c++,go,d,fortran,objc,obj-c++,m2 --prefix=/usr --with-gcc-major-version-only --program-suffix=-13 --program-prefix=x86_64-linux-gnu- --enable-shared --enable-linker-build-id --libexecdir=/usr/libexec --without-included-gettext --enable-threads=posix --libdir=/usr/lib --enable-nls --enable-bootstrap --enable-clocale=gnu --enable-libstdcxx-debug --enable-libstdcxx-time=yes --with-default-libstdcxx-abi=new --enable-libstdcxx-backtrace --enable-gnu-unique-object --disable-vtable-verify --enable-plugin --enable-default-pie --with-system-zlib --enable-libphobos-checking=release --with-target-system-zlib=auto --enable-objc-gc=auto --enable-multiarch --disable-werror --enable-cet --with-arch-32=i686 --with-abi=m64 --with-multilib-list=m32,m64,mx32 --enable-multilib --with-tune=generic --enable-offload-targets=nvptx-none=/build/gcc-13-fG75Ri/gcc-13-13.3.0/debian/tmp-nvptx/usr,amdgcn-amdhsa=/build/gcc-13-fG75Ri/gcc-13-13.3.0/debian/tmp-gcn/usr --enable-offload-defaulted --without-cuda-driver --enable-checking=release --build=x86_64-linux-gnu --host=x86_64-linux-gnu --target=x86_64-linux-gnu --with-build-config=bootstrap-lto-lean --enable-link-serialization=2
Thread model: posix
Supported LTO compression algorithms: zlib zstd
gcc version 13.3.0 (Ubuntu 13.3.0-6ubuntu2~24.04) 
COMPILER_PATH=/usr/libexec/gcc/x86_64-linux-gnu/13/:/usr/libexec/gcc/x86_64-linux-gnu/13/:/usr/libexec/gcc/x86_64-linux-gnu/:/usr/lib/gcc/x86_64-linux-gnu/13/:/usr/lib/gcc/x86_64-linux-gnu/
LIBRARY_PATH=/usr/lib/gcc/x86_64-linux-gnu/13/:/usr/lib/gcc/x86_64-linux-gnu/13/../../../x86_64-linux-gnu/:/usr/lib/gcc/x86_64-linux-gnu/13/../../../../lib/:/lib/x86_64-linux-gnu/:/lib/../lib/:/usr/lib/x86_64-linux-gnu/:/usr/lib/../lib/:/usr/lib/gcc/x86_64-linux-gnu/13/../../../:/lib/:/usr/lib/
Reading specs from /usr/lib/gcc/x86_64-linux-gnu/13/libgomp.spec
COLLECT_GCC_OPTIONS='-fopenmp' '-v' '-o' 'cmTC_c17f6' '-v' '-shared-libgcc' '-mtune=generic' '-march=x86-64' '-pthread' '-dumpdir' 'cmTC_c17f6.'
 /usr/libexec/gcc/x86_64-linux-gnu/13/collect2 -plugin /usr/libexec/gcc/x86_64-linux-gnu/13/liblto_plugin.so -plugin-opt=/usr/libexec/gcc/x86_64-linux-gnu/13/lto-wrapper -plugin-opt=-fresolution=/tmp/ccbdC4PM.res -plugin-opt=-pass-through=-lgcc_s -plugin-opt=-pass-through=-lgcc -plugin-opt=-pass-through=-lpthread -plugin-opt=-pass-through=-lc -plugin-opt=-pass-through=-lgcc_s -plugin-opt=-pass-through=-lgcc --build-id --eh-frame-hdr -m elf_x86_64 --hash-style=gnu --as-needed -dynamic-linker /lib64/ld-linux-x86-64.so.2 -pie -z now -z relro -o cmTC_c17f6 /usr/lib/gcc/x86_64-linux-gnu/13/../../../x86_64-linux-gnu/Scrt1.o /usr/lib/gcc/x86_64-linux-gnu/13/../../../x86_64-linux-gnu/crti.o /usr/lib/gcc/x86_64-linux-gnu/13/crtbeginS.o /usr/lib/gcc/x86_64-linux-gnu/13/crtoffloadbegin.o -L/usr/lib/gcc/x86_64-linux-gnu/13 -L/usr/lib/gcc/x86_64-linux-gnu/13/../../../x86_64-linux-gnu -L/usr/lib/gcc/x86_64-linux-gnu/13/../../../../lib -L/lib/x86_64-linux-gnu -L/lib/../lib -L/usr/lib/x86_64-linux-gnu -L/usr/lib/../lib -L/usr/lib/gcc/x86_64-linux-gnu/13/../../.. CMakeFiles/cmTC_c17f6.dir/OpenMPTryFlag.cpp.o -lstdc++ -lm -lgomp -lgcc_s -lgcc -lpthread -lc -lgcc_s -lgcc /usr/lib/gcc/x86_64-linux-gnu/13/crtendS.o /usr/lib/gcc/x86_64-linux-gnu/13/../../../x86_64-linux-gnu/crtn.o /usr/lib/gcc/x86_64-linux-gnu/13/crtoffloadend.o
COLLECT_GCC_OPTIONS='-fopenmp' '-v' '-o' 'cmTC_c17f6' '-v' '-shared-libgcc' '-mtune=generic' '-march=x86-64' '-pthread' '-dumpdir' 'cmTC_c17f6.'
gmake[1]: Leaving directory '/home/yuanyan/LIO-SAM-ros2/build/lio_sam/CMakeFiles/CMakeTmp'



Parsed CXX OpenMP implicit link information from above output:
  link line regex: [^( *|.*[/\])(ld|CMAKE_LINK_STARTFILE-NOTFOUND|([^/\]+-)?ld|collect2)[^/\]*( |$)]
  ignore line: [Change Dir: '/home/yuanyan/LIO-SAM-ros2/build/lio_sam/CMakeFiles/CMakeTmp']
  ignore line: []
  ignore line: [Run Build Command(s): /usr/bin/cmake -E env VERBOSE=1 /usr/bin/gmake -f Makefile cmTC_c17f6/fast]
  ignore line: [/usr/bin/gmake  -f CMakeFiles/cmTC_c17f6.dir/build.make CMakeFiles/cmTC_c17f6.dir/build]
  ignore line: [gmake[1]: Entering directory '/home/yuanyan/LIO-SAM-ros2/build/lio_sam/CMakeFiles/CMakeTmp']
  ignore line: [Building CXX object CMakeFiles/cmTC_c17f6.dir/OpenMPTryFlag.cpp.o]
  ignore line: [/usr/bin/c++   -fopenmp -v -o CMakeFiles/cmTC_c17f6.dir/OpenMPTryFlag.cpp.o -c /home/yuanyan/LIO-SAM-ros2/build/lio_sam/CMakeFiles/FindOpenMP/OpenMPTryFlag.cpp]
  ignore line: [Using built-in specs.]
  ignore line: [COLLECT_GCC=/usr/bin/c++]
  ignore line: [OFFLOAD_TARGET_NAMES=nvptx-none:amdgcn-amdhsa]
  ignore line: [OFFLOAD_TARGET_DEFAULT=1]
  ignore line: [Target: x86_64-linux-gnu]
  ignore line: [Configured with: ../src/configure -v --with-pkgversion='Ubuntu 13.3.0-6ubuntu2~24.04' --with-bugurl=file:///usr/share/doc/gcc-13/README.Bugs --enable-languages=c ada c++ go d fortran objc obj-c++ m2 --prefix=/usr --with-gcc-major-version-only --program-suffix=-13 --program-prefix=x86_64-linux-gnu- --enable-shared --enable-linker-build-id --libexecdir=/usr/libexec --without-included-gettext --enable-threads=posix --libdir=/usr/lib --enable-nls --enable-bootstrap --enable-clocale=gnu --enable-libstdcxx-debug --enable-libstdcxx-time=yes --with-default-libstdcxx-abi=new --enable-libstdcxx-backtrace --enable-gnu-unique-object --disable-vtable-verify --enable-plugin --enable-default-pie --with-system-zlib --enable-libphobos-checking=release --with-target-system-zlib=auto --enable-objc-gc=auto --enable-multiarch --disable-werror --enable-cet --with-arch-32=i686 --with-abi=m64 --with-multilib-list=m32 m64 mx32 --enable-multilib --with-tune=generic --enable-offload-targets=nvptx-none=/build/gcc-13-fG75Ri/gcc-13-13.3.0/debian/tmp-nvptx/usr amdgcn-amdhsa=/build/gcc-13-fG75Ri/gcc-13-13.3.0/debian/tmp-gcn/usr --enable-offload-defaulted --without-cuda-driver --enable-checking=release --build=x86_64-linux-gnu --host=x86_64-linux-gnu --target=x86_64-linux-gnu --with-build-config=bootstrap-lto-lean --enable-link-serialization=2]
  ignore line: [Thread model: posix]
  ignore line: [Supported LTO compression algorithms: zlib zstd]
  ignore line: [gcc version 13.3.0 (Ubuntu 13.3.0-6ubuntu2~24.04) ]
  ignore line: [COLLECT_GCC_OPTIONS='-fopenmp' '-v' '-o' 'CMakeFiles/cmTC_c17f6.dir/OpenMPTryFlag.cpp.o' '-c' '-shared-libgcc' '-mtune=generic' '-march=x86-64' '-pthread' '-dumpdir' 'CMakeFiles/cmTC_c17f6.dir/']
  ignore line: [ /usr/libexec/gcc/x86_64-linux-gnu/13/cc1plus -quiet -v -imultiarch x86_64-linux-gnu -D_GNU_SOURCE -D_REENTRANT /home/yuanyan/LIO-SAM-ros2/build/lio_sam/CMakeFiles/FindOpenMP/OpenMPTryFlag.cpp -quiet -dumpdir CMakeFiles/cmTC_c17f6.dir/ -dumpbase OpenMPTryFlag.cpp.cpp -dumpbase-ext .cpp -mtune=generic -march=x86-64 -version -fopenmp -fasynchronous-unwind-tables -fstack-protector-strong -Wformat -Wformat-security -fstack-clash-protection -fcf-protection -o /tmp/ccjrCYFm.s]
  ignore line: [GNU C++17 (Ubuntu 13.3.0-6ubuntu2~24.04) version 13.3.0 (x86_64-linux-gnu)]
  ignore line: [	compiled by GNU C version 13.3.0  GMP version 6.3.0  MPFR version 4.2.1  MPC version 1.3.1  isl version isl-0.26-GMP]
  ignore line: []
  ignore line: [GGC heuristics: --param ggc-min-expand=100 --param ggc-min-heapsize=131072]
  ignore line: [ignoring duplicate directory "/usr/include/x86_64-linux-gnu/c++/13"]
  ignore line: [ignoring nonexistent directory "/usr/local/include/x86_64-linux-gnu"]
  ignore line: [ignoring nonexistent directory "/usr/lib/gcc/x86_64-linux-gnu/13/include-fixed/x86_64-linux-gnu"]
  ignore line: [ignoring nonexistent directory "/usr/lib/gcc/x86_64-linux-gnu/13/include-fixed"]
  ignore line: [ignoring nonexistent directory "/usr/lib/gcc/x86_64-linux-gnu/13/../../../../x86_64-linux-gnu/include"]
  ignore line: [#include "..." search starts here:]
  ignore line: [#include <...> search starts here:]
  ignore line: [ /usr/include/c++/13]
  ignore line: [ /usr/include/x86_64-linux-gnu/c++/13]
  ignore line: [ /usr/include/c++/13/backward]
  ignore line: [ /usr/lib/gcc/x86_64-linux-gnu/13/include]
  ignore line: [ /usr/local/include]
  ignore line: [ /usr/include/x86_64-linux-gnu]
  ignore line: [ /usr/include]
  ignore line: [End of search list.]
  ignore line: [Compiler executable checksum: c81c05345ce537099dafd5580045814a]
  ignore line: [COLLECT_GCC_OPTIONS='-fopenmp' '-v' '-o' 'CMakeFiles/cmTC_c17f6.dir/OpenMPTryFlag.cpp.o' '-c' '-shared-libgcc' '-mtune=generic' '-march=x86-64' '-pthread' '-dumpdir' 'CMakeFiles/cmTC_c17f6.dir/']
  ignore line: [ as -v --64 -o CMakeFiles/cmTC_c17f6.dir/OpenMPTryFlag.cpp.o /tmp/ccjrCYFm.s]
  ignore line: [GNU assembler version 2.42 (x86_64-linux-gnu) using BFD version (GNU Binutils for Ubuntu) 2.42]
  ignore line: [COMPILER_PATH=/usr/libexec/gcc/x86_64-linux-gnu/13/:/usr/libexec/gcc/x86_64-linux-gnu/13/:/usr/libexec/gcc/x86_64-linux-gnu/:/usr/lib/gcc/x86_64-linux-gnu/13/:/usr/lib/gcc/x86_64-linux-gnu/]
  ignore line: [LIBRARY_PATH=/usr/lib/gcc/x86_64-linux-gnu/13/:/usr/lib/gcc/x86_64-linux-gnu/13/../../../x86_64-linux-gnu/:/usr/lib/gcc/x86_64-linux-gnu/13/../../../../lib/:/lib/x86_64-linux-gnu/:/lib/../lib/:/usr/lib/x86_64-linux-gnu/:/usr/lib/../lib/:/usr/lib/gcc/x86_64-linux-gnu/13/../../../:/lib/:/usr/lib/]
  ignore line: [COLLECT_GCC_OPTIONS='-fopenmp' '-v' '-o' 'CMakeFiles/cmTC_c17f6.dir/OpenMPTryFlag.cpp.o' '-c' '-shared-libgcc' '-mtune=generic' '-march=x86-64' '-pthread' '-dumpdir' 'CMakeFiles/cmTC_c17f6.dir/OpenMPTryFlag.cpp.']
  ignore line: [Linking CXX executable cmTC_c17f6]
  ignore line: [/usr/bin/cmake -E cmake_link_script CMakeFiles/cmTC_c17f6.dir/link.txt --verbose=1]
  ignore line: [/usr/bin/c++  -fopenmp -v CMakeFiles/cmTC_c17f6.dir/OpenMPTryFlag.cpp.o -o cmTC_c17f6  -v ]
  ignore line: [Using built-in specs.]
  ignore line: [COLLECT_GCC=/usr/bin/c++]
  ignore line: [COLLECT_LTO_WRAPPER=/usr/libexec/gcc/x86_64-linux-gnu/13/lto-wrapper]
  ignore line: [OFFLOAD_TARGET_NAMES=nvptx-none:amdgcn-amdhsa]
  ignore line: [OFFLOAD_TARGET_DEFAULT=1]
  ignore line: [Target: x86_64-linux-gnu]
  ignore line: [Configured with: ../src/configure -v --with-pkgversion='Ubuntu 13.3.0-6ubuntu2~24.04' --with-bugurl=file:///usr/share/doc/gcc-13/README.Bugs --enable-languages=c ada c++ go d fortran objc obj-c++ m2 --prefix=/usr --with-gcc-major-version-only --program-suffix=-13 --program-prefix=x86_64-linux-gnu- --enable-shared --enable-linker-build-id --libexecdir=/usr/libexec --without-included-gettext --enable-threads=posix --libdir=/usr/lib --enable-nls --enable-bootstrap --enable-clocale=gnu --enable-libstdcxx-debug --enable-libstdcxx-time=yes --with-default-libstdcxx-abi=new --enable-libstdcxx-backtrace --enable-gnu-unique-object --disable-vtable-verify --enable-plugin --enable-default-pie --with-system-zlib --enable-libphobos-checking=release --with-target-system-zlib=auto --enable-objc-gc=auto --enable-multiarch --disable-werror --enable-cet --with-arch-32=i686 --with-abi=m64 --with-multilib-list=m32 m64 mx32 --enable-multilib --with-tune=generic --enable-offload-targets=nvptx-none=/build/gcc-13-fG75Ri/gcc-13-13.3.0/debian/tmp-nvptx/usr amdgcn-amdhsa=/build/gcc-13-fG75Ri/gcc-13-13.3.0/debian/tmp-gcn/usr --enable-offload-defaulted --without-cuda-driver --enable-checking=release --build=x86_64-linux-gnu --host=x86_64-linux-gnu --target=x86_64-linux-gnu --with-build-config=bootstrap-lto-lean --enable-link-serialization=2]
  ignore line: [Thread model: posix]
  ignore line: [Supported LTO compression algorithms: zlib zstd]
  ignore line: [gcc version 13.3.0 (Ubuntu 13.3.0-6ubuntu2~24.04) ]
  ignore line: [COMPILER_PATH=/usr/libexec/gcc/x86_64-linux-gnu/13/:/usr/libexec/gcc/x86_64-linux-gnu/13/:/usr/libexec/gcc/x86_64-linux-gnu/:/usr/lib/gcc/x86_64-linux-gnu/13/:/usr/lib/gcc/x86_64-linux-gnu/]
  ignore line: [LIBRARY_PATH=/usr/lib/gcc/x86_64-linux-gnu/13/:/usr/lib/gcc/x86_64-linux-gnu/13/../../../x86_64-linux-gnu/:/usr/lib/gcc/x86_64-linux-gnu/13/../../../../lib/:/lib/x86_64-linux-gnu/:/lib/../lib/:/usr/lib/x86_64-linux-gnu/:/usr/lib/../lib/:/usr/lib/gcc/x86_64-linux-gnu/13/../../../:/lib/:/usr/lib/]
  ignore line: [Reading specs from /usr/lib/gcc/x86_64-linux-gnu/13/libgomp.spec]
  ignore line: [COLLECT_GCC_OPTIONS='-fopenmp' '-v' '-o' 'cmTC_c17f6' '-v' '-shared-libgcc' '-mtune=generic' '-march=x86-64' '-pthread' '-dumpdir' 'cmTC_c17f6.']
  link line: [ /usr/libexec/gcc/x86_64-linux-gnu/13/collect2 -plugin /usr/libexec/gcc/x86_64-linux-gnu/13/liblto_plugin.so -plugin-opt=/usr/libexec/gcc/x86_64-linux-gnu/13/lto-wrapper -plugin-opt=-fresolution=/tmp/ccbdC4PM.res -plugin-opt=-pass-through=-lgcc_s -plugin-opt=-pass-through=-lgcc -plugin-opt=-pass-through=-lpthread -plugin-opt=-pass-through=-lc -plugin-opt=-pass-through=-lgcc_s -plugin-opt=-pass-through=-lgcc --build-id --eh-frame-hdr -m elf_x86_64 --hash-style=gnu --as-needed -dynamic-linker /lib64/ld-linux-x86-64.so.2 -pie -z now -z relro -o cmTC_c17f6 /usr/lib/gcc/x86_64-linux-gnu/13/../../../x86_64-linux-gnu/Scrt1.o /usr/lib/gcc/x86_64-linux-gnu/13/../../../x86_64-linux-gnu/crti.o /usr/lib/gcc/x86_64-linux-gnu/13/crtbeginS.o /usr/lib/gcc/x86_64-linux-gnu/13/crtoffloadbegin.o -L/usr/lib/gcc/x86_64-linux-gnu/13 -L/usr/lib/gcc/x86_64-linux-gnu/13/../../../x86_64-linux-gnu -L/usr/lib/gcc/x86_64-linux-gnu/13/../../../../lib -L/lib/x86_64-linux-gnu -L/lib/../lib -L/usr/lib/x86_64-linux-gnu -L/usr/lib/../lib -L/usr/lib/gcc/x86_64-linux-gnu/13/../../.. CMakeFiles/cmTC_c17f6.dir/OpenMPTryFlag.cpp.o -lstdc++ -lm -lgomp -lgcc_s -lgcc -lpthread -lc -lgcc_s -lgcc /usr/lib/gcc/x86_64-linux-gnu/13/crtendS.o /usr/lib/gcc/x86_64-linux-gnu/13/../../../x86_64-linux-gnu/crtn.o /usr/lib/gcc/x86_64-linux-gnu/13/crtoffloadend.o]
    arg [/usr/libexec/gcc/x86_64-linux-gnu/13/collect2] ==> ignore
    arg [-plugin] ==> ignore
    arg [/usr/libexec/gcc/x86_64-linux-gnu/13/liblto_plugin.so] ==> ignore
    arg [-plugin-opt=/usr/libexec/gcc/x86_64-linux-gnu/13/lto-wrapper] ==> ignore
    arg [-plugin-opt=-fresolution=/tmp/ccbdC4PM.res] ==> ignore
    arg [-plugin-opt=-pass-through=-lgcc_s] ==> ignore
    arg [-plugin-opt=-pass-through=-lgcc] ==> ignore
    arg [-plugin-opt=-pass-through=-lpthread] ==> ignore
    arg [-plugin-opt=-pass-through=-lc] ==> ignore
    arg [-plugin-opt=-pass-through=-lgcc_s] ==> ignore
    arg [-plugin-opt=-pass-through=-lgcc] ==> ignore
    arg [--build-id] ==> ignore
    arg [--eh-frame-hdr] ==> ignore
    arg [-m] ==> ignore
    arg [elf_x86_64] ==> ignore
    arg [--hash-style=gnu] ==> ignore
    arg [--as-needed] ==> ignore
    arg [-dynamic-linker] ==> ignore
    arg [/lib64/ld-linux-x86-64.so.2] ==> ignore
    arg [-pie] ==> ignore
    arg [-znow] ==> ignore
    arg [-zrelro] ==> ignore
    arg [-o] ==> ignore
    arg [cmTC_c17f6] ==> ignore
    arg [-L/usr/lib/gcc/x86_64-linux-gnu/13] ==> dir [/usr/lib/gcc/x86_64-linux-gnu/13]
    arg [-L/usr/lib/gcc/x86_64-linux-gnu/13/../../../x86_64-linux-gnu] ==> dir [/usr/lib/gcc/x86_64-linux-gnu/13/../../../x86_64-linux-gnu]
    arg [-L/usr/lib/gcc/x86_64-linux-gnu/13/../../../../lib] ==> dir [/usr/lib/gcc/x86_64-linux-gnu/13/../../../../lib]
    arg [-L/lib/x86_64-linux-gnu] ==> dir [/lib/x86_64-linux-gnu]
    arg [-L/lib/../lib] ==> dir [/lib/../lib]
    arg [-L/usr/lib/x86_64-linux-gnu] ==> dir [/usr/lib/x86_64-linux-gnu]
    arg [-L/usr/lib/../lib] ==> dir [/usr/lib/../lib]
    arg [-L/usr/lib/gcc/x86_64-linux-gnu/13/../../..] ==> dir [/usr/lib/gcc/x86_64-linux-gnu/13/../../..]
    arg [CMakeFiles/cmTC_c17f6.dir/OpenMPTryFlag.cpp.o] ==> ignore
    arg [-lstdc++] ==> lib [stdc++]
    arg [-lm] ==> lib [m]
    arg [-lgomp] ==> lib [gomp]
    arg [-lgcc_s] ==> lib [gcc_s]
    arg [-lgcc] ==> lib [gcc]
    arg [-lpthread] ==> lib [pthread]
    arg [-lc] ==> lib [c]
    arg [-lgcc_s] ==> lib [gcc_s]
    arg [-lgcc] ==> lib [gcc]
  collapse library dir [/usr/lib/gcc/x86_64-linux-gnu/13] ==> [/usr/lib/gcc/x86_64-linux-gnu/13]
  collapse library dir [/usr/lib/gcc/x86_64-linux-gnu/13/../../../x86_64-linux-gnu] ==> [/usr/lib/x86_64-linux-gnu]
  collapse library dir [/usr/lib/gcc/x86_64-linux-gnu/13/../../../../lib] ==> [/usr/lib]
  collapse library dir [/lib/x86_64-linux-gnu] ==> [/lib/x86_64-linux-gnu]
  collapse library dir [/lib/../lib] ==> [/lib]
  collapse library dir [/usr/lib/x86_64-linux-gnu] ==> [/usr/lib/x86_64-linux-gnu]
  collapse library dir [/usr/lib/../lib] ==> [/usr/lib]
  collapse library dir [/usr/lib/gcc/x86_64-linux-gnu/13/../../..] ==> [/usr/lib]
  implicit libs: [stdc++;m;gomp;gcc_s;gcc;pthread;c;gcc_s;gcc]
  implicit objs: []
  implicit dirs: [/usr/lib/gcc/x86_64-linux-gnu/13;/usr/lib/x86_64-linux-gnu;/usr/lib;/lib/x86_64-linux-gnu;/lib]
  implicit fwks: []


Detecting C OpenMP compiler ABI info compiled with the following output:
Change Dir: '/home/yuanyan/LIO-SAM-ros2/build/lio_sam/CMakeFiles/CMakeTmp'

Run Build Command(s): /usr/bin/cmake -E env VERBOSE=1 /usr/bin/gmake -f Makefile cmTC_b8992/fast
/usr/bin/gmake  -f CMakeFiles/cmTC_b8992.dir/build.make CMakeFiles/cmTC_b8992.dir/build
gmake[1]: Entering directory '/home/yuanyan/LIO-SAM-ros2/build/lio_sam/CMakeFiles/CMakeTmp'
Building C object CMakeFiles/cmTC_b8992.dir/OpenMPTryFlag.c.o
/usr/bin/cc   -fopenmp -v -o CMakeFiles/cmTC_b8992.dir/OpenMPTryFlag.c.o -c /home/yuanyan/LIO-SAM-ros2/build/lio_sam/CMakeFiles/FindOpenMP/OpenMPTryFlag.c
Using built-in specs.
COLLECT_GCC=/usr/bin/cc
OFFLOAD_TARGET_NAMES=nvptx-none:amdgcn-amdhsa
OFFLOAD_TARGET_DEFAULT=1
Target: x86_64-linux-gnu
Configured with: ../src/configure -v --with-pkgversion='Ubuntu 13.3.0-6ubuntu2~24.04' --with-bugurl=file:///usr/share/doc/gcc-13/README.Bugs --enable-languages=c,ada,c++,go,d,fortran,objc,obj-c++,m2 --prefix=/usr --with-gcc-major-version-only --program-suffix=-13 --program-prefix=x86_64-linux-gnu- --enable-shared --enable-linker-build-id --libexecdir=/usr/libexec --without-included-gettext --enable-threads=posix --libdir=/usr/lib --enable-nls --enable-bootstrap --enable-clocale=gnu --enable-libstdcxx-debug --enable-libstdcxx-time=yes --with-default-libstdcxx-abi=new --enable-libstdcxx-backtrace --enable-gnu-unique-object --disable-vtable-verify --enable-plugin --enable-default-pie --with-system-zlib --enable-libphobos-checking=release --with-target-system-zlib=auto --enable-objc-gc=auto --enable-multiarch --disable-werror --enable-cet --with-arch-32=i686 --with-abi=m64 --with-multilib-list=m32,m64,mx32 --enable-multilib --with-tune=generic --enable-offload-targets=nvptx-none=/build/gcc-13-fG75Ri/gcc-13-13.3.0/debian/tmp-nvptx/usr,amdgcn-amdhsa=/build/gcc-13-fG75Ri/gcc-13-13.3.0/debian/tmp-gcn/usr --enable-offload-defaulted --without-cuda-driver --enable-checking=release --build=x86_64-linux-gnu --host=x86_64-linux-gnu --target=x86_64-linux-gnu --with-build-config=bootstrap-lto-lean --enable-link-serialization=2
Thread model: posix
Supported LTO compression algorithms: zlib zstd
gcc version 13.3.0 (Ubuntu 13.3.0-6ubuntu2~24.04) 
COLLECT_GCC_OPTIONS='-fopenmp' '-v' '-o' 'CMakeFiles/cmTC_b8992.dir/OpenMPTryFlag.c.o' '-c' '-mtune=generic' '-march=x86-64' '-pthread' '-dumpdir' 'CMakeFiles/cmTC_b8992.dir/'
 /usr/libexec/gcc/x86_64-linux-gnu/13/cc1 -quiet -v -imultiarch x86_64-linux-gnu -D_REENTRANT /home/yuanyan/LIO-SAM-ros2/build/lio_sam/CMakeFiles/FindOpenMP/OpenMPTryFlag.c -quiet -dumpdir CMakeFiles/cmTC_b8992.dir/ -dumpbase OpenMPTryFlag.c.c -dumpbase-ext .c -mtune=generic -march=x86-64 -version -fopenmp -fasynchronous-unwind-tables -fstack-protector-strong -Wformat -Wformat-security -fstack-clash-protection -fcf-protection -o /tmp/ccr4HqE3.s
GNU C17 (Ubuntu 13.3.0-6ubuntu2~24.04) version 13.3.0 (x86_64-linux-gnu)
	compiled by GNU C version 13.3.0, GMP version 6.3.0, MPFR version 4.2.1, MPC version 1.3.1, isl version isl-0.26-GMP

GGC heuristics: --param ggc-min-expand=100 --param ggc-min-heapsize=131072
ignoring nonexistent directory "/usr/local/include/x86_64-linux-gnu"
ignoring nonexistent directory "/usr/lib/gcc/x86_64-linux-gnu/13/include-fixed/x86_64-linux-gnu"
ignoring nonexistent directory "/usr/lib/gcc/x86_64-linux-gnu/13/include-fixed"
ignoring nonexistent directory "/usr/lib/gcc/x86_64-linux-gnu/13/../../../../x86_64-linux-gnu/include"
#include "..." search starts here:
#include <...> search starts here:
 /usr/lib/gcc/x86_64-linux-gnu/13/include
 /usr/local/include
 /usr/include/x86_64-linux-gnu
 /usr/include
End of search list.
Compiler executable checksum: 38987c28e967c64056a6454abdef726e
COLLECT_GCC_OPTIONS='-fopenmp' '-v' '-o' 'CMakeFiles/cmTC_b8992.dir/OpenMPTryFlag.c.o' '-c' '-mtune=generic' '-march=x86-64' '-pthread' '-dumpdir' 'CMakeFiles/cmTC_b8992.dir/'
 as -v --64 -o CMakeFiles/cmTC_b8992.dir/OpenMPTryFlag.c.o /tmp/ccr4HqE3.s
GNU assembler version 2.42 (x86_64-linux-gnu) using BFD version (GNU Binutils for Ubuntu) 2.42
COMPILER_PATH=/usr/libexec/gcc/x86_64-linux-gnu/13/:/usr/libexec/gcc/x86_64-linux-gnu/13/:/usr/libexec/gcc/x86_64-linux-gnu/:/usr/lib/gcc/x86_64-linux-gnu/13/:/usr/lib/gcc/x86_64-linux-gnu/
LIBRARY_PATH=/usr/lib/gcc/x86_64-linux-gnu/13/:/usr/lib/gcc/x86_64-linux-gnu/13/../../../x86_64-linux-gnu/:/usr/lib/gcc/x86_64-linux-gnu/13/../../../../lib/:/lib/x86_64-linux-gnu/:/lib/../lib/:/usr/lib/x86_64-linux-gnu/:/usr/lib/../lib/:/usr/lib/gcc/x86_64-linux-gnu/13/../../../:/lib/:/usr/lib/
COLLECT_GCC_OPTIONS='-fopenmp' '-v' '-o' 'CMakeFiles/cmTC_b8992.dir/OpenMPTryFlag.c.o' '-c' '-mtune=generic' '-march=x86-64' '-pthread' '-dumpdir' 'CMakeFiles/cmTC_b8992.dir/OpenMPTryFlag.c.'
Linking C executable cmTC_b8992
/usr/bin/cmake -E cmake_link_script CMakeFiles/cmTC_b8992.dir/link.txt --verbose=1
/usr/bin/cc  -fopenmp -v CMakeFiles/cmTC_b8992.dir/OpenMPTryFlag.c.o -o cmTC_b8992  -v 
Using built-in specs.
COLLECT_GCC=/usr/bin/cc
COLLECT_LTO_WRAPPER=/usr/libexec/gcc/x86_64-linux-gnu/13/lto-wrapper
OFFLOAD_TARGET_NAMES=nvptx-none:amdgcn-amdhsa
OFFLOAD_TARGET_DEFAULT=1
Target: x86_64-linux-gnu
Configured with: ../src/configure -v --with-pkgversion='Ubuntu 13.3.0-6ubuntu2~24.04' --with-bugurl=file:///usr/share/doc/gcc-13/README.Bugs --enable-languages=c,ada,c++,go,d,fortran,objc,obj-c++,m2 --prefix=/usr --with-gcc-major-version-only --program-suffix=-13 --program-prefix=x86_64-linux-gnu- --enable-shared --enable-linker-build-id --libexecdir=/usr/libexec --without-included-gettext --enable-threads=posix --libdir=/usr/lib --enable-nls --enable-bootstrap --enable-clocale=gnu --enable-libstdcxx-debug --enable-libstdcxx-time=yes --with-default-libstdcxx-abi=new --enable-libstdcxx-backtrace --enable-gnu-unique-object --disable-vtable-verify --enable-plugin --enable-default-pie --with-system-zlib --enable-libphobos-checking=release --with-target-system-zlib=auto --enable-objc-gc=auto --enable-multiarch --disable-werror --enable-cet --with-arch-32=i686 --with-abi=m64 --with-multilib-list=m32,m64,mx32 --enable-multilib --with-tune=generic --enable-offload-targets=nvptx-none=/build/gcc-13-fG75Ri/gcc-13-13.3.0/debian/tmp-nvptx/usr,amdgcn-amdhsa=/build/gcc-13-fG75Ri/gcc-13-13.3.0/debian/tmp-gcn/usr --enable-offload-defaulted --without-cuda-driver --enable-checking=release --build=x86_64-linux-gnu --host=x86_64-linux-gnu --target=x86_64-linux-gnu --with-build-config=bootstrap-lto-lean --enable-link-serialization=2
Thread model: posix
Supported LTO compression algorithms: zlib zstd
gcc version 13.3.0 (Ubuntu 13.3.0-6ubuntu2~24.04) 
COMPILER_PATH=/usr/libexec/gcc/x86_64-linux-gnu/13/:/usr/libexec/gcc/x86_64-linux-gnu/13/:/usr/libexec/gcc/x86_64-linux-gnu/:/usr/lib/gcc/x86_64-linux-gnu/13/:/usr/lib/gcc/x86_64-linux-gnu/
LIBRARY_PATH=/usr/lib/gcc/x86_64-linux-gnu/13/:/usr/lib/gcc/x86_64-linux-gnu/13/../../../x86_64-linux-gnu/:/usr/lib/gcc/x86_64-linux-gnu/13/../../../../lib/:/lib/x86_64-linux-gnu/:/lib/../lib/:/usr/lib/x86_64-linux-gnu/:/usr/lib/../lib/:/usr/lib/gcc/x86_64-linux-gnu/13/../../../:/lib/:/usr/lib/
Reading specs from /usr/lib/gcc/x86_64-linux-gnu/13/libgomp.spec
COLLECT_GCC_OPTIONS='-fopenmp' '-v' '-o' 'cmTC_b8992' '-v' '-mtune=generic' '-march=x86-64' '-pthread' '-dumpdir' 'cmTC_b8992.'
 /usr/libexec/gcc/x86_64-linux-gnu/13/collect2 -plugin /usr/libexec/gcc/x86_64-linux-gnu/13/liblto_plugin.so -plugin-opt=/usr/libexec/gcc/x86_64-linux-gnu/13/lto-wrapper -plugin-opt=-fresolution=/tmp/cc6Vp63c.res -plugin-opt=-pass-through=-lgcc -plugin-opt=-pass-through=-lgcc_s -plugin-opt=-pass-through=-lpthread -plugin-opt=-pass-through=-lc -plugin-opt=-pass-through=-lgcc -plugin-opt=-pass-through=-lgcc_s --build-id --eh-frame-hdr -m elf_x86_64 --hash-style=gnu --as-needed -dynamic-linker /lib64/ld-linux-x86-64.so.2 -pie -z now -z relro -o cmTC_b8992 /usr/lib/gcc/x86_64-linux-gnu/13/../../../x86_64-linux-gnu/Scrt1.o /usr/lib/gcc/x86_64-linux-gnu/13/../../../x86_64-linux-gnu/crti.o /usr/lib/gcc/x86_64-linux-gnu/13/crtbeginS.o /usr/lib/gcc/x86_64-linux-gnu/13/crtoffloadbegin.o -L/usr/lib/gcc/x86_64-linux-gnu/13 -L/usr/lib/gcc/x86_64-linux-gnu/13/../../../x86_64-linux-gnu -L/usr/lib/gcc/x86_64-linux-gnu/13/../../../../lib -L/lib/x86_64-linux-gnu -L/lib/../lib -L/usr/lib/x86_64-linux-gnu -L/usr/lib/../lib -L/usr/lib/gcc/x86_64-linux-gnu/13/../../.. CMakeFiles/cmTC_b8992.dir/OpenMPTryFlag.c.o -lgomp -lgcc --push-state --as-needed -lgcc_s --pop-state -lpthread -lc -lgcc --push-state --as-needed -lgcc_s --pop-state /usr/lib/gcc/x86_64-linux-gnu/13/crtendS.o /usr/lib/gcc/x86_64-linux-gnu/13/../../../x86_64-linux-gnu/crtn.o /usr/lib/gcc/x86_64-linux-gnu/13/crtoffloadend.o
COLLECT_GCC_OPTIONS='-fopenmp' '-v' '-o' 'cmTC_b8992' '-v' '-mtune=generic' '-march=x86-64' '-pthread' '-dumpdir' 'cmTC_b8992.'
gmake[1]: Leaving directory '/home/yuanyan/LIO-SAM-ros2/build/lio_sam/CMakeFiles/CMakeTmp'



Parsed C OpenMP implicit link information from above output:
  link line regex: [^( *|.*[/\])(ld|CMAKE_LINK_STARTFILE-NOTFOUND|([^/\]+-)?ld|collect2)[^/\]*( |$)]
  ignore line: [Change Dir: '/home/yuanyan/LIO-SAM-ros2/build/lio_sam/CMakeFiles/CMakeTmp']
  ignore line: []
  ignore line: [Run Build Command(s): /usr/bin/cmake -E env VERBOSE=1 /usr/bin/gmake -f Makefile cmTC_b8992/fast]
  ignore line: [/usr/bin/gmake  -f CMakeFiles/cmTC_b8992.dir/build.make CMakeFiles/cmTC_b8992.dir/build]
  ignore line: [gmake[1]: Entering directory '/home/yuanyan/LIO-SAM-ros2/build/lio_sam/CMakeFiles/CMakeTmp']
  ignore line: [Building C object CMakeFiles/cmTC_b8992.dir/OpenMPTryFlag.c.o]
  ignore line: [/usr/bin/cc   -fopenmp -v -o CMakeFiles/cmTC_b8992.dir/OpenMPTryFlag.c.o -c /home/yuanyan/LIO-SAM-ros2/build/lio_sam/CMakeFiles/FindOpenMP/OpenMPTryFlag.c]
  ignore line: [Using built-in specs.]
  ignore line: [COLLECT_GCC=/usr/bin/cc]
  ignore line: [OFFLOAD_TARGET_NAMES=nvptx-none:amdgcn-amdhsa]
  ignore line: [OFFLOAD_TARGET_DEFAULT=1]
  ignore line: [Target: x86_64-linux-gnu]
  ignore line: [Configured with: ../src/configure -v --with-pkgversion='Ubuntu 13.3.0-6ubuntu2~24.04' --with-bugurl=file:///usr/share/doc/gcc-13/README.Bugs --enable-languages=c ada c++ go d fortran objc obj-c++ m2 --prefix=/usr --with-gcc-major-version-only --program-suffix=-13 --program-prefix=x86_64-linux-gnu- --enable-shared --enable-linker-build-id --libexecdir=/usr/libexec --without-included-gettext --enable-threads=posix --libdir=/usr/lib --enable-nls --enable-bootstrap --enable-clocale=gnu --enable-libstdcxx-debug --enable-libstdcxx-time=yes --with-default-libstdcxx-abi=new --enable-libstdcxx-backtrace --enable-gnu-unique-object --disable-vtable-verify --enable-plugin --enable-default-pie --with-system-zlib --enable-libphobos-checking=release --with-target-system-zlib=auto --enable-objc-gc=auto --enable-multiarch --disable-werror --enable-cet --with-arch-32=i686 --with-abi=m64 --with-multilib-list=m32 m64 mx32 --enable-multilib --with-tune=generic --enable-offload-targets=nvptx-none=/build/gcc-13-fG75Ri/gcc-13-13.3.0/debian/tmp-nvptx/usr amdgcn-amdhsa=/build/gcc-13-fG75Ri/gcc-13-13.3.0/debian/tmp-gcn/usr --enable-offload-defaulted --without-cuda-driver --enable-checking=release --build=x86_64-linux-gnu --host=x86_64-linux-gnu --target=x86_64-linux-gnu --with-build-config=bootstrap-lto-lean --enable-link-serialization=2]
  ignore line: [Thread model: posix]
  ignore line: [Supported LTO compression algorithms: zlib zstd]
  ignore line: [gcc version 13.3.0 (Ubuntu 13.3.0-6ubuntu2~24.04) ]
  ignore line: [COLLECT_GCC_OPTIONS='-fopenmp' '-v' '-o' 'CMakeFiles/cmTC_b8992.dir/OpenMPTryFlag.c.o' '-c' '-mtune=generic' '-march=x86-64' '-pthread' '-dumpdir' 'CMakeFiles/cmTC_b8992.dir/']
  ignore line: [ /usr/libexec/gcc/x86_64-linux-gnu/13/cc1 -quiet -v -imultiarch x86_64-linux-gnu -D_REENTRANT /home/yuanyan/LIO-SAM-ros2/build/lio_sam/CMakeFiles/FindOpenMP/OpenMPTryFlag.c -quiet -dumpdir CMakeFiles/cmTC_b8992.dir/ -dumpbase OpenMPTryFlag.c.c -dumpbase-ext .c -mtune=generic -march=x86-64 -version -fopenmp -fasynchronous-unwind-tables -fstack-protector-strong -Wformat -Wformat-security -fstack-clash-protection -fcf-protection -o /tmp/ccr4HqE3.s]
  ignore line: [GNU C17 (Ubuntu 13.3.0-6ubuntu2~24.04) version 13.3.0 (x86_64-linux-gnu)]
  ignore line: [	compiled by GNU C version 13.3.0  GMP version 6.3.0  MPFR version 4.2.1  MPC version 1.3.1  isl version isl-0.26-GMP]
  ignore line: []
  ignore line: [GGC heuristics: --param ggc-min-expand=100 --param ggc-min-heapsize=131072]
  ignore line: [ignoring nonexistent directory "/usr/local/include/x86_64-linux-gnu"]
  ignore line: [ignoring nonexistent directory "/usr/lib/gcc/x86_64-linux-gnu/13/include-fixed/x86_64-linux-gnu"]
  ignore line: [ignoring nonexistent directory "/usr/lib/gcc/x86_64-linux-gnu/13/include-fixed"]
  ignore line: [ignoring nonexistent directory "/usr/lib/gcc/x86_64-linux-gnu/13/../../../../x86_64-linux-gnu/include"]
  ignore line: [#include "..." search starts here:]
  ignore line: [#include <...> search starts here:]
  ignore line: [ /usr/lib/gcc/x86_64-linux-gnu/13/include]
  ignore line: [ /usr/local/include]
  ignore line: [ /usr/include/x86_64-linux-gnu]
  ignore line: [ /usr/include]
  ignore line: [End of search list.]
  ignore line: [Compiler executable checksum: 38987c28e967c64056a6454abdef726e]
  ignore line: [COLLECT_GCC_OPTIONS='-fopenmp' '-v' '-o' 'CMakeFiles/cmTC_b8992.dir/OpenMPTryFlag.c.o' '-c' '-mtune=generic' '-march=x86-64' '-pthread' '-dumpdir' 'CMakeFiles/cmTC_b8992.dir/']
  ignore line: [ as -v --64 -o CMakeFiles/cmTC_b8992.dir/OpenMPTryFlag.c.o /tmp/ccr4HqE3.s]
  ignore line: [GNU assembler version 2.42 (x86_64-linux-gnu) using BFD version (GNU Binutils for Ubuntu) 2.42]
  ignore line: [COMPILER_PATH=/usr/libexec/gcc/x86_64-linux-gnu/13/:/usr/libexec/gcc/x86_64-linux-gnu/13/:/usr/libexec/gcc/x86_64-linux-gnu/:/usr/lib/gcc/x86_64-linux-gnu/13/:/usr/lib/gcc/x86_64-linux-gnu/]
  ignore line: [LIBRARY_PATH=/usr/lib/gcc/x86_64-linux-gnu/13/:/usr/lib/gcc/x86_64-linux-gnu/13/../../../x86_64-linux-gnu/:/usr/lib/gcc/x86_64-linux-gnu/13/../../../../lib/:/lib/x86_64-linux-gnu/:/lib/../lib/:/usr/lib/x86_64-linux-gnu/:/usr/lib/../lib/:/usr/lib/gcc/x86_64-linux-gnu/13/../../../:/lib/:/usr/lib/]
  ignore line: [COLLECT_GCC_OPTIONS='-fopenmp' '-v' '-o' 'CMakeFiles/cmTC_b8992.dir/OpenMPTryFlag.c.o' '-c' '-mtune=generic' '-march=x86-64' '-pthread' '-dumpdir' 'CMakeFiles/cmTC_b8992.dir/OpenMPTryFlag.c.']
  ignore line: [Linking C executable cmTC_b8992]
  ignore line: [/usr/bin/cmake -E cmake_link_script CMakeFiles/cmTC_b8992.dir/link.txt --verbose=1]
  ignore line: [/usr/bin/cc  -fopenmp -v CMakeFiles/cmTC_b8992.dir/OpenMPTryFlag.c.o -o cmTC_b8992  -v ]
  ignore line: [Using built-in specs.]
  ignore line: [COLLECT_GCC=/usr/bin/cc]
  ignore line: [COLLECT_LTO_WRAPPER=/usr/libexec/gcc/x86_64-linux-gnu/13/lto-wrapper]
  ignore line: [OFFLOAD_TARGET_NAMES=nvptx-none:amdgcn-amdhsa]
  ignore line: [OFFLOAD_TARGET_DEFAULT=1]
  ignore line: [Target: x86_64-linux-gnu]
  ignore line: [Configured with: ../src/configure -v --with-pkgversion='Ubuntu 13.3.0-6ubuntu2~24.04' --with-bugurl=file:///usr/share/doc/gcc-13/README.Bugs --enable-languages=c ada c++ go d fortran objc obj-c++ m2 --prefix=/usr --with-gcc-major-version-only --program-suffix=-13 --program-prefix=x86_64-linux-gnu- --enable-shared --enable-linker-build-id --libexecdir=/usr/libexec --without-included-gettext --enable-threads=posix --libdir=/usr/lib --enable-nls --enable-bootstrap --enable-clocale=gnu --enable-libstdcxx-debug --enable-libstdcxx-time=yes --with-default-libstdcxx-abi=new --enable-libstdcxx-backtrace --enable-gnu-unique-object --disable-vtable-verify --enable-plugin --enable-default-pie --with-system-zlib --enable-libphobos-checking=release --with-target-system-zlib=auto --enable-objc-gc=auto --enable-multiarch --disable-werror --enable-cet --with-arch-32=i686 --with-abi=m64 --with-multilib-list=m32 m64 mx32 --enable-multilib --with-tune=generic --enable-offload-targets=nvptx-none=/build/gcc-13-fG75Ri/gcc-13-13.3.0/debian/tmp-nvptx/usr amdgcn-amdhsa=/build/gcc-13-fG75Ri/gcc-13-13.3.0/debian/tmp-gcn/usr --enable-offload-defaulted --without-cuda-driver --enable-checking=release --build=x86_64-linux-gnu --host=x86_64-linux-gnu --target=x86_64-linux-gnu --with-build-config=bootstrap-lto-lean --enable-link-serialization=2]
  ignore line: [Thread model: posix]
  ignore line: [Supported LTO compression algorithms: zlib zstd]
  ignore line: [gcc version 13.3.0 (Ubuntu 13.3.0-6ubuntu2~24.04) ]
  ignore line: [COMPILER_PATH=/usr/libexec/gcc/x86_64-linux-gnu/13/:/usr/libexec/gcc/x86_64-linux-gnu/13/:/usr/libexec/gcc/x86_64-linux-gnu/:/usr/lib/gcc/x86_64-linux-gnu/13/:/usr/lib/gcc/x86_64-linux-gnu/]
  ignore line: [LIBRARY_PATH=/usr/lib/gcc/x86_64-linux-gnu/13/:/usr/lib/gcc/x86_64-linux-gnu/13/../../../x86_64-linux-gnu/:/usr/lib/gcc/x86_64-linux-gnu/13/../../../../lib/:/lib/x86_64-linux-gnu/:/lib/../lib/:/usr/lib/x86_64-linux-gnu/:/usr/lib/../lib/:/usr/lib/gcc/x86_64-linux-gnu/13/../../../:/lib/:/usr/lib/]
  ignore line: [Reading specs from /usr/lib/gcc/x86_64-linux-gnu/13/libgomp.spec]
  ignore line: [COLLECT_GCC_OPTIONS='-fopenmp' '-v' '-o' 'cmTC_b8992' '-v' '-mtune=generic' '-march=x86-64' '-pthread' '-dumpdir' 'cmTC_b8992.']
  link line: [ /usr/libexec/gcc/x86_64-linux-gnu/13/collect2 -plugin /usr/libexec/gcc/x86_64-linux-gnu/13/liblto_plugin.so -plugin-opt=/usr/libexec/gcc/x86_64-linux-gnu/13/lto-wrapper -plugin-opt=-fresolution=/tmp/cc6Vp63c.res -plugin-opt=-pass-through=-lgcc -plugin-opt=-pass-through=-lgcc_s -plugin-opt=-pass-through=-lpthread -plugin-opt=-pass-through=-lc -plugin-opt=-pass-through=-lgcc -plugin-opt=-pass-through=-lgcc_s --build-id --eh-frame-hdr -m elf_x86_64 --hash-style=gnu --as-needed -dynamic-linker /lib64/ld-linux-x86-64.so.2 -pie -z now -z relro -o cmTC_b8992 /usr/lib/gcc/x86_64-linux-gnu/13/../../../x86_64-linux-gnu/Scrt1.o /usr/lib/gcc/x86_64-linux-gnu/13/../../../x86_64-linux-gnu/crti.o /usr/lib/gcc/x86_64-linux-gnu/13/crtbeginS.o /usr/lib/gcc/x86_64-linux-gnu/13/crtoffloadbegin.o -L/usr/lib/gcc/x86_64-linux-gnu/13 -L/usr/lib/gcc/x86_64-linux-gnu/13/../../../x86_64-linux-gnu -L/usr/lib/gcc/x86_64-linux-gnu/13/../../../../lib -L/lib/x86_64-linux-gnu -L/lib/../lib -L/usr/lib/x86_64-linux-gnu -L/usr/lib/../lib -L/usr/lib/gcc/x86_64-linux-gnu/13/../../.. CMakeFiles/cmTC_b8992.dir/OpenMPTryFlag.c.o -lgomp -lgcc --push-state --as-needed -lgcc_s --pop-state -lpthread -lc -lgcc --push-state --as-needed -lgcc_s --pop-state /usr/lib/gcc/x86_64-linux-gnu/13/crtendS.o /usr/lib/gcc/x86_64-linux-gnu/13/../../../x86_64-linux-gnu/crtn.o /usr/lib/gcc/x86_64-linux-gnu/13/crtoffloadend.o]
    arg [/usr/libexec/gcc/x86_64-linux-gnu/13/collect2] ==> ignore
    arg [-plugin] ==> ignore
    arg [/usr/libexec/gcc/x86_64-linux-gnu/13/liblto_plugin.so] ==> ignore
    arg [-plugin-opt=/usr/libexec/gcc/x86_64-linux-gnu/13/lto-wrapper] ==> ignore
    arg [-plugin-opt=-fresolution=/tmp/cc6Vp63c.res] ==> ignore
    arg [-plugin-opt=-pass-through=-lgcc] ==> ignore
    arg [-plugin-opt=-pass-through=-lgcc_s] ==> ignore
    arg [-plugin-opt=-pass-through=-lpthread] ==> ignore
    arg [-plugin-opt=-pass-through=-lc] ==> ignore
    arg [-plugin-opt=-pass-through=-lgcc] ==> ignore
    arg [-plugin-opt=-pass-through=-lgcc_s] ==> ignore
    arg [--build-id] ==> ignore
    arg [--eh-frame-hdr] ==> ignore
    arg [-m] ==> ignore
    arg [elf_x86_64] ==> ignore
    arg [--hash-style=gnu] ==> ignore
    arg [--as-needed] ==> ignore
    arg [-dynamic-linker] ==> ignore
    arg [/lib64/ld-linux-x86-64.so.2] ==> ignore
    arg [-pie] ==> ignore
    arg [-znow] ==> ignore
    arg [-zrelro] ==> ignore
    arg [-o] ==> ignore
    arg [cmTC_b8992] ==> ignore
    arg [-L/usr/lib/gcc/x86_64-linux-gnu/13] ==> dir [/usr/lib/gcc/x86_64-linux-gnu/13]
    arg [-L/usr/lib/gcc/x86_64-linux-gnu/13/../../../x86_64-linux-gnu] ==> dir [/usr/lib/gcc/x86_64-linux-gnu/13/../../../x86_64-linux-gnu]
    arg [-L/usr/lib/gcc/x86_64-linux-gnu/13/../../../../lib] ==> dir [/usr/lib/gcc/x86_64-linux-gnu/13/../../../../lib]
    arg [-L/lib/x86_64-linux-gnu] ==> dir [/lib/x86_64-linux-gnu]
    arg [-L/lib/../lib] ==> dir [/lib/../lib]
    arg [-L/usr/lib/x86_64-linux-gnu] ==> dir [/usr/lib/x86_64-linux-gnu]
    arg [-L/usr/lib/../lib] ==> dir [/usr/lib/../lib]
    arg [-L/usr/lib/gcc/x86_64-linux-gnu/13/../../..] ==> dir [/usr/lib/gcc/x86_64-linux-gnu/13/../../..]
    arg [CMakeFiles/cmTC_b8992.dir/OpenMPTryFlag.c.o] ==> ignore
    arg [-lgomp] ==> lib [gomp]
    arg [-lgcc] ==> lib [gcc]
    arg [--push-state] ==> ignore
    arg [--as-needed] ==> ignore
    arg [-lgcc_s] ==> lib [gcc_s]
    arg [--pop-state] ==> ignore
    arg [-lpthread] ==> lib [pthread]
    arg [-lc] ==> lib [c]
    arg [-lgcc] ==> lib [gcc]
    arg [--push-state] ==> ignore
    arg [--as-needed] ==> ignore
    arg [-lgcc_s] ==> lib [gcc_s]
    arg [--pop-state] ==> ignore
  collapse library dir [/usr/lib/gcc/x86_64-linux-gnu/13] ==> [/usr/lib/gcc/x86_64-linux-gnu/13]
  collapse library dir [/usr/lib/gcc/x86_64-linux-gnu/13/../../../x86_64-linux-gnu] ==> [/usr/lib/x86_64-linux-gnu]
  collapse library dir [/usr/lib/gcc/x86_64-linux-gnu/13/../../../../lib] ==> [/usr/lib]
  collapse library dir [/lib/x86_64-linux-gnu] ==> [/lib/x86_64-linux-gnu]
  collapse library dir [/lib/../lib] ==> [/lib]
  collapse library dir [/usr/lib/x86_64-linux-gnu] ==> [/usr/lib/x86_64-linux-gnu]
  collapse library dir [/usr/lib/../lib] ==> [/usr/lib]
  collapse library dir [/usr/lib/gcc/x86_64-linux-gnu/13/../../..] ==> [/usr/lib]
  implicit libs: [gomp;gcc;gcc_s;pthread;c;gcc;gcc_s]
  implicit objs: []
  implicit dirs: [/usr/lib/gcc/x86_64-linux-gnu/13;/usr/lib/x86_64-linux-gnu;/usr/lib;/lib/x86_64-linux-gnu;/lib]
  implicit fwks: []


Detecting CXX OpenMP compiler ABI info compiled with the following output:
Change Dir: '/home/yuanyan/LIO-SAM-ros2/build/lio_sam/CMakeFiles/CMakeTmp'

Run Build Command(s): /usr/bin/cmake -E env VERBOSE=1 /usr/bin/gmake -f Makefile cmTC_39329/fast
/usr/bin/gmake  -f CMakeFiles/cmTC_39329.dir/build.make CMakeFiles/cmTC_39329.dir/build
gmake[1]: Entering directory '/home/yuanyan/LIO-SAM-ros2/build/lio_sam/CMakeFiles/CMakeTmp'
Building CXX object CMakeFiles/cmTC_39329.dir/OpenMPTryFlag.cpp.o
/usr/bin/c++   -fopenmp -v -o CMakeFiles/cmTC_39329.dir/OpenMPTryFlag.cpp.o -c /home/yuanyan/LIO-SAM-ros2/build/lio_sam/CMakeFiles/FindOpenMP/OpenMPTryFlag.cpp
Using built-in specs.
COLLECT_GCC=/usr/bin/c++
OFFLOAD_TARGET_NAMES=nvptx-none:amdgcn-amdhsa
OFFLOAD_TARGET_DEFAULT=1
Target: x86_64-linux-gnu
Configured with: ../src/configure -v --with-pkgversion='Ubuntu 13.3.0-6ubuntu2~24.04' --with-bugurl=file:///usr/share/doc/gcc-13/README.Bugs --enable-languages=c,ada,c++,go,d,fortran,objc,obj-c++,m2 --prefix=/usr --with-gcc-major-version-only --program-suffix=-13 --program-prefix=x86_64-linux-gnu- --enable-shared --enable-linker-build-id --libexecdir=/usr/libexec --without-included-gettext --enable-threads=posix --libdir=/usr/lib --enable-nls --enable-bootstrap --enable-clocale=gnu --enable-libstdcxx-debug --enable-libstdcxx-time=yes --with-default-libstdcxx-abi=new --enable-libstdcxx-backtrace --enable-gnu-unique-object --disable-vtable-verify --enable-plugin --enable-default-pie --with-system-zlib --enable-libphobos-checking=release --with-target-system-zlib=auto --enable-objc-gc=auto --enable-multiarch --disable-werror --enable-cet --with-arch-32=i686 --with-abi=m64 --with-multilib-list=m32,m64,mx32 --enable-multilib --with-tune=generic --enable-offload-targets=nvptx-none=/build/gcc-13-fG75Ri/gcc-13-13.3.0/debian/tmp-nvptx/usr,amdgcn-amdhsa=/build/gcc-13-fG75Ri/gcc-13-13.3.0/debian/tmp-gcn/usr --enable-offload-defaulted --without-cuda-driver --enable-checking=release --build=x86_64-linux-gnu --host=x86_64-linux-gnu --target=x86_64-linux-gnu --with-build-config=bootstrap-lto-lean --enable-link-serialization=2
Thread model: posix
Supported LTO compression algorithms: zlib zstd
gcc version 13.3.0 (Ubuntu 13.3.0-6ubuntu2~24.04) 
COLLECT_GCC_OPTIONS='-fopenmp' '-v' '-o' 'CMakeFiles/cmTC_39329.dir/OpenMPTryFlag.cpp.o' '-c' '-shared-libgcc' '-mtune=generic' '-march=x86-64' '-pthread' '-dumpdir' 'CMakeFiles/cmTC_39329.dir/'
 /usr/libexec/gcc/x86_64-linux-gnu/13/cc1plus -quiet -v -imultiarch x86_64-linux-gnu -D_GNU_SOURCE -D_REENTRANT /home/yuanyan/LIO-SAM-ros2/build/lio_sam/CMakeFiles/FindOpenMP/OpenMPTryFlag.cpp -quiet -dumpdir CMakeFiles/cmTC_39329.dir/ -dumpbase OpenMPTryFlag.cpp.cpp -dumpbase-ext .cpp -mtune=generic -march=x86-64 -version -fopenmp -fasynchronous-unwind-tables -fstack-protector-strong -Wformat -Wformat-security -fstack-clash-protection -fcf-protection -o /tmp/cc0xW1T5.s
GNU C++17 (Ubuntu 13.3.0-6ubuntu2~24.04) version 13.3.0 (x86_64-linux-gnu)
	compiled by GNU C version 13.3.0, GMP version 6.3.0, MPFR version 4.2.1, MPC version 1.3.1, isl version isl-0.26-GMP

GGC heuristics: --param ggc-min-expand=100 --param ggc-min-heapsize=131072
ignoring duplicate directory "/usr/include/x86_64-linux-gnu/c++/13"
ignoring nonexistent directory "/usr/local/include/x86_64-linux-gnu"
ignoring nonexistent directory "/usr/lib/gcc/x86_64-linux-gnu/13/include-fixed/x86_64-linux-gnu"
ignoring nonexistent directory "/usr/lib/gcc/x86_64-linux-gnu/13/include-fixed"
ignoring nonexistent directory "/usr/lib/gcc/x86_64-linux-gnu/13/../../../../x86_64-linux-gnu/include"
#include "..." search starts here:
#include <...> search starts here:
 /usr/include/c++/13
 /usr/include/x86_64-linux-gnu/c++/13
 /usr/include/c++/13/backward
 /usr/lib/gcc/x86_64-linux-gnu/13/include
 /usr/local/include
 /usr/include/x86_64-linux-gnu
 /usr/include
End of search list.
Compiler executable checksum: c81c05345ce537099dafd5580045814a
COLLECT_GCC_OPTIONS='-fopenmp' '-v' '-o' 'CMakeFiles/cmTC_39329.dir/OpenMPTryFlag.cpp.o' '-c' '-shared-libgcc' '-mtune=generic' '-march=x86-64' '-pthread' '-dumpdir' 'CMakeFiles/cmTC_39329.dir/'
 as -v --64 -o CMakeFiles/cmTC_39329.dir/OpenMPTryFlag.cpp.o /tmp/cc0xW1T5.s
GNU assembler version 2.42 (x86_64-linux-gnu) using BFD version (GNU Binutils for Ubuntu) 2.42
COMPILER_PATH=/usr/libexec/gcc/x86_64-linux-gnu/13/:/usr/libexec/gcc/x86_64-linux-gnu/13/:/usr/libexec/gcc/x86_64-linux-gnu/:/usr/lib/gcc/x86_64-linux-gnu/13/:/usr/lib/gcc/x86_64-linux-gnu/
LIBRARY_PATH=/usr/lib/gcc/x86_64-linux-gnu/13/:/usr/lib/gcc/x86_64-linux-gnu/13/../../../x86_64-linux-gnu/:/usr/lib/gcc/x86_64-linux-gnu/13/../../../../lib/:/lib/x86_64-linux-gnu/:/lib/../lib/:/usr/lib/x86_64-linux-gnu/:/usr/lib/../lib/:/usr/lib/gcc/x86_64-linux-gnu/13/../../../:/lib/:/usr/lib/
COLLECT_GCC_OPTIONS='-fopenmp' '-v' '-o' 'CMakeFiles/cmTC_39329.dir/OpenMPTryFlag.cpp.o' '-c' '-shared-libgcc' '-mtune=generic' '-march=x86-64' '-pthread' '-dumpdir' 'CMakeFiles/cmTC_39329.dir/OpenMPTryFlag.cpp.'
Linking CXX executable cmTC_39329
/usr/bin/cmake -E cmake_link_script CMakeFiles/cmTC_39329.dir/link.txt --verbose=1
/usr/bin/c++  -fopenmp -v CMakeFiles/cmTC_39329.dir/OpenMPTryFlag.cpp.o -o cmTC_39329  -v 
Using built-in specs.
COLLECT_GCC=/usr/bin/c++
COLLECT_LTO_WRAPPER=/usr/libexec/gcc/x86_64-linux-gnu/13/lto-wrapper
OFFLOAD_TARGET_NAMES=nvptx-none:amdgcn-amdhsa
OFFLOAD_TARGET_DEFAULT=1
Target: x86_64-linux-gnu
Configured with: ../src/configure -v --with-pkgversion='Ubuntu 13.3.0-6ubuntu2~24.04' --with-bugurl=file:///usr/share/doc/gcc-13/README.Bugs --enable-languages=c,ada,c++,go,d,fortran,objc,obj-c++,m2 --prefix=/usr --with-gcc-major-version-only --program-suffix=-13 --program-prefix=x86_64-linux-gnu- --enable-shared --enable-linker-build-id --libexecdir=/usr/libexec --without-included-gettext --enable-threads=posix --libdir=/usr/lib --enable-nls --enable-bootstrap --enable-clocale=gnu --enable-libstdcxx-debug --enable-libstdcxx-time=yes --with-default-libstdcxx-abi=new --enable-libstdcxx-backtrace --enable-gnu-unique-object --disable-vtable-verify --enable-plugin --enable-default-pie --with-system-zlib --enable-libphobos-checking=release --with-target-system-zlib=auto --enable-objc-gc=auto --enable-multiarch --disable-werror --enable-cet --with-arch-32=i686 --with-abi=m64 --with-multilib-list=m32,m64,mx32 --enable-multilib --with-tune=generic --enable-offload-targets=nvptx-none=/build/gcc-13-fG75Ri/gcc-13-13.3.0/debian/tmp-nvptx/usr,amdgcn-amdhsa=/build/gcc-13-fG75Ri/gcc-13-13.3.0/debian/tmp-gcn/usr --enable-offload-defaulted --without-cuda-driver --enable-checking=release --build=x86_64-linux-gnu --host=x86_64-linux-gnu --target=x86_64-linux-gnu --with-build-config=bootstrap-lto-lean --enable-link-serialization=2
Thread model: posix
Supported LTO compression algorithms: zlib zstd
gcc version 13.3.0 (Ubuntu 13.3.0-6ubuntu2~24.04) 
COMPILER_PATH=/usr/libexec/gcc/x86_64-linux-gnu/13/:/usr/libexec/gcc/x86_64-linux-gnu/13/:/usr/libexec/gcc/x86_64-linux-gnu/:/usr/lib/gcc/x86_64-linux-gnu/13/:/usr/lib/gcc/x86_64-linux-gnu/
LIBRARY_PATH=/usr/lib/gcc/x86_64-linux-gnu/13/:/usr/lib/gcc/x86_64-linux-gnu/13/../../../x86_64-linux-gnu/:/usr/lib/gcc/x86_64-linux-gnu/13/../../../../lib/:/lib/x86_64-linux-gnu/:/lib/../lib/:/usr/lib/x86_64-linux-gnu/:/usr/lib/../lib/:/usr/lib/gcc/x86_64-linux-gnu/13/../../../:/lib/:/usr/lib/
Reading specs from /usr/lib/gcc/x86_64-linux-gnu/13/libgomp.spec
COLLECT_GCC_OPTIONS='-fopenmp' '-v' '-o' 'cmTC_39329' '-v' '-shared-libgcc' '-mtune=generic' '-march=x86-64' '-pthread' '-dumpdir' 'cmTC_39329.'
 /usr/libexec/gcc/x86_64-linux-gnu/13/collect2 -plugin /usr/libexec/gcc/x86_64-linux-gnu/13/liblto_plugin.so -plugin-opt=/usr/libexec/gcc/x86_64-linux-gnu/13/lto-wrapper -plugin-opt=-fresolution=/tmp/ccsuTlWe.res -plugin-opt=-pass-through=-lgcc_s -plugin-opt=-pass-through=-lgcc -plugin-opt=-pass-through=-lpthread -plugin-opt=-pass-through=-lc -plugin-opt=-pass-through=-lgcc_s -plugin-opt=-pass-through=-lgcc --build-id --eh-frame-hdr -m elf_x86_64 --hash-style=gnu --as-needed -dynamic-linker /lib64/ld-linux-x86-64.so.2 -pie -z now -z relro -o cmTC_39329 /usr/lib/gcc/x86_64-linux-gnu/13/../../../x86_64-linux-gnu/Scrt1.o /usr/lib/gcc/x86_64-linux-gnu/13/../../../x86_64-linux-gnu/crti.o /usr/lib/gcc/x86_64-linux-gnu/13/crtbeginS.o /usr/lib/gcc/x86_64-linux-gnu/13/crtoffloadbegin.o -L/usr/lib/gcc/x86_64-linux-gnu/13 -L/usr/lib/gcc/x86_64-linux-gnu/13/../../../x86_64-linux-gnu -L/usr/lib/gcc/x86_64-linux-gnu/13/../../../../lib -L/lib/x86_64-linux-gnu -L/lib/../lib -L/usr/lib/x86_64-linux-gnu -L/usr/lib/../lib -L/usr/lib/gcc/x86_64-linux-gnu/13/../../.. CMakeFiles/cmTC_39329.dir/OpenMPTryFlag.cpp.o -lstdc++ -lm -lgomp -lgcc_s -lgcc -lpthread -lc -lgcc_s -lgcc /usr/lib/gcc/x86_64-linux-gnu/13/crtendS.o /usr/lib/gcc/x86_64-linux-gnu/13/../../../x86_64-linux-gnu/crtn.o /usr/lib/gcc/x86_64-linux-gnu/13/crtoffloadend.o
COLLECT_GCC_OPTIONS='-fopenmp' '-v' '-o' 'cmTC_39329' '-v' '-shared-libgcc' '-mtune=generic' '-march=x86-64' '-pthread' '-dumpdir' 'cmTC_39329.'
gmake[1]: Leaving directory '/home/yuanyan/LIO-SAM-ros2/build/lio_sam/CMakeFiles/CMakeTmp'



Parsed CXX OpenMP implicit link information from above output:
  link line regex: [^( *|.*[/\])(ld|CMAKE_LINK_STARTFILE-NOTFOUND|([^/\]+-)?ld|collect2)[^/\]*( |$)]
  ignore line: [Change Dir: '/home/yuanyan/LIO-SAM-ros2/build/lio_sam/CMakeFiles/CMakeTmp']
  ignore line: []
  ignore line: [Run Build Command(s): /usr/bin/cmake -E env VERBOSE=1 /usr/bin/gmake -f Makefile cmTC_39329/fast]
  ignore line: [/usr/bin/gmake  -f CMakeFiles/cmTC_39329.dir/build.make CMakeFiles/cmTC_39329.dir/build]
  ignore line: [gmake[1]: Entering directory '/home/yuanyan/LIO-SAM-ros2/build/lio_sam/CMakeFiles/CMakeTmp']
  ignore line: [Building CXX object CMakeFiles/cmTC_39329.dir/OpenMPTryFlag.cpp.o]
  ignore line: [/usr/bin/c++   -fopenmp -v -o CMakeFiles/cmTC_39329.dir/OpenMPTryFlag.cpp.o -c /home/yuanyan/LIO-SAM-ros2/build/lio_sam/CMakeFiles/FindOpenMP/OpenMPTryFlag.cpp]
  ignore line: [Using built-in specs.]
  ignore line: [COLLECT_GCC=/usr/bin/c++]
  ignore line: [OFFLOAD_TARGET_NAMES=nvptx-none:amdgcn-amdhsa]
  ignore line: [OFFLOAD_TARGET_DEFAULT=1]
  ignore line: [Target: x86_64-linux-gnu]
  ignore line: [Configured with: ../src/configure -v --with-pkgversion='Ubuntu 13.3.0-6ubuntu2~24.04' --with-bugurl=file:///usr/share/doc/gcc-13/README.Bugs --enable-languages=c ada c++ go d fortran objc obj-c++ m2 --prefix=/usr --with-gcc-major-version-only --program-suffix=-13 --program-prefix=x86_64-linux-gnu- --enable-shared --enable-linker-build-id --libexecdir=/usr/libexec --without-included-gettext --enable-threads=posix --libdir=/usr/lib --enable-nls --enable-bootstrap --enable-clocale=gnu --enable-libstdcxx-debug --enable-libstdcxx-time=yes --with-default-libstdcxx-abi=new --enable-libstdcxx-backtrace --enable-gnu-unique-object --disable-vtable-verify --enable-plugin --enable-default-pie --with-system-zlib --enable-libphobos-checking=release --with-target-system-zlib=auto --enable-objc-gc=auto --enable-multiarch --disable-werror --enable-cet --with-arch-32=i686 --with-abi=m64 --with-multilib-list=m32 m64 mx32 --enable-multilib --with-tune=generic --enable-offload-targets=nvptx-none=/build/gcc-13-fG75Ri/gcc-13-13.3.0/debian/tmp-nvptx/usr amdgcn-amdhsa=/build/gcc-13-fG75Ri/gcc-13-13.3.0/debian/tmp-gcn/usr --enable-offload-defaulted --without-cuda-driver --enable-checking=release --build=x86_64-linux-gnu --host=x86_64-linux-gnu --target=x86_64-linux-gnu --with-build-config=bootstrap-lto-lean --enable-link-serialization=2]
  ignore line: [Thread model: posix]
  ignore line: [Supported LTO compression algorithms: zlib zstd]
  ignore line: [gcc version 13.3.0 (Ubuntu 13.3.0-6ubuntu2~24.04) ]
  ignore line: [COLLECT_GCC_OPTIONS='-fopenmp' '-v' '-o' 'CMakeFiles/cmTC_39329.dir/OpenMPTryFlag.cpp.o' '-c' '-shared-libgcc' '-mtune=generic' '-march=x86-64' '-pthread' '-dumpdir' 'CMakeFiles/cmTC_39329.dir/']
  ignore line: [ /usr/libexec/gcc/x86_64-linux-gnu/13/cc1plus -quiet -v -imultiarch x86_64-linux-gnu -D_GNU_SOURCE -D_REENTRANT /home/yuanyan/LIO-SAM-ros2/build/lio_sam/CMakeFiles/FindOpenMP/OpenMPTryFlag.cpp -quiet -dumpdir CMakeFiles/cmTC_39329.dir/ -dumpbase OpenMPTryFlag.cpp.cpp -dumpbase-ext .cpp -mtune=generic -march=x86-64 -version -fopenmp -fasynchronous-unwind-tables -fstack-protector-strong -Wformat -Wformat-security -fstack-clash-protection -fcf-protection -o /tmp/cc0xW1T5.s]
  ignore line: [GNU C++17 (Ubuntu 13.3.0-6ubuntu2~24.04) version 13.3.0 (x86_64-linux-gnu)]
  ignore line: [	compiled by GNU C version 13.3.0  GMP version 6.3.0  MPFR version 4.2.1  MPC version 1.3.1  isl version isl-0.26-GMP]
  ignore line: []
  ignore line: [GGC heuristics: --param ggc-min-expand=100 --param ggc-min-heapsize=131072]
  ignore line: [ignoring duplicate directory "/usr/include/x86_64-linux-gnu/c++/13"]
  ignore line: [ignoring nonexistent directory "/usr/local/include/x86_64-linux-gnu"]
  ignore line: [ignoring nonexistent directory "/usr/lib/gcc/x86_64-linux-gnu/13/include-fixed/x86_64-linux-gnu"]
  ignore line: [ignoring nonexistent directory "/usr/lib/gcc/x86_64-linux-gnu/13/include-fixed"]
  ignore line: [ignoring nonexistent directory "/usr/lib/gcc/x86_64-linux-gnu/13/../../../../x86_64-linux-gnu/include"]
  ignore line: [#include "..." search starts here:]
  ignore line: [#include <...> search starts here:]
  ignore line: [ /usr/include/c++/13]
  ignore line: [ /usr/include/x86_64-linux-gnu/c++/13]
  ignore line: [ /usr/include/c++/13/backward]
  ignore line: [ /usr/lib/gcc/x86_64-linux-gnu/13/include]
  ignore line: [ /usr/local/include]
  ignore line: [ /usr/include/x86_64-linux-gnu]
  ignore line: [ /usr/include]
  ignore line: [End of search list.]
  ignore line: [Compiler executable checksum: c81c05345ce537099dafd5580045814a]
  ignore line: [COLLECT_GCC_OPTIONS='-fopenmp' '-v' '-o' 'CMakeFiles/cmTC_39329.dir/OpenMPTryFlag.cpp.o' '-c' '-shared-libgcc' '-mtune=generic' '-march=x86-64' '-pthread' '-dumpdir' 'CMakeFiles/cmTC_39329.dir/']
  ignore line: [ as -v --64 -o CMakeFiles/cmTC_39329.dir/OpenMPTryFlag.cpp.o /tmp/cc0xW1T5.s]
  ignore line: [GNU assembler version 2.42 (x86_64-linux-gnu) using BFD version (GNU Binutils for Ubuntu) 2.42]
  ignore line: [COMPILER_PATH=/usr/libexec/gcc/x86_64-linux-gnu/13/:/usr/libexec/gcc/x86_64-linux-gnu/13/:/usr/libexec/gcc/x86_64-linux-gnu/:/usr/lib/gcc/x86_64-linux-gnu/13/:/usr/lib/gcc/x86_64-linux-gnu/]
  ignore line: [LIBRARY_PATH=/usr/lib/gcc/x86_64-linux-gnu/13/:/usr/lib/gcc/x86_64-linux-gnu/13/../../../x86_64-linux-gnu/:/usr/lib/gcc/x86_64-linux-gnu/13/../../../../lib/:/lib/x86_64-linux-gnu/:/lib/../lib/:/usr/lib/x86_64-linux-gnu/:/usr/lib/../lib/:/usr/lib/gcc/x86_64-linux-gnu/13/../../../:/lib/:/usr/lib/]
  ignore line: [COLLECT_GCC_OPTIONS='-fopenmp' '-v' '-o' 'CMakeFiles/cmTC_39329.dir/OpenMPTryFlag.cpp.o' '-c' '-shared-libgcc' '-mtune=generic' '-march=x86-64' '-pthread' '-dumpdir' 'CMakeFiles/cmTC_39329.dir/OpenMPTryFlag.cpp.']
  ignore line: [Linking CXX executable cmTC_39329]
  ignore line: [/usr/bin/cmake -E cmake_link_script CMakeFiles/cmTC_39329.dir/link.txt --verbose=1]
  ignore line: [/usr/bin/c++  -fopenmp -v CMakeFiles/cmTC_39329.dir/OpenMPTryFlag.cpp.o -o cmTC_39329  -v ]
  ignore line: [Using built-in specs.]
  ignore line: [COLLECT_GCC=/usr/bin/c++]
  ignore line: [COLLECT_LTO_WRAPPER=/usr/libexec/gcc/x86_64-linux-gnu/13/lto-wrapper]
  ignore line: [OFFLOAD_TARGET_NAMES=nvptx-none:amdgcn-amdhsa]
  ignore line: [OFFLOAD_TARGET_DEFAULT=1]
  ignore line: [Target: x86_64-linux-gnu]
  ignore line: [Configured with: ../src/configure -v --with-pkgversion='Ubuntu 13.3.0-6ubuntu2~24.04' --with-bugurl=file:///usr/share/doc/gcc-13/README.Bugs --enable-languages=c ada c++ go d fortran objc obj-c++ m2 --prefix=/usr --with-gcc-major-version-only --program-suffix=-13 --program-prefix=x86_64-linux-gnu- --enable-shared --enable-linker-build-id --libexecdir=/usr/libexec --without-included-gettext --enable-threads=posix --libdir=/usr/lib --enable-nls --enable-bootstrap --enable-clocale=gnu --enable-libstdcxx-debug --enable-libstdcxx-time=yes --with-default-libstdcxx-abi=new --enable-libstdcxx-backtrace --enable-gnu-unique-object --disable-vtable-verify --enable-plugin --enable-default-pie --with-system-zlib --enable-libphobos-checking=release --with-target-system-zlib=auto --enable-objc-gc=auto --enable-multiarch --disable-werror --enable-cet --with-arch-32=i686 --with-abi=m64 --with-multilib-list=m32 m64 mx32 --enable-multilib --with-tune=generic --enable-offload-targets=nvptx-none=/build/gcc-13-fG75Ri/gcc-13-13.3.0/debian/tmp-nvptx/usr amdgcn-amdhsa=/build/gcc-13-fG75Ri/gcc-13-13.3.0/debian/tmp-gcn/usr --enable-offload-defaulted --without-cuda-driver --enable-checking=release --build=x86_64-linux-gnu --host=x86_64-linux-gnu --target=x86_64-linux-gnu --with-build-config=bootstrap-lto-lean --enable-link-serialization=2]
  ignore line: [Thread model: posix]
  ignore line: [Supported LTO compression algorithms: zlib zstd]
  ignore line: [gcc version 13.3.0 (Ubuntu 13.3.0-6ubuntu2~24.04) ]
  ignore line: [COMPILER_PATH=/usr/libexec/gcc/x86_64-linux-gnu/13/:/usr/libexec/gcc/x86_64-linux-gnu/13/:/usr/libexec/gcc/x86_64-linux-gnu/:/usr/lib/gcc/x86_64-linux-gnu/13/:/usr/lib/gcc/x86_64-linux-gnu/]
  ignore line: [LIBRARY_PATH=/usr/lib/gcc/x86_64-linux-gnu/13/:/usr/lib/gcc/x86_64-linux-gnu/13/../../../x86_64-linux-gnu/:/usr/lib/gcc/x86_64-linux-gnu/13/../../../../lib/:/lib/x86_64-linux-gnu/:/lib/../lib/:/usr/lib/x86_64-linux-gnu/:/usr/lib/../lib/:/usr/lib/gcc/x86_64-linux-gnu/13/../../../:/lib/:/usr/lib/]
  ignore line: [Reading specs from /usr/lib/gcc/x86_64-linux-gnu/13/libgomp.spec]
  ignore line: [COLLECT_GCC_OPTIONS='-fopenmp' '-v' '-o' 'cmTC_39329' '-v' '-shared-libgcc' '-mtune=generic' '-march=x86-64' '-pthread' '-dumpdir' 'cmTC_39329.']
  link line: [ /usr/libexec/gcc/x86_64-linux-gnu/13/collect2 -plugin /usr/libexec/gcc/x86_64-linux-gnu/13/liblto_plugin.so -plugin-opt=/usr/libexec/gcc/x86_64-linux-gnu/13/lto-wrapper -plugin-opt=-fresolution=/tmp/ccsuTlWe.res -plugin-opt=-pass-through=-lgcc_s -plugin-opt=-pass-through=-lgcc -plugin-opt=-pass-through=-lpthread -plugin-opt=-pass-through=-lc -plugin-opt=-pass-through=-lgcc_s -plugin-opt=-pass-through=-lgcc --build-id --eh-frame-hdr -m elf_x86_64 --hash-style=gnu --as-needed -dynamic-linker /lib64/ld-linux-x86-64.so.2 -pie -z now -z relro -o cmTC_39329 /usr/lib/gcc/x86_64-linux-gnu/13/../../../x86_64-linux-gnu/Scrt1.o /usr/lib/gcc/x86_64-linux-gnu/13/../../../x86_64-linux-gnu/crti.o /usr/lib/gcc/x86_64-linux-gnu/13/crtbeginS.o /usr/lib/gcc/x86_64-linux-gnu/13/crtoffloadbegin.o -L/usr/lib/gcc/x86_64-linux-gnu/13 -L/usr/lib/gcc/x86_64-linux-gnu/13/../../../x86_64-linux-gnu -L/usr/lib/gcc/x86_64-linux-gnu/13/../../../../lib -L/lib/x86_64-linux-gnu -L/lib/../lib -L/usr/lib/x86_64-linux-gnu -L/usr/lib/../lib -L/usr/lib/gcc/x86_64-linux-gnu/13/../../.. CMakeFiles/cmTC_39329.dir/OpenMPTryFlag.cpp.o -lstdc++ -lm -lgomp -lgcc_s -lgcc -lpthread -lc -lgcc_s -lgcc /usr/lib/gcc/x86_64-linux-gnu/13/crtendS.o /usr/lib/gcc/x86_64-linux-gnu/13/../../../x86_64-linux-gnu/crtn.o /usr/lib/gcc/x86_64-linux-gnu/13/crtoffloadend.o]
    arg [/usr/libexec/gcc/x86_64-linux-gnu/13/collect2] ==> ignore
    arg [-plugin] ==> ignore
    arg [/usr/libexec/gcc/x86_64-linux-gnu/13/liblto_plugin.so] ==> ignore
    arg [-plugin-opt=/usr/libexec/gcc/x86_64-linux-gnu/13/lto-wrapper] ==> ignore
    arg [-plugin-opt=-fresolution=/tmp/ccsuTlWe.res] ==> ignore
    arg [-plugin-opt=-pass-through=-lgcc_s] ==> ignore
    arg [-plugin-opt=-pass-through=-lgcc] ==> ignore
    arg [-plugin-opt=-pass-through=-lpthread] ==> ignore
    arg [-plugin-opt=-pass-through=-lc] ==> ignore
    arg [-plugin-opt=-pass-through=-lgcc_s] ==> ignore
    arg [-plugin-opt=-pass-through=-lgcc] ==> ignore
    arg [--build-id] ==> ignore
    arg [--eh-frame-hdr] ==> ignore
    arg [-m] ==> ignore
    arg [elf_x86_64] ==> ignore
    arg [--hash-style=gnu] ==> ignore
    arg [--as-needed] ==> ignore
    arg [-dynamic-linker] ==> ignore
    arg [/lib64/ld-linux-x86-64.so.2] ==> ignore
    arg [-pie] ==> ignore
    arg [-znow] ==> ignore
    arg [-zrelro] ==> ignore
    arg [-o] ==> ignore
    arg [cmTC_39329] ==> ignore
    arg [-L/usr/lib/gcc/x86_64-linux-gnu/13] ==> dir [/usr/lib/gcc/x86_64-linux-gnu/13]
    arg [-L/usr/lib/gcc/x86_64-linux-gnu/13/../../../x86_64-linux-gnu] ==> dir [/usr/lib/gcc/x86_64-linux-gnu/13/../../../x86_64-linux-gnu]
    arg [-L/usr/lib/gcc/x86_64-linux-gnu/13/../../../../lib] ==> dir [/usr/lib/gcc/x86_64-linux-gnu/13/../../../../lib]
    arg [-L/lib/x86_64-linux-gnu] ==> dir [/lib/x86_64-linux-gnu]
    arg [-L/lib/../lib] ==> dir [/lib/../lib]
    arg [-L/usr/lib/x86_64-linux-gnu] ==> dir [/usr/lib/x86_64-linux-gnu]
    arg [-L/usr/lib/../lib] ==> dir [/usr/lib/../lib]
    arg [-L/usr/lib/gcc/x86_64-linux-gnu/13/../../..] ==> dir [/usr/lib/gcc/x86_64-linux-gnu/13/../../..]
    arg [CMakeFiles/cmTC_39329.dir/OpenMPTryFlag.cpp.o] ==> ignore
    arg [-lstdc++] ==> lib [stdc++]
    arg [-lm] ==> lib [m]
    arg [-lgomp] ==> lib [gomp]
    arg [-lgcc_s] ==> lib [gcc_s]
    arg [-lgcc] ==> lib [gcc]
    arg [-lpthread] ==> lib [pthread]
    arg [-lc] ==> lib [c]
    arg [-lgcc_s] ==> lib [gcc_s]
    arg [-lgcc] ==> lib [gcc]
  collapse library dir [/usr/lib/gcc/x86_64-linux-gnu/13] ==> [/usr/lib/gcc/x86_64-linux-gnu/13]
  collapse library dir [/usr/lib/gcc/x86_64-linux-gnu/13/../../../x86_64-linux-gnu] ==> [/usr/lib/x86_64-linux-gnu]
  collapse library dir [/usr/lib/gcc/x86_64-linux-gnu/13/../../../../lib] ==> [/usr/lib]
  collapse library dir [/lib/x86_64-linux-gnu] ==> [/lib/x86_64-linux-gnu]
  collapse library dir [/lib/../lib] ==> [/lib]
  collapse library dir [/usr/lib/x86_64-linux-gnu] ==> [/usr/lib/x86_64-linux-gnu]
  collapse library dir [/usr/lib/../lib] ==> [/usr/lib]
  collapse library dir [/usr/lib/gcc/x86_64-linux-gnu/13/../../..] ==> [/usr/lib]
  implicit libs: [stdc++;m;gomp;gcc_s;gcc;pthread;c;gcc_s;gcc]
  implicit objs: []
  implicit dirs: [/usr/lib/gcc/x86_64-linux-gnu/13;/usr/lib/x86_64-linux-gnu;/usr/lib;/lib/x86_64-linux-gnu;/lib]
  implicit fwks: []


Detecting C OpenMP compiler ABI info compiled with the following output:
Change Dir: '/home/yuanyan/LIO-SAM-ros2/build/lio_sam/CMakeFiles/CMakeTmp'

Run Build Command(s): /usr/bin/cmake -E env VERBOSE=1 /usr/bin/gmake -f Makefile cmTC_fa238/fast
/usr/bin/gmake  -f CMakeFiles/cmTC_fa238.dir/build.make CMakeFiles/cmTC_fa238.dir/build
gmake[1]: Entering directory '/home/yuanyan/LIO-SAM-ros2/build/lio_sam/CMakeFiles/CMakeTmp'
Building C object CMakeFiles/cmTC_fa238.dir/OpenMPTryFlag.c.o
/usr/bin/cc   -fopenmp -v -o CMakeFiles/cmTC_fa238.dir/OpenMPTryFlag.c.o -c /home/yuanyan/LIO-SAM-ros2/build/lio_sam/CMakeFiles/FindOpenMP/OpenMPTryFlag.c
Using built-in specs.
COLLECT_GCC=/usr/bin/cc
OFFLOAD_TARGET_NAMES=nvptx-none:amdgcn-amdhsa
OFFLOAD_TARGET_DEFAULT=1
Target: x86_64-linux-gnu
Configured with: ../src/configure -v --with-pkgversion='Ubuntu 13.3.0-6ubuntu2~24.04' --with-bugurl=file:///usr/share/doc/gcc-13/README.Bugs --enable-languages=c,ada,c++,go,d,fortran,objc,obj-c++,m2 --prefix=/usr --with-gcc-major-version-only --program-suffix=-13 --program-prefix=x86_64-linux-gnu- --enable-shared --enable-linker-build-id --libexecdir=/usr/libexec --without-included-gettext --enable-threads=posix --libdir=/usr/lib --enable-nls --enable-bootstrap --enable-clocale=gnu --enable-libstdcxx-debug --enable-libstdcxx-time=yes --with-default-libstdcxx-abi=new --enable-libstdcxx-backtrace --enable-gnu-unique-object --disable-vtable-verify --enable-plugin --enable-default-pie --with-system-zlib --enable-libphobos-checking=release --with-target-system-zlib=auto --enable-objc-gc=auto --enable-multiarch --disable-werror --enable-cet --with-arch-32=i686 --with-abi=m64 --with-multilib-list=m32,m64,mx32 --enable-multilib --with-tune=generic --enable-offload-targets=nvptx-none=/build/gcc-13-fG75Ri/gcc-13-13.3.0/debian/tmp-nvptx/usr,amdgcn-amdhsa=/build/gcc-13-fG75Ri/gcc-13-13.3.0/debian/tmp-gcn/usr --enable-offload-defaulted --without-cuda-driver --enable-checking=release --build=x86_64-linux-gnu --host=x86_64-linux-gnu --target=x86_64-linux-gnu --with-build-config=bootstrap-lto-lean --enable-link-serialization=2
Thread model: posix
Supported LTO compression algorithms: zlib zstd
gcc version 13.3.0 (Ubuntu 13.3.0-6ubuntu2~24.04) 
COLLECT_GCC_OPTIONS='-fopenmp' '-v' '-o' 'CMakeFiles/cmTC_fa238.dir/OpenMPTryFlag.c.o' '-c' '-mtune=generic' '-march=x86-64' '-pthread' '-dumpdir' 'CMakeFiles/cmTC_fa238.dir/'
 /usr/libexec/gcc/x86_64-linux-gnu/13/cc1 -quiet -v -imultiarch x86_64-linux-gnu -D_REENTRANT /home/yuanyan/LIO-SAM-ros2/build/lio_sam/CMakeFiles/FindOpenMP/OpenMPTryFlag.c -quiet -dumpdir CMakeFiles/cmTC_fa238.dir/ -dumpbase OpenMPTryFlag.c.c -dumpbase-ext .c -mtune=generic -march=x86-64 -version -fopenmp -fasynchronous-unwind-tables -fstack-protector-strong -Wformat -Wformat-security -fstack-clash-protection -fcf-protection -o /tmp/ccpnHMmt.s
GNU C17 (Ubuntu 13.3.0-6ubuntu2~24.04) version 13.3.0 (x86_64-linux-gnu)
	compiled by GNU C version 13.3.0, GMP version 6.3.0, MPFR version 4.2.1, MPC version 1.3.1, isl version isl-0.26-GMP

GGC heuristics: --param ggc-min-expand=100 --param ggc-min-heapsize=131072
ignoring nonexistent directory "/usr/local/include/x86_64-linux-gnu"
ignoring nonexistent directory "/usr/lib/gcc/x86_64-linux-gnu/13/include-fixed/x86_64-linux-gnu"
ignoring nonexistent directory "/usr/lib/gcc/x86_64-linux-gnu/13/include-fixed"
ignoring nonexistent directory "/usr/lib/gcc/x86_64-linux-gnu/13/../../../../x86_64-linux-gnu/include"
#include "..." search starts here:
#include <...> search starts here:
 /usr/lib/gcc/x86_64-linux-gnu/13/include
 /usr/local/include
 /usr/include/x86_64-linux-gnu
 /usr/include
End of search list.
Compiler executable checksum: 38987c28e967c64056a6454abdef726e
COLLECT_GCC_OPTIONS='-fopenmp' '-v' '-o' 'CMakeFiles/cmTC_fa238.dir/OpenMPTryFlag.c.o' '-c' '-mtune=generic' '-march=x86-64' '-pthread' '-dumpdir' 'CMakeFiles/cmTC_fa238.dir/'
 as -v --64 -o CMakeFiles/cmTC_fa238.dir/OpenMPTryFlag.c.o /tmp/ccpnHMmt.s
GNU assembler version 2.42 (x86_64-linux-gnu) using BFD version (GNU Binutils for Ubuntu) 2.42
COMPILER_PATH=/usr/libexec/gcc/x86_64-linux-gnu/13/:/usr/libexec/gcc/x86_64-linux-gnu/13/:/usr/libexec/gcc/x86_64-linux-gnu/:/usr/lib/gcc/x86_64-linux-gnu/13/:/usr/lib/gcc/x86_64-linux-gnu/
LIBRARY_PATH=/usr/lib/gcc/x86_64-linux-gnu/13/:/usr/lib/gcc/x86_64-linux-gnu/13/../../../x86_64-linux-gnu/:/usr/lib/gcc/x86_64-linux-gnu/13/../../../../lib/:/lib/x86_64-linux-gnu/:/lib/../lib/:/usr/lib/x86_64-linux-gnu/:/usr/lib/../lib/:/usr/lib/gcc/x86_64-linux-gnu/13/../../../:/lib/:/usr/lib/
COLLECT_GCC_OPTIONS='-fopenmp' '-v' '-o' 'CMakeFiles/cmTC_fa238.dir/OpenMPTryFlag.c.o' '-c' '-mtune=generic' '-march=x86-64' '-pthread' '-dumpdir' 'CMakeFiles/cmTC_fa238.dir/OpenMPTryFlag.c.'
Linking C executable cmTC_fa238
/usr/bin/cmake -E cmake_link_script CMakeFiles/cmTC_fa238.dir/link.txt --verbose=1
/usr/bin/cc  -fopenmp -v CMakeFiles/cmTC_fa238.dir/OpenMPTryFlag.c.o -o cmTC_fa238  -v 
Using built-in specs.
COLLECT_GCC=/usr/bin/cc
COLLECT_LTO_WRAPPER=/usr/libexec/gcc/x86_64-linux-gnu/13/lto-wrapper
OFFLOAD_TARGET_NAMES=nvptx-none:amdgcn-amdhsa
OFFLOAD_TARGET_DEFAULT=1
Target: x86_64-linux-gnu
Configured with: ../src/configure -v --with-pkgversion='Ubuntu 13.3.0-6ubuntu2~24.04' --with-bugurl=file:///usr/share/doc/gcc-13/README.Bugs --enable-languages=c,ada,c++,go,d,fortran,objc,obj-c++,m2 --prefix=/usr --with-gcc-major-version-only --program-suffix=-13 --program-prefix=x86_64-linux-gnu- --enable-shared --enable-linker-build-id --libexecdir=/usr/libexec --without-included-gettext --enable-threads=posix --libdir=/usr/lib --enable-nls --enable-bootstrap --enable-clocale=gnu --enable-libstdcxx-debug --enable-libstdcxx-time=yes --with-default-libstdcxx-abi=new --enable-libstdcxx-backtrace --enable-gnu-unique-object --disable-vtable-verify --enable-plugin --enable-default-pie --with-system-zlib --enable-libphobos-checking=release --with-target-system-zlib=auto --enable-objc-gc=auto --enable-multiarch --disable-werror --enable-cet --with-arch-32=i686 --with-abi=m64 --with-multilib-list=m32,m64,mx32 --enable-multilib --with-tune=generic --enable-offload-targets=nvptx-none=/build/gcc-13-fG75Ri/gcc-13-13.3.0/debian/tmp-nvptx/usr,amdgcn-amdhsa=/build/gcc-13-fG75Ri/gcc-13-13.3.0/debian/tmp-gcn/usr --enable-offload-defaulted --without-cuda-driver --enable-checking=release --build=x86_64-linux-gnu --host=x86_64-linux-gnu --target=x86_64-linux-gnu --with-build-config=bootstrap-lto-lean --enable-link-serialization=2
Thread model: posix
Supported LTO compression algorithms: zlib zstd
gcc version 13.3.0 (Ubuntu 13.3.0-6ubuntu2~24.04) 
COMPILER_PATH=/usr/libexec/gcc/x86_64-linux-gnu/13/:/usr/libexec/gcc/x86_64-linux-gnu/13/:/usr/libexec/gcc/x86_64-linux-gnu/:/usr/lib/gcc/x86_64-linux-gnu/13/:/usr/lib/gcc/x86_64-linux-gnu/
LIBRARY_PATH=/usr/lib/gcc/x86_64-linux-gnu/13/:/usr/lib/gcc/x86_64-linux-gnu/13/../../../x86_64-linux-gnu/:/usr/lib/gcc/x86_64-linux-gnu/13/../../../../lib/:/lib/x86_64-linux-gnu/:/lib/../lib/:/usr/lib/x86_64-linux-gnu/:/usr/lib/../lib/:/usr/lib/gcc/x86_64-linux-gnu/13/../../../:/lib/:/usr/lib/
Reading specs from /usr/lib/gcc/x86_64-linux-gnu/13/libgomp.spec
COLLECT_GCC_OPTIONS='-fopenmp' '-v' '-o' 'cmTC_fa238' '-v' '-mtune=generic' '-march=x86-64' '-pthread' '-dumpdir' 'cmTC_fa238.'
 /usr/libexec/gcc/x86_64-linux-gnu/13/collect2 -plugin /usr/libexec/gcc/x86_64-linux-gnu/13/liblto_plugin.so -plugin-opt=/usr/libexec/gcc/x86_64-linux-gnu/13/lto-wrapper -plugin-opt=-fresolution=/tmp/ccHqGTSw.res -plugin-opt=-pass-through=-lgcc -plugin-opt=-pass-through=-lgcc_s -plugin-opt=-pass-through=-lpthread -plugin-opt=-pass-through=-lc -plugin-opt=-pass-through=-lgcc -plugin-opt=-pass-through=-lgcc_s --build-id --eh-frame-hdr -m elf_x86_64 --hash-style=gnu --as-needed -dynamic-linker /lib64/ld-linux-x86-64.so.2 -pie -z now -z relro -o cmTC_fa238 /usr/lib/gcc/x86_64-linux-gnu/13/../../../x86_64-linux-gnu/Scrt1.o /usr/lib/gcc/x86_64-linux-gnu/13/../../../x86_64-linux-gnu/crti.o /usr/lib/gcc/x86_64-linux-gnu/13/crtbeginS.o /usr/lib/gcc/x86_64-linux-gnu/13/crtoffloadbegin.o -L/usr/lib/gcc/x86_64-linux-gnu/13 -L/usr/lib/gcc/x86_64-linux-gnu/13/../../../x86_64-linux-gnu -L/usr/lib/gcc/x86_64-linux-gnu/13/../../../../lib -L/lib/x86_64-linux-gnu -L/lib/../lib -L/usr/lib/x86_64-linux-gnu -L/usr/lib/../lib -L/usr/lib/gcc/x86_64-linux-gnu/13/../../.. CMakeFiles/cmTC_fa238.dir/OpenMPTryFlag.c.o -lgomp -lgcc --push-state --as-needed -lgcc_s --pop-state -lpthread -lc -lgcc --push-state --as-needed -lgcc_s --pop-state /usr/lib/gcc/x86_64-linux-gnu/13/crtendS.o /usr/lib/gcc/x86_64-linux-gnu/13/../../../x86_64-linux-gnu/crtn.o /usr/lib/gcc/x86_64-linux-gnu/13/crtoffloadend.o
COLLECT_GCC_OPTIONS='-fopenmp' '-v' '-o' 'cmTC_fa238' '-v' '-mtune=generic' '-march=x86-64' '-pthread' '-dumpdir' 'cmTC_fa238.'
gmake[1]: Leaving directory '/home/yuanyan/LIO-SAM-ros2/build/lio_sam/CMakeFiles/CMakeTmp'



Parsed C OpenMP implicit link information from above output:
  link line regex: [^( *|.*[/\])(ld|CMAKE_LINK_STARTFILE-NOTFOUND|([^/\]+-)?ld|collect2)[^/\]*( |$)]
  ignore line: [Change Dir: '/home/yuanyan/LIO-SAM-ros2/build/lio_sam/CMakeFiles/CMakeTmp']
  ignore line: []
  ignore line: [Run Build Command(s): /usr/bin/cmake -E env VERBOSE=1 /usr/bin/gmake -f Makefile cmTC_fa238/fast]
  ignore line: [/usr/bin/gmake  -f CMakeFiles/cmTC_fa238.dir/build.make CMakeFiles/cmTC_fa238.dir/build]
  ignore line: [gmake[1]: Entering directory '/home/yuanyan/LIO-SAM-ros2/build/lio_sam/CMakeFiles/CMakeTmp']
  ignore line: [Building C object CMakeFiles/cmTC_fa238.dir/OpenMPTryFlag.c.o]
  ignore line: [/usr/bin/cc   -fopenmp -v -o CMakeFiles/cmTC_fa238.dir/OpenMPTryFlag.c.o -c /home/yuanyan/LIO-SAM-ros2/build/lio_sam/CMakeFiles/FindOpenMP/OpenMPTryFlag.c]
  ignore line: [Using built-in specs.]
  ignore line: [COLLECT_GCC=/usr/bin/cc]
  ignore line: [OFFLOAD_TARGET_NAMES=nvptx-none:amdgcn-amdhsa]
  ignore line: [OFFLOAD_TARGET_DEFAULT=1]
  ignore line: [Target: x86_64-linux-gnu]
  ignore line: [Configured with: ../src/configure -v --with-pkgversion='Ubuntu 13.3.0-6ubuntu2~24.04' --with-bugurl=file:///usr/share/doc/gcc-13/README.Bugs --enable-languages=c ada c++ go d fortran objc obj-c++ m2 --prefix=/usr --with-gcc-major-version-only --program-suffix=-13 --program-prefix=x86_64-linux-gnu- --enable-shared --enable-linker-build-id --libexecdir=/usr/libexec --without-included-gettext --enable-threads=posix --libdir=/usr/lib --enable-nls --enable-bootstrap --enable-clocale=gnu --enable-libstdcxx-debug --enable-libstdcxx-time=yes --with-default-libstdcxx-abi=new --enable-libstdcxx-backtrace --enable-gnu-unique-object --disable-vtable-verify --enable-plugin --enable-default-pie --with-system-zlib --enable-libphobos-checking=release --with-target-system-zlib=auto --enable-objc-gc=auto --enable-multiarch --disable-werror --enable-cet --with-arch-32=i686 --with-abi=m64 --with-multilib-list=m32 m64 mx32 --enable-multilib --with-tune=generic --enable-offload-targets=nvptx-none=/build/gcc-13-fG75Ri/gcc-13-13.3.0/debian/tmp-nvptx/usr amdgcn-amdhsa=/build/gcc-13-fG75Ri/gcc-13-13.3.0/debian/tmp-gcn/usr --enable-offload-defaulted --without-cuda-driver --enable-checking=release --build=x86_64-linux-gnu --host=x86_64-linux-gnu --target=x86_64-linux-gnu --with-build-config=bootstrap-lto-lean --enable-link-serialization=2]
  ignore line: [Thread model: posix]
  ignore line: [Supported LTO compression algorithms: zlib zstd]
  ignore line: [gcc version 13.3.0 (Ubuntu 13.3.0-6ubuntu2~24.04) ]
  ignore line: [COLLECT_GCC_OPTIONS='-fopenmp' '-v' '-o' 'CMakeFiles/cmTC_fa238.dir/OpenMPTryFlag.c.o' '-c' '-mtune=generic' '-march=x86-64' '-pthread' '-dumpdir' 'CMakeFiles/cmTC_fa238.dir/']
  ignore line: [ /usr/libexec/gcc/x86_64-linux-gnu/13/cc1 -quiet -v -imultiarch x86_64-linux-gnu -D_REENTRANT /home/yuanyan/LIO-SAM-ros2/build/lio_sam/CMakeFiles/FindOpenMP/OpenMPTryFlag.c -quiet -dumpdir CMakeFiles/cmTC_fa238.dir/ -dumpbase OpenMPTryFlag.c.c -dumpbase-ext .c -mtune=generic -march=x86-64 -version -fopenmp -fasynchronous-unwind-tables -fstack-protector-strong -Wformat -Wformat-security -fstack-clash-protection -fcf-protection -o /tmp/ccpnHMmt.s]
  ignore line: [GNU C17 (Ubuntu 13.3.0-6ubuntu2~24.04) version 13.3.0 (x86_64-linux-gnu)]
  ignore line: [	compiled by GNU C version 13.3.0  GMP version 6.3.0  MPFR version 4.2.1  MPC version 1.3.1  isl version isl-0.26-GMP]
  ignore line: []
  ignore line: [GGC heuristics: --param ggc-min-expand=100 --param ggc-min-heapsize=131072]
  ignore line: [ignoring nonexistent directory "/usr/local/include/x86_64-linux-gnu"]
  ignore line: [ignoring nonexistent directory "/usr/lib/gcc/x86_64-linux-gnu/13/include-fixed/x86_64-linux-gnu"]
  ignore line: [ignoring nonexistent directory "/usr/lib/gcc/x86_64-linux-gnu/13/include-fixed"]
  ignore line: [ignoring nonexistent directory "/usr/lib/gcc/x86_64-linux-gnu/13/../../../../x86_64-linux-gnu/include"]
  ignore line: [#include "..." search starts here:]
  ignore line: [#include <...> search starts here:]
  ignore line: [ /usr/lib/gcc/x86_64-linux-gnu/13/include]
  ignore line: [ /usr/local/include]
  ignore line: [ /usr/include/x86_64-linux-gnu]
  ignore line: [ /usr/include]
  ignore line: [End of search list.]
  ignore line: [Compiler executable checksum: 38987c28e967c64056a6454abdef726e]
  ignore line: [COLLECT_GCC_OPTIONS='-fopenmp' '-v' '-o' 'CMakeFiles/cmTC_fa238.dir/OpenMPTryFlag.c.o' '-c' '-mtune=generic' '-march=x86-64' '-pthread' '-dumpdir' 'CMakeFiles/cmTC_fa238.dir/']
  ignore line: [ as -v --64 -o CMakeFiles/cmTC_fa238.dir/OpenMPTryFlag.c.o /tmp/ccpnHMmt.s]
  ignore line: [GNU assembler version 2.42 (x86_64-linux-gnu) using BFD version (GNU Binutils for Ubuntu) 2.42]
  ignore line: [COMPILER_PATH=/usr/libexec/gcc/x86_64-linux-gnu/13/:/usr/libexec/gcc/x86_64-linux-gnu/13/:/usr/libexec/gcc/x86_64-linux-gnu/:/usr/lib/gcc/x86_64-linux-gnu/13/:/usr/lib/gcc/x86_64-linux-gnu/]
  ignore line: [LIBRARY_PATH=/usr/lib/gcc/x86_64-linux-gnu/13/:/usr/lib/gcc/x86_64-linux-gnu/13/../../../x86_64-linux-gnu/:/usr/lib/gcc/x86_64-linux-gnu/13/../../../../lib/:/lib/x86_64-linux-gnu/:/lib/../lib/:/usr/lib/x86_64-linux-gnu/:/usr/lib/../lib/:/usr/lib/gcc/x86_64-linux-gnu/13/../../../:/lib/:/usr/lib/]
  ignore line: [COLLECT_GCC_OPTIONS='-fopenmp' '-v' '-o' 'CMakeFiles/cmTC_fa238.dir/OpenMPTryFlag.c.o' '-c' '-mtune=generic' '-march=x86-64' '-pthread' '-dumpdir' 'CMakeFiles/cmTC_fa238.dir/OpenMPTryFlag.c.']
  ignore line: [Linking C executable cmTC_fa238]
  ignore line: [/usr/bin/cmake -E cmake_link_script CMakeFiles/cmTC_fa238.dir/link.txt --verbose=1]
  ignore line: [/usr/bin/cc  -fopenmp -v CMakeFiles/cmTC_fa238.dir/OpenMPTryFlag.c.o -o cmTC_fa238  -v ]
  ignore line: [Using built-in specs.]
  ignore line: [COLLECT_GCC=/usr/bin/cc]
  ignore line: [COLLECT_LTO_WRAPPER=/usr/libexec/gcc/x86_64-linux-gnu/13/lto-wrapper]
  ignore line: [OFFLOAD_TARGET_NAMES=nvptx-none:amdgcn-amdhsa]
  ignore line: [OFFLOAD_TARGET_DEFAULT=1]
  ignore line: [Target: x86_64-linux-gnu]
  ignore line: [Configured with: ../src/configure -v --with-pkgversion='Ubuntu 13.3.0-6ubuntu2~24.04' --with-bugurl=file:///usr/share/doc/gcc-13/README.Bugs --enable-languages=c ada c++ go d fortran objc obj-c++ m2 --prefix=/usr --with-gcc-major-version-only --program-suffix=-13 --program-prefix=x86_64-linux-gnu- --enable-shared --enable-linker-build-id --libexecdir=/usr/libexec --without-included-gettext --enable-threads=posix --libdir=/usr/lib --enable-nls --enable-bootstrap --enable-clocale=gnu --enable-libstdcxx-debug --enable-libstdcxx-time=yes --with-default-libstdcxx-abi=new --enable-libstdcxx-backtrace --enable-gnu-unique-object --disable-vtable-verify --enable-plugin --enable-default-pie --with-system-zlib --enable-libphobos-checking=release --with-target-system-zlib=auto --enable-objc-gc=auto --enable-multiarch --disable-werror --enable-cet --with-arch-32=i686 --with-abi=m64 --with-multilib-list=m32 m64 mx32 --enable-multilib --with-tune=generic --enable-offload-targets=nvptx-none=/build/gcc-13-fG75Ri/gcc-13-13.3.0/debian/tmp-nvptx/usr amdgcn-amdhsa=/build/gcc-13-fG75Ri/gcc-13-13.3.0/debian/tmp-gcn/usr --enable-offload-defaulted --without-cuda-driver --enable-checking=release --build=x86_64-linux-gnu --host=x86_64-linux-gnu --target=x86_64-linux-gnu --with-build-config=bootstrap-lto-lean --enable-link-serialization=2]
  ignore line: [Thread model: posix]
  ignore line: [Supported LTO compression algorithms: zlib zstd]
  ignore line: [gcc version 13.3.0 (Ubuntu 13.3.0-6ubuntu2~24.04) ]
  ignore line: [COMPILER_PATH=/usr/libexec/gcc/x86_64-linux-gnu/13/:/usr/libexec/gcc/x86_64-linux-gnu/13/:/usr/libexec/gcc/x86_64-linux-gnu/:/usr/lib/gcc/x86_64-linux-gnu/13/:/usr/lib/gcc/x86_64-linux-gnu/]
  ignore line: [LIBRARY_PATH=/usr/lib/gcc/x86_64-linux-gnu/13/:/usr/lib/gcc/x86_64-linux-gnu/13/../../../x86_64-linux-gnu/:/usr/lib/gcc/x86_64-linux-gnu/13/../../../../lib/:/lib/x86_64-linux-gnu/:/lib/../lib/:/usr/lib/x86_64-linux-gnu/:/usr/lib/../lib/:/usr/lib/gcc/x86_64-linux-gnu/13/../../../:/lib/:/usr/lib/]
  ignore line: [Reading specs from /usr/lib/gcc/x86_64-linux-gnu/13/libgomp.spec]
  ignore line: [COLLECT_GCC_OPTIONS='-fopenmp' '-v' '-o' 'cmTC_fa238' '-v' '-mtune=generic' '-march=x86-64' '-pthread' '-dumpdir' 'cmTC_fa238.']
  link line: [ /usr/libexec/gcc/x86_64-linux-gnu/13/collect2 -plugin /usr/libexec/gcc/x86_64-linux-gnu/13/liblto_plugin.so -plugin-opt=/usr/libexec/gcc/x86_64-linux-gnu/13/lto-wrapper -plugin-opt=-fresolution=/tmp/ccHqGTSw.res -plugin-opt=-pass-through=-lgcc -plugin-opt=-pass-through=-lgcc_s -plugin-opt=-pass-through=-lpthread -plugin-opt=-pass-through=-lc -plugin-opt=-pass-through=-lgcc -plugin-opt=-pass-through=-lgcc_s --build-id --eh-frame-hdr -m elf_x86_64 --hash-style=gnu --as-needed -dynamic-linker /lib64/ld-linux-x86-64.so.2 -pie -z now -z relro -o cmTC_fa238 /usr/lib/gcc/x86_64-linux-gnu/13/../../../x86_64-linux-gnu/Scrt1.o /usr/lib/gcc/x86_64-linux-gnu/13/../../../x86_64-linux-gnu/crti.o /usr/lib/gcc/x86_64-linux-gnu/13/crtbeginS.o /usr/lib/gcc/x86_64-linux-gnu/13/crtoffloadbegin.o -L/usr/lib/gcc/x86_64-linux-gnu/13 -L/usr/lib/gcc/x86_64-linux-gnu/13/../../../x86_64-linux-gnu -L/usr/lib/gcc/x86_64-linux-gnu/13/../../../../lib -L/lib/x86_64-linux-gnu -L/lib/../lib -L/usr/lib/x86_64-linux-gnu -L/usr/lib/../lib -L/usr/lib/gcc/x86_64-linux-gnu/13/../../.. CMakeFiles/cmTC_fa238.dir/OpenMPTryFlag.c.o -lgomp -lgcc --push-state --as-needed -lgcc_s --pop-state -lpthread -lc -lgcc --push-state --as-needed -lgcc_s --pop-state /usr/lib/gcc/x86_64-linux-gnu/13/crtendS.o /usr/lib/gcc/x86_64-linux-gnu/13/../../../x86_64-linux-gnu/crtn.o /usr/lib/gcc/x86_64-linux-gnu/13/crtoffloadend.o]
    arg [/usr/libexec/gcc/x86_64-linux-gnu/13/collect2] ==> ignore
    arg [-plugin] ==> ignore
    arg [/usr/libexec/gcc/x86_64-linux-gnu/13/liblto_plugin.so] ==> ignore
    arg [-plugin-opt=/usr/libexec/gcc/x86_64-linux-gnu/13/lto-wrapper] ==> ignore
    arg [-plugin-opt=-fresolution=/tmp/ccHqGTSw.res] ==> ignore
    arg [-plugin-opt=-pass-through=-lgcc] ==> ignore
    arg [-plugin-opt=-pass-through=-lgcc_s] ==> ignore
    arg [-plugin-opt=-pass-through=-lpthread] ==> ignore
    arg [-plugin-opt=-pass-through=-lc] ==> ignore
    arg [-plugin-opt=-pass-through=-lgcc] ==> ignore
    arg [-plugin-opt=-pass-through=-lgcc_s] ==> ignore
    arg [--build-id] ==> ignore
    arg [--eh-frame-hdr] ==> ignore
    arg [-m] ==> ignore
    arg [elf_x86_64] ==> ignore
    arg [--hash-style=gnu] ==> ignore
    arg [--as-needed] ==> ignore
    arg [-dynamic-linker] ==> ignore
    arg [/lib64/ld-linux-x86-64.so.2] ==> ignore
    arg [-pie] ==> ignore
    arg [-znow] ==> ignore
    arg [-zrelro] ==> ignore
    arg [-o] ==> ignore
    arg [cmTC_fa238] ==> ignore
    arg [-L/usr/lib/gcc/x86_64-linux-gnu/13] ==> dir [/usr/lib/gcc/x86_64-linux-gnu/13]
    arg [-L/usr/lib/gcc/x86_64-linux-gnu/13/../../../x86_64-linux-gnu] ==> dir [/usr/lib/gcc/x86_64-linux-gnu/13/../../../x86_64-linux-gnu]
    arg [-L/usr/lib/gcc/x86_64-linux-gnu/13/../../../../lib] ==> dir [/usr/lib/gcc/x86_64-linux-gnu/13/../../../../lib]
    arg [-L/lib/x86_64-linux-gnu] ==> dir [/lib/x86_64-linux-gnu]
    arg [-L/lib/../lib] ==> dir [/lib/../lib]
    arg [-L/usr/lib/x86_64-linux-gnu] ==> dir [/usr/lib/x86_64-linux-gnu]
    arg [-L/usr/lib/../lib] ==> dir [/usr/lib/../lib]
    arg [-L/usr/lib/gcc/x86_64-linux-gnu/13/../../..] ==> dir [/usr/lib/gcc/x86_64-linux-gnu/13/../../..]
    arg [CMakeFiles/cmTC_fa238.dir/OpenMPTryFlag.c.o] ==> ignore
    arg [-lgomp] ==> lib [gomp]
    arg [-lgcc] ==> lib [gcc]
    arg [--push-state] ==> ignore
    arg [--as-needed] ==> ignore
    arg [-lgcc_s] ==> lib [gcc_s]
    arg [--pop-state] ==> ignore
    arg [-lpthread] ==> lib [pthread]
    arg [-lc] ==> lib [c]
    arg [-lgcc] ==> lib [gcc]
    arg [--push-state] ==> ignore
    arg [--as-needed] ==> ignore
    arg [-lgcc_s] ==> lib [gcc_s]
    arg [--pop-state] ==> ignore
  collapse library dir [/usr/lib/gcc/x86_64-linux-gnu/13] ==> [/usr/lib/gcc/x86_64-linux-gnu/13]
  collapse library dir [/usr/lib/gcc/x86_64-linux-gnu/13/../../../x86_64-linux-gnu] ==> [/usr/lib/x86_64-linux-gnu]
  collapse library dir [/usr/lib/gcc/x86_64-linux-gnu/13/../../../../lib] ==> [/usr/lib]
  collapse library dir [/lib/x86_64-linux-gnu] ==> [/lib/x86_64-linux-gnu]
  collapse library dir [/lib/../lib] ==> [/lib]
  collapse library dir [/usr/lib/x86_64-linux-gnu] ==> [/usr/lib/x86_64-linux-gnu]
  collapse library dir [/usr/lib/../lib] ==> [/usr/lib]
  collapse library dir [/usr/lib/gcc/x86_64-linux-gnu/13/../../..] ==> [/usr/lib]
  implicit libs: [gomp;gcc;gcc_s;pthread;c;gcc;gcc_s]
  implicit objs: []
  implicit dirs: [/usr/lib/gcc/x86_64-linux-gnu/13;/usr/lib/x86_64-linux-gnu;/usr/lib;/lib/x86_64-linux-gnu;/lib]
  implicit fwks: []


Detecting CXX OpenMP compiler ABI info compiled with the following output:
Change Dir: '/home/yuanyan/LIO-SAM-ros2/build/lio_sam/CMakeFiles/CMakeTmp'

Run Build Command(s): /usr/bin/cmake -E env VERBOSE=1 /usr/bin/gmake -f Makefile cmTC_f91df/fast
/usr/bin/gmake  -f CMakeFiles/cmTC_f91df.dir/build.make CMakeFiles/cmTC_f91df.dir/build
gmake[1]: Entering directory '/home/yuanyan/LIO-SAM-ros2/build/lio_sam/CMakeFiles/CMakeTmp'
Building CXX object CMakeFiles/cmTC_f91df.dir/OpenMPTryFlag.cpp.o
/usr/bin/c++   -fopenmp -v -o CMakeFiles/cmTC_f91df.dir/OpenMPTryFlag.cpp.o -c /home/yuanyan/LIO-SAM-ros2/build/lio_sam/CMakeFiles/FindOpenMP/OpenMPTryFlag.cpp
Using built-in specs.
COLLECT_GCC=/usr/bin/c++
OFFLOAD_TARGET_NAMES=nvptx-none:amdgcn-amdhsa
OFFLOAD_TARGET_DEFAULT=1
Target: x86_64-linux-gnu
Configured with: ../src/configure -v --with-pkgversion='Ubuntu 13.3.0-6ubuntu2~24.04' --with-bugurl=file:///usr/share/doc/gcc-13/README.Bugs --enable-languages=c,ada,c++,go,d,fortran,objc,obj-c++,m2 --prefix=/usr --with-gcc-major-version-only --program-suffix=-13 --program-prefix=x86_64-linux-gnu- --enable-shared --enable-linker-build-id --libexecdir=/usr/libexec --without-included-gettext --enable-threads=posix --libdir=/usr/lib --enable-nls --enable-bootstrap --enable-clocale=gnu --enable-libstdcxx-debug --enable-libstdcxx-time=yes --with-default-libstdcxx-abi=new --enable-libstdcxx-backtrace --enable-gnu-unique-object --disable-vtable-verify --enable-plugin --enable-default-pie --with-system-zlib --enable-libphobos-checking=release --with-target-system-zlib=auto --enable-objc-gc=auto --enable-multiarch --disable-werror --enable-cet --with-arch-32=i686 --with-abi=m64 --with-multilib-list=m32,m64,mx32 --enable-multilib --with-tune=generic --enable-offload-targets=nvptx-none=/build/gcc-13-fG75Ri/gcc-13-13.3.0/debian/tmp-nvptx/usr,amdgcn-amdhsa=/build/gcc-13-fG75Ri/gcc-13-13.3.0/debian/tmp-gcn/usr --enable-offload-defaulted --without-cuda-driver --enable-checking=release --build=x86_64-linux-gnu --host=x86_64-linux-gnu --target=x86_64-linux-gnu --with-build-config=bootstrap-lto-lean --enable-link-serialization=2
Thread model: posix
Supported LTO compression algorithms: zlib zstd
gcc version 13.3.0 (Ubuntu 13.3.0-6ubuntu2~24.04) 
COLLECT_GCC_OPTIONS='-fopenmp' '-v' '-o' 'CMakeFiles/cmTC_f91df.dir/OpenMPTryFlag.cpp.o' '-c' '-shared-libgcc' '-mtune=generic' '-march=x86-64' '-pthread' '-dumpdir' 'CMakeFiles/cmTC_f91df.dir/'
 /usr/libexec/gcc/x86_64-linux-gnu/13/cc1plus -quiet -v -imultiarch x86_64-linux-gnu -D_GNU_SOURCE -D_REENTRANT /home/yuanyan/LIO-SAM-ros2/build/lio_sam/CMakeFiles/FindOpenMP/OpenMPTryFlag.cpp -quiet -dumpdir CMakeFiles/cmTC_f91df.dir/ -dumpbase OpenMPTryFlag.cpp.cpp -dumpbase-ext .cpp -mtune=generic -march=x86-64 -version -fopenmp -fasynchronous-unwind-tables -fstack-protector-strong -Wformat -Wformat-security -fstack-clash-protection -fcf-protection -o /tmp/ccqU3cns.s
GNU C++17 (Ubuntu 13.3.0-6ubuntu2~24.04) version 13.3.0 (x86_64-linux-gnu)
	compiled by GNU C version 13.3.0, GMP version 6.3.0, MPFR version 4.2.1, MPC version 1.3.1, isl version isl-0.26-GMP

GGC heuristics: --param ggc-min-expand=100 --param ggc-min-heapsize=131072
ignoring duplicate directory "/usr/include/x86_64-linux-gnu/c++/13"
ignoring nonexistent directory "/usr/local/include/x86_64-linux-gnu"
ignoring nonexistent directory "/usr/lib/gcc/x86_64-linux-gnu/13/include-fixed/x86_64-linux-gnu"
ignoring nonexistent directory "/usr/lib/gcc/x86_64-linux-gnu/13/include-fixed"
ignoring nonexistent directory "/usr/lib/gcc/x86_64-linux-gnu/13/../../../../x86_64-linux-gnu/include"
#include "..." search starts here:
#include <...> search starts here:
 /usr/include/c++/13
 /usr/include/x86_64-linux-gnu/c++/13
 /usr/include/c++/13/backward
 /usr/lib/gcc/x86_64-linux-gnu/13/include
 /usr/local/include
 /usr/include/x86_64-linux-gnu
 /usr/include
End of search list.
Compiler executable checksum: c81c05345ce537099dafd5580045814a
COLLECT_GCC_OPTIONS='-fopenmp' '-v' '-o' 'CMakeFiles/cmTC_f91df.dir/OpenMPTryFlag.cpp.o' '-c' '-shared-libgcc' '-mtune=generic' '-march=x86-64' '-pthread' '-dumpdir' 'CMakeFiles/cmTC_f91df.dir/'
 as -v --64 -o CMakeFiles/cmTC_f91df.dir/OpenMPTryFlag.cpp.o /tmp/ccqU3cns.s
GNU assembler version 2.42 (x86_64-linux-gnu) using BFD version (GNU Binutils for Ubuntu) 2.42
COMPILER_PATH=/usr/libexec/gcc/x86_64-linux-gnu/13/:/usr/libexec/gcc/x86_64-linux-gnu/13/:/usr/libexec/gcc/x86_64-linux-gnu/:/usr/lib/gcc/x86_64-linux-gnu/13/:/usr/lib/gcc/x86_64-linux-gnu/
LIBRARY_PATH=/usr/lib/gcc/x86_64-linux-gnu/13/:/usr/lib/gcc/x86_64-linux-gnu/13/../../../x86_64-linux-gnu/:/usr/lib/gcc/x86_64-linux-gnu/13/../../../../lib/:/lib/x86_64-linux-gnu/:/lib/../lib/:/usr/lib/x86_64-linux-gnu/:/usr/lib/../lib/:/usr/lib/gcc/x86_64-linux-gnu/13/../../../:/lib/:/usr/lib/
COLLECT_GCC_OPTIONS='-fopenmp' '-v' '-o' 'CMakeFiles/cmTC_f91df.dir/OpenMPTryFlag.cpp.o' '-c' '-shared-libgcc' '-mtune=generic' '-march=x86-64' '-pthread' '-dumpdir' 'CMakeFiles/cmTC_f91df.dir/OpenMPTryFlag.cpp.'
Linking CXX executable cmTC_f91df
/usr/bin/cmake -E cmake_link_script CMakeFiles/cmTC_f91df.dir/link.txt --verbose=1
/usr/bin/c++  -fopenmp -v CMakeFiles/cmTC_f91df.dir/OpenMPTryFlag.cpp.o -o cmTC_f91df  -v 
Using built-in specs.
COLLECT_GCC=/usr/bin/c++
COLLECT_LTO_WRAPPER=/usr/libexec/gcc/x86_64-linux-gnu/13/lto-wrapper
OFFLOAD_TARGET_NAMES=nvptx-none:amdgcn-amdhsa
OFFLOAD_TARGET_DEFAULT=1
Target: x86_64-linux-gnu
Configured with: ../src/configure -v --with-pkgversion='Ubuntu 13.3.0-6ubuntu2~24.04' --with-bugurl=file:///usr/share/doc/gcc-13/README.Bugs --enable-languages=c,ada,c++,go,d,fortran,objc,obj-c++,m2 --prefix=/usr --with-gcc-major-version-only --program-suffix=-13 --program-prefix=x86_64-linux-gnu- --enable-shared --enable-linker-build-id --libexecdir=/usr/libexec --without-included-gettext --enable-threads=posix --libdir=/usr/lib --enable-nls --enable-bootstrap --enable-clocale=gnu --enable-libstdcxx-debug --enable-libstdcxx-time=yes --with-default-libstdcxx-abi=new --enable-libstdcxx-backtrace --enable-gnu-unique-object --disable-vtable-verify --enable-plugin --enable-default-pie --with-system-zlib --enable-libphobos-checking=release --with-target-system-zlib=auto --enable-objc-gc=auto --enable-multiarch --disable-werror --enable-cet --with-arch-32=i686 --with-abi=m64 --with-multilib-list=m32,m64,mx32 --enable-multilib --with-tune=generic --enable-offload-targets=nvptx-none=/build/gcc-13-fG75Ri/gcc-13-13.3.0/debian/tmp-nvptx/usr,amdgcn-amdhsa=/build/gcc-13-fG75Ri/gcc-13-13.3.0/debian/tmp-gcn/usr --enable-offload-defaulted --without-cuda-driver --enable-checking=release --build=x86_64-linux-gnu --host=x86_64-linux-gnu --target=x86_64-linux-gnu --with-build-config=bootstrap-lto-lean --enable-link-serialization=2
Thread model: posix
Supported LTO compression algorithms: zlib zstd
gcc version 13.3.0 (Ubuntu 13.3.0-6ubuntu2~24.04) 
COMPILER_PATH=/usr/libexec/gcc/x86_64-linux-gnu/13/:/usr/libexec/gcc/x86_64-linux-gnu/13/:/usr/libexec/gcc/x86_64-linux-gnu/:/usr/lib/gcc/x86_64-linux-gnu/13/:/usr/lib/gcc/x86_64-linux-gnu/
LIBRARY_PATH=/usr/lib/gcc/x86_64-linux-gnu/13/:/usr/lib/gcc/x86_64-linux-gnu/13/../../../x86_64-linux-gnu/:/usr/lib/gcc/x86_64-linux-gnu/13/../../../../lib/:/lib/x86_64-linux-gnu/:/lib/../lib/:/usr/lib/x86_64-linux-gnu/:/usr/lib/../lib/:/usr/lib/gcc/x86_64-linux-gnu/13/../../../:/lib/:/usr/lib/
Reading specs from /usr/lib/gcc/x86_64-linux-gnu/13/libgomp.spec
COLLECT_GCC_OPTIONS='-fopenmp' '-v' '-o' 'cmTC_f91df' '-v' '-shared-libgcc' '-mtune=generic' '-march=x86-64' '-pthread' '-dumpdir' 'cmTC_f91df.'
 /usr/libexec/gcc/x86_64-linux-gnu/13/collect2 -plugin /usr/libexec/gcc/x86_64-linux-gnu/13/liblto_plugin.so -plugin-opt=/usr/libexec/gcc/x86_64-linux-gnu/13/lto-wrapper -plugin-opt=-fresolution=/tmp/ccl5xQUZ.res -plugin-opt=-pass-through=-lgcc_s -plugin-opt=-pass-through=-lgcc -plugin-opt=-pass-through=-lpthread -plugin-opt=-pass-through=-lc -plugin-opt=-pass-through=-lgcc_s -plugin-opt=-pass-through=-lgcc --build-id --eh-frame-hdr -m elf_x86_64 --hash-style=gnu --as-needed -dynamic-linker /lib64/ld-linux-x86-64.so.2 -pie -z now -z relro -o cmTC_f91df /usr/lib/gcc/x86_64-linux-gnu/13/../../../x86_64-linux-gnu/Scrt1.o /usr/lib/gcc/x86_64-linux-gnu/13/../../../x86_64-linux-gnu/crti.o /usr/lib/gcc/x86_64-linux-gnu/13/crtbeginS.o /usr/lib/gcc/x86_64-linux-gnu/13/crtoffloadbegin.o -L/usr/lib/gcc/x86_64-linux-gnu/13 -L/usr/lib/gcc/x86_64-linux-gnu/13/../../../x86_64-linux-gnu -L/usr/lib/gcc/x86_64-linux-gnu/13/../../../../lib -L/lib/x86_64-linux-gnu -L/lib/../lib -L/usr/lib/x86_64-linux-gnu -L/usr/lib/../lib -L/usr/lib/gcc/x86_64-linux-gnu/13/../../.. CMakeFiles/cmTC_f91df.dir/OpenMPTryFlag.cpp.o -lstdc++ -lm -lgomp -lgcc_s -lgcc -lpthread -lc -lgcc_s -lgcc /usr/lib/gcc/x86_64-linux-gnu/13/crtendS.o /usr/lib/gcc/x86_64-linux-gnu/13/../../../x86_64-linux-gnu/crtn.o /usr/lib/gcc/x86_64-linux-gnu/13/crtoffloadend.o
COLLECT_GCC_OPTIONS='-fopenmp' '-v' '-o' 'cmTC_f91df' '-v' '-shared-libgcc' '-mtune=generic' '-march=x86-64' '-pthread' '-dumpdir' 'cmTC_f91df.'
gmake[1]: Leaving directory '/home/yuanyan/LIO-SAM-ros2/build/lio_sam/CMakeFiles/CMakeTmp'



Parsed CXX OpenMP implicit link information from above output:
  link line regex: [^( *|.*[/\])(ld|CMAKE_LINK_STARTFILE-NOTFOUND|([^/\]+-)?ld|collect2)[^/\]*( |$)]
  ignore line: [Change Dir: '/home/yuanyan/LIO-SAM-ros2/build/lio_sam/CMakeFiles/CMakeTmp']
  ignore line: []
  ignore line: [Run Build Command(s): /usr/bin/cmake -E env VERBOSE=1 /usr/bin/gmake -f Makefile cmTC_f91df/fast]
  ignore line: [/usr/bin/gmake  -f CMakeFiles/cmTC_f91df.dir/build.make CMakeFiles/cmTC_f91df.dir/build]
  ignore line: [gmake[1]: Entering directory '/home/yuanyan/LIO-SAM-ros2/build/lio_sam/CMakeFiles/CMakeTmp']
  ignore line: [Building CXX object CMakeFiles/cmTC_f91df.dir/OpenMPTryFlag.cpp.o]
  ignore line: [/usr/bin/c++   -fopenmp -v -o CMakeFiles/cmTC_f91df.dir/OpenMPTryFlag.cpp.o -c /home/yuanyan/LIO-SAM-ros2/build/lio_sam/CMakeFiles/FindOpenMP/OpenMPTryFlag.cpp]
  ignore line: [Using built-in specs.]
  ignore line: [COLLECT_GCC=/usr/bin/c++]
  ignore line: [OFFLOAD_TARGET_NAMES=nvptx-none:amdgcn-amdhsa]
  ignore line: [OFFLOAD_TARGET_DEFAULT=1]
  ignore line: [Target: x86_64-linux-gnu]
  ignore line: [Configured with: ../src/configure -v --with-pkgversion='Ubuntu 13.3.0-6ubuntu2~24.04' --with-bugurl=file:///usr/share/doc/gcc-13/README.Bugs --enable-languages=c ada c++ go d fortran objc obj-c++ m2 --prefix=/usr --with-gcc-major-version-only --program-suffix=-13 --program-prefix=x86_64-linux-gnu- --enable-shared --enable-linker-build-id --libexecdir=/usr/libexec --without-included-gettext --enable-threads=posix --libdir=/usr/lib --enable-nls --enable-bootstrap --enable-clocale=gnu --enable-libstdcxx-debug --enable-libstdcxx-time=yes --with-default-libstdcxx-abi=new --enable-libstdcxx-backtrace --enable-gnu-unique-object --disable-vtable-verify --enable-plugin --enable-default-pie --with-system-zlib --enable-libphobos-checking=release --with-target-system-zlib=auto --enable-objc-gc=auto --enable-multiarch --disable-werror --enable-cet --with-arch-32=i686 --with-abi=m64 --with-multilib-list=m32 m64 mx32 --enable-multilib --with-tune=generic --enable-offload-targets=nvptx-none=/build/gcc-13-fG75Ri/gcc-13-13.3.0/debian/tmp-nvptx/usr amdgcn-amdhsa=/build/gcc-13-fG75Ri/gcc-13-13.3.0/debian/tmp-gcn/usr --enable-offload-defaulted --without-cuda-driver --enable-checking=release --build=x86_64-linux-gnu --host=x86_64-linux-gnu --target=x86_64-linux-gnu --with-build-config=bootstrap-lto-lean --enable-link-serialization=2]
  ignore line: [Thread model: posix]
  ignore line: [Supported LTO compression algorithms: zlib zstd]
  ignore line: [gcc version 13.3.0 (Ubuntu 13.3.0-6ubuntu2~24.04) ]
  ignore line: [COLLECT_GCC_OPTIONS='-fopenmp' '-v' '-o' 'CMakeFiles/cmTC_f91df.dir/OpenMPTryFlag.cpp.o' '-c' '-shared-libgcc' '-mtune=generic' '-march=x86-64' '-pthread' '-dumpdir' 'CMakeFiles/cmTC_f91df.dir/']
  ignore line: [ /usr/libexec/gcc/x86_64-linux-gnu/13/cc1plus -quiet -v -imultiarch x86_64-linux-gnu -D_GNU_SOURCE -D_REENTRANT /home/yuanyan/LIO-SAM-ros2/build/lio_sam/CMakeFiles/FindOpenMP/OpenMPTryFlag.cpp -quiet -dumpdir CMakeFiles/cmTC_f91df.dir/ -dumpbase OpenMPTryFlag.cpp.cpp -dumpbase-ext .cpp -mtune=generic -march=x86-64 -version -fopenmp -fasynchronous-unwind-tables -fstack-protector-strong -Wformat -Wformat-security -fstack-clash-protection -fcf-protection -o /tmp/ccqU3cns.s]
  ignore line: [GNU C++17 (Ubuntu 13.3.0-6ubuntu2~24.04) version 13.3.0 (x86_64-linux-gnu)]
  ignore line: [	compiled by GNU C version 13.3.0  GMP version 6.3.0  MPFR version 4.2.1  MPC version 1.3.1  isl version isl-0.26-GMP]
  ignore line: []
  ignore line: [GGC heuristics: --param ggc-min-expand=100 --param ggc-min-heapsize=131072]
  ignore line: [ignoring duplicate directory "/usr/include/x86_64-linux-gnu/c++/13"]
  ignore line: [ignoring nonexistent directory "/usr/local/include/x86_64-linux-gnu"]
  ignore line: [ignoring nonexistent directory "/usr/lib/gcc/x86_64-linux-gnu/13/include-fixed/x86_64-linux-gnu"]
  ignore line: [ignoring nonexistent directory "/usr/lib/gcc/x86_64-linux-gnu/13/include-fixed"]
  ignore line: [ignoring nonexistent directory "/usr/lib/gcc/x86_64-linux-gnu/13/../../../../x86_64-linux-gnu/include"]
  ignore line: [#include "..." search starts here:]
  ignore line: [#include <...> search starts here:]
  ignore line: [ /usr/include/c++/13]
  ignore line: [ /usr/include/x86_64-linux-gnu/c++/13]
  ignore line: [ /usr/include/c++/13/backward]
  ignore line: [ /usr/lib/gcc/x86_64-linux-gnu/13/include]
  ignore line: [ /usr/local/include]
  ignore line: [ /usr/include/x86_64-linux-gnu]
  ignore line: [ /usr/include]
  ignore line: [End of search list.]
  ignore line: [Compiler executable checksum: c81c05345ce537099dafd5580045814a]
  ignore line: [COLLECT_GCC_OPTIONS='-fopenmp' '-v' '-o' 'CMakeFiles/cmTC_f91df.dir/OpenMPTryFlag.cpp.o' '-c' '-shared-libgcc' '-mtune=generic' '-march=x86-64' '-pthread' '-dumpdir' 'CMakeFiles/cmTC_f91df.dir/']
  ignore line: [ as -v --64 -o CMakeFiles/cmTC_f91df.dir/OpenMPTryFlag.cpp.o /tmp/ccqU3cns.s]
  ignore line: [GNU assembler version 2.42 (x86_64-linux-gnu) using BFD version (GNU Binutils for Ubuntu) 2.42]
  ignore line: [COMPILER_PATH=/usr/libexec/gcc/x86_64-linux-gnu/13/:/usr/libexec/gcc/x86_64-linux-gnu/13/:/usr/libexec/gcc/x86_64-linux-gnu/:/usr/lib/gcc/x86_64-linux-gnu/13/:/usr/lib/gcc/x86_64-linux-gnu/]
  ignore line: [LIBRARY_PATH=/usr/lib/gcc/x86_64-linux-gnu/13/:/usr/lib/gcc/x86_64-linux-gnu/13/../../../x86_64-linux-gnu/:/usr/lib/gcc/x86_64-linux-gnu/13/../../../../lib/:/lib/x86_64-linux-gnu/:/lib/../lib/:/usr/lib/x86_64-linux-gnu/:/usr/lib/../lib/:/usr/lib/gcc/x86_64-linux-gnu/13/../../../:/lib/:/usr/lib/]
  ignore line: [COLLECT_GCC_OPTIONS='-fopenmp' '-v' '-o' 'CMakeFiles/cmTC_f91df.dir/OpenMPTryFlag.cpp.o' '-c' '-shared-libgcc' '-mtune=generic' '-march=x86-64' '-pthread' '-dumpdir' 'CMakeFiles/cmTC_f91df.dir/OpenMPTryFlag.cpp.']
  ignore line: [Linking CXX executable cmTC_f91df]
  ignore line: [/usr/bin/cmake -E cmake_link_script CMakeFiles/cmTC_f91df.dir/link.txt --verbose=1]
  ignore line: [/usr/bin/c++  -fopenmp -v CMakeFiles/cmTC_f91df.dir/OpenMPTryFlag.cpp.o -o cmTC_f91df  -v ]
  ignore line: [Using built-in specs.]
  ignore line: [COLLECT_GCC=/usr/bin/c++]
  ignore line: [COLLECT_LTO_WRAPPER=/usr/libexec/gcc/x86_64-linux-gnu/13/lto-wrapper]
  ignore line: [OFFLOAD_TARGET_NAMES=nvptx-none:amdgcn-amdhsa]
  ignore line: [OFFLOAD_TARGET_DEFAULT=1]
  ignore line: [Target: x86_64-linux-gnu]
  ignore line: [Configured with: ../src/configure -v --with-pkgversion='Ubuntu 13.3.0-6ubuntu2~24.04' --with-bugurl=file:///usr/share/doc/gcc-13/README.Bugs --enable-languages=c ada c++ go d fortran objc obj-c++ m2 --prefix=/usr --with-gcc-major-version-only --program-suffix=-13 --program-prefix=x86_64-linux-gnu- --enable-shared --enable-linker-build-id --libexecdir=/usr/libexec --without-included-gettext --enable-threads=posix --libdir=/usr/lib --enable-nls --enable-bootstrap --enable-clocale=gnu --enable-libstdcxx-debug --enable-libstdcxx-time=yes --with-default-libstdcxx-abi=new --enable-libstdcxx-backtrace --enable-gnu-unique-object --disable-vtable-verify --enable-plugin --enable-default-pie --with-system-zlib --enable-libphobos-checking=release --with-target-system-zlib=auto --enable-objc-gc=auto --enable-multiarch --disable-werror --enable-cet --with-arch-32=i686 --with-abi=m64 --with-multilib-list=m32 m64 mx32 --enable-multilib --with-tune=generic --enable-offload-targets=nvptx-none=/build/gcc-13-fG75Ri/gcc-13-13.3.0/debian/tmp-nvptx/usr amdgcn-amdhsa=/build/gcc-13-fG75Ri/gcc-13-13.3.0/debian/tmp-gcn/usr --enable-offload-defaulted --without-cuda-driver --enable-checking=release --build=x86_64-linux-gnu --host=x86_64-linux-gnu --target=x86_64-linux-gnu --with-build-config=bootstrap-lto-lean --enable-link-serialization=2]
  ignore line: [Thread model: posix]
  ignore line: [Supported LTO compression algorithms: zlib zstd]
  ignore line: [gcc version 13.3.0 (Ubuntu 13.3.0-6ubuntu2~24.04) ]
  ignore line: [COMPILER_PATH=/usr/libexec/gcc/x86_64-linux-gnu/13/:/usr/libexec/gcc/x86_64-linux-gnu/13/:/usr/libexec/gcc/x86_64-linux-gnu/:/usr/lib/gcc/x86_64-linux-gnu/13/:/usr/lib/gcc/x86_64-linux-gnu/]
  ignore line: [LIBRARY_PATH=/usr/lib/gcc/x86_64-linux-gnu/13/:/usr/lib/gcc/x86_64-linux-gnu/13/../../../x86_64-linux-gnu/:/usr/lib/gcc/x86_64-linux-gnu/13/../../../../lib/:/lib/x86_64-linux-gnu/:/lib/../lib/:/usr/lib/x86_64-linux-gnu/:/usr/lib/../lib/:/usr/lib/gcc/x86_64-linux-gnu/13/../../../:/lib/:/usr/lib/]
  ignore line: [Reading specs from /usr/lib/gcc/x86_64-linux-gnu/13/libgomp.spec]
  ignore line: [COLLECT_GCC_OPTIONS='-fopenmp' '-v' '-o' 'cmTC_f91df' '-v' '-shared-libgcc' '-mtune=generic' '-march=x86-64' '-pthread' '-dumpdir' 'cmTC_f91df.']
  link line: [ /usr/libexec/gcc/x86_64-linux-gnu/13/collect2 -plugin /usr/libexec/gcc/x86_64-linux-gnu/13/liblto_plugin.so -plugin-opt=/usr/libexec/gcc/x86_64-linux-gnu/13/lto-wrapper -plugin-opt=-fresolution=/tmp/ccl5xQUZ.res -plugin-opt=-pass-through=-lgcc_s -plugin-opt=-pass-through=-lgcc -plugin-opt=-pass-through=-lpthread -plugin-opt=-pass-through=-lc -plugin-opt=-pass-through=-lgcc_s -plugin-opt=-pass-through=-lgcc --build-id --eh-frame-hdr -m elf_x86_64 --hash-style=gnu --as-needed -dynamic-linker /lib64/ld-linux-x86-64.so.2 -pie -z now -z relro -o cmTC_f91df /usr/lib/gcc/x86_64-linux-gnu/13/../../../x86_64-linux-gnu/Scrt1.o /usr/lib/gcc/x86_64-linux-gnu/13/../../../x86_64-linux-gnu/crti.o /usr/lib/gcc/x86_64-linux-gnu/13/crtbeginS.o /usr/lib/gcc/x86_64-linux-gnu/13/crtoffloadbegin.o -L/usr/lib/gcc/x86_64-linux-gnu/13 -L/usr/lib/gcc/x86_64-linux-gnu/13/../../../x86_64-linux-gnu -L/usr/lib/gcc/x86_64-linux-gnu/13/../../../../lib -L/lib/x86_64-linux-gnu -L/lib/../lib -L/usr/lib/x86_64-linux-gnu -L/usr/lib/../lib -L/usr/lib/gcc/x86_64-linux-gnu/13/../../.. CMakeFiles/cmTC_f91df.dir/OpenMPTryFlag.cpp.o -lstdc++ -lm -lgomp -lgcc_s -lgcc -lpthread -lc -lgcc_s -lgcc /usr/lib/gcc/x86_64-linux-gnu/13/crtendS.o /usr/lib/gcc/x86_64-linux-gnu/13/../../../x86_64-linux-gnu/crtn.o /usr/lib/gcc/x86_64-linux-gnu/13/crtoffloadend.o]
    arg [/usr/libexec/gcc/x86_64-linux-gnu/13/collect2] ==> ignore
    arg [-plugin] ==> ignore
    arg [/usr/libexec/gcc/x86_64-linux-gnu/13/liblto_plugin.so] ==> ignore
    arg [-plugin-opt=/usr/libexec/gcc/x86_64-linux-gnu/13/lto-wrapper] ==> ignore
    arg [-plugin-opt=-fresolution=/tmp/ccl5xQUZ.res] ==> ignore
    arg [-plugin-opt=-pass-through=-lgcc_s] ==> ignore
    arg [-plugin-opt=-pass-through=-lgcc] ==> ignore
    arg [-plugin-opt=-pass-through=-lpthread] ==> ignore
    arg [-plugin-opt=-pass-through=-lc] ==> ignore
    arg [-plugin-opt=-pass-through=-lgcc_s] ==> ignore
    arg [-plugin-opt=-pass-through=-lgcc] ==> ignore
    arg [--build-id] ==> ignore
    arg [--eh-frame-hdr] ==> ignore
    arg [-m] ==> ignore
    arg [elf_x86_64] ==> ignore
    arg [--hash-style=gnu] ==> ignore
    arg [--as-needed] ==> ignore
    arg [-dynamic-linker] ==> ignore
    arg [/lib64/ld-linux-x86-64.so.2] ==> ignore
    arg [-pie] ==> ignore
    arg [-znow] ==> ignore
    arg [-zrelro] ==> ignore
    arg [-o] ==> ignore
    arg [cmTC_f91df] ==> ignore
    arg [-L/usr/lib/gcc/x86_64-linux-gnu/13] ==> dir [/usr/lib/gcc/x86_64-linux-gnu/13]
    arg [-L/usr/lib/gcc/x86_64-linux-gnu/13/../../../x86_64-linux-gnu] ==> dir [/usr/lib/gcc/x86_64-linux-gnu/13/../../../x86_64-linux-gnu]
    arg [-L/usr/lib/gcc/x86_64-linux-gnu/13/../../../../lib] ==> dir [/usr/lib/gcc/x86_64-linux-gnu/13/../../../../lib]
    arg [-L/lib/x86_64-linux-gnu] ==> dir [/lib/x86_64-linux-gnu]
    arg [-L/lib/../lib] ==> dir [/lib/../lib]
    arg [-L/usr/lib/x86_64-linux-gnu] ==> dir [/usr/lib/x86_64-linux-gnu]
    arg [-L/usr/lib/../lib] ==> dir [/usr/lib/../lib]
    arg [-L/usr/lib/gcc/x86_64-linux-gnu/13/../../..] ==> dir [/usr/lib/gcc/x86_64-linux-gnu/13/../../..]
    arg [CMakeFiles/cmTC_f91df.dir/OpenMPTryFlag.cpp.o] ==> ignore
    arg [-lstdc++] ==> lib [stdc++]
    arg [-lm] ==> lib [m]
    arg [-lgomp] ==> lib [gomp]
    arg [-lgcc_s] ==> lib [gcc_s]
    arg [-lgcc] ==> lib [gcc]
    arg [-lpthread] ==> lib [pthread]
    arg [-lc] ==> lib [c]
    arg [-lgcc_s] ==> lib [gcc_s]
    arg [-lgcc] ==> lib [gcc]
  collapse library dir [/usr/lib/gcc/x86_64-linux-gnu/13] ==> [/usr/lib/gcc/x86_64-linux-gnu/13]
  collapse library dir [/usr/lib/gcc/x86_64-linux-gnu/13/../../../x86_64-linux-gnu] ==> [/usr/lib/x86_64-linux-gnu]
  collapse library dir [/usr/lib/gcc/x86_64-linux-gnu/13/../../../../lib] ==> [/usr/lib]
  collapse library dir [/lib/x86_64-linux-gnu] ==> [/lib/x86_64-linux-gnu]
  collapse library dir [/lib/../lib] ==> [/lib]
  collapse library dir [/usr/lib/x86_64-linux-gnu] ==> [/usr/lib/x86_64-linux-gnu]
  collapse library dir [/usr/lib/../lib] ==> [/usr/lib]
  collapse library dir [/usr/lib/gcc/x86_64-linux-gnu/13/../../..] ==> [/usr/lib]
  implicit libs: [stdc++;m;gomp;gcc_s;gcc;pthread;c;gcc_s;gcc]
  implicit objs: []
  implicit dirs: [/usr/lib/gcc/x86_64-linux-gnu/13;/usr/lib/x86_64-linux-gnu;/usr/lib;/lib/x86_64-linux-gnu;/lib]
  implicit fwks: []


Detecting C OpenMP compiler ABI info compiled with the following output:
Change Dir: '/home/yuanyan/LIO-SAM-ros2/build/lio_sam/CMakeFiles/CMakeTmp'

Run Build Command(s): /usr/bin/cmake -E env VERBOSE=1 /usr/bin/gmake -f Makefile cmTC_e038f/fast
/usr/bin/gmake  -f CMakeFiles/cmTC_e038f.dir/build.make CMakeFiles/cmTC_e038f.dir/build
gmake[1]: Entering directory '/home/yuanyan/LIO-SAM-ros2/build/lio_sam/CMakeFiles/CMakeTmp'
Building C object CMakeFiles/cmTC_e038f.dir/OpenMPTryFlag.c.o
/usr/bin/cc   -fopenmp -v -o CMakeFiles/cmTC_e038f.dir/OpenMPTryFlag.c.o -c /home/yuanyan/LIO-SAM-ros2/build/lio_sam/CMakeFiles/FindOpenMP/OpenMPTryFlag.c
Using built-in specs.
COLLECT_GCC=/usr/bin/cc
OFFLOAD_TARGET_NAMES=nvptx-none:amdgcn-amdhsa
OFFLOAD_TARGET_DEFAULT=1
Target: x86_64-linux-gnu
Configured with: ../src/configure -v --with-pkgversion='Ubuntu 13.3.0-6ubuntu2~24.04' --with-bugurl=file:///usr/share/doc/gcc-13/README.Bugs --enable-languages=c,ada,c++,go,d,fortran,objc,obj-c++,m2 --prefix=/usr --with-gcc-major-version-only --program-suffix=-13 --program-prefix=x86_64-linux-gnu- --enable-shared --enable-linker-build-id --libexecdir=/usr/libexec --without-included-gettext --enable-threads=posix --libdir=/usr/lib --enable-nls --enable-bootstrap --enable-clocale=gnu --enable-libstdcxx-debug --enable-libstdcxx-time=yes --with-default-libstdcxx-abi=new --enable-libstdcxx-backtrace --enable-gnu-unique-object --disable-vtable-verify --enable-plugin --enable-default-pie --with-system-zlib --enable-libphobos-checking=release --with-target-system-zlib=auto --enable-objc-gc=auto --enable-multiarch --disable-werror --enable-cet --with-arch-32=i686 --with-abi=m64 --with-multilib-list=m32,m64,mx32 --enable-multilib --with-tune=generic --enable-offload-targets=nvptx-none=/build/gcc-13-fG75Ri/gcc-13-13.3.0/debian/tmp-nvptx/usr,amdgcn-amdhsa=/build/gcc-13-fG75Ri/gcc-13-13.3.0/debian/tmp-gcn/usr --enable-offload-defaulted --without-cuda-driver --enable-checking=release --build=x86_64-linux-gnu --host=x86_64-linux-gnu --target=x86_64-linux-gnu --with-build-config=bootstrap-lto-lean --enable-link-serialization=2
Thread model: posix
Supported LTO compression algorithms: zlib zstd
gcc version 13.3.0 (Ubuntu 13.3.0-6ubuntu2~24.04) 
COLLECT_GCC_OPTIONS='-fopenmp' '-v' '-o' 'CMakeFiles/cmTC_e038f.dir/OpenMPTryFlag.c.o' '-c' '-mtune=generic' '-march=x86-64' '-pthread' '-dumpdir' 'CMakeFiles/cmTC_e038f.dir/'
 /usr/libexec/gcc/x86_64-linux-gnu/13/cc1 -quiet -v -imultiarch x86_64-linux-gnu -D_REENTRANT /home/yuanyan/LIO-SAM-ros2/build/lio_sam/CMakeFiles/FindOpenMP/OpenMPTryFlag.c -quiet -dumpdir CMakeFiles/cmTC_e038f.dir/ -dumpbase OpenMPTryFlag.c.c -dumpbase-ext .c -mtune=generic -march=x86-64 -version -fopenmp -fasynchronous-unwind-tables -fstack-protector-strong -Wformat -Wformat-security -fstack-clash-protection -fcf-protection -o /tmp/cc8uMhnl.s
GNU C17 (Ubuntu 13.3.0-6ubuntu2~24.04) version 13.3.0 (x86_64-linux-gnu)
	compiled by GNU C version 13.3.0, GMP version 6.3.0, MPFR version 4.2.1, MPC version 1.3.1, isl version isl-0.26-GMP

GGC heuristics: --param ggc-min-expand=100 --param ggc-min-heapsize=131072
ignoring nonexistent directory "/usr/local/include/x86_64-linux-gnu"
ignoring nonexistent directory "/usr/lib/gcc/x86_64-linux-gnu/13/include-fixed/x86_64-linux-gnu"
ignoring nonexistent directory "/usr/lib/gcc/x86_64-linux-gnu/13/include-fixed"
ignoring nonexistent directory "/usr/lib/gcc/x86_64-linux-gnu/13/../../../../x86_64-linux-gnu/include"
#include "..." search starts here:
#include <...> search starts here:
 /usr/lib/gcc/x86_64-linux-gnu/13/include
 /usr/local/include
 /usr/include/x86_64-linux-gnu
 /usr/include
End of search list.
Compiler executable checksum: 38987c28e967c64056a6454abdef726e
COLLECT_GCC_OPTIONS='-fopenmp' '-v' '-o' 'CMakeFiles/cmTC_e038f.dir/OpenMPTryFlag.c.o' '-c' '-mtune=generic' '-march=x86-64' '-pthread' '-dumpdir' 'CMakeFiles/cmTC_e038f.dir/'
 as -v --64 -o CMakeFiles/cmTC_e038f.dir/OpenMPTryFlag.c.o /tmp/cc8uMhnl.s
GNU assembler version 2.42 (x86_64-linux-gnu) using BFD version (GNU Binutils for Ubuntu) 2.42
COMPILER_PATH=/usr/libexec/gcc/x86_64-linux-gnu/13/:/usr/libexec/gcc/x86_64-linux-gnu/13/:/usr/libexec/gcc/x86_64-linux-gnu/:/usr/lib/gcc/x86_64-linux-gnu/13/:/usr/lib/gcc/x86_64-linux-gnu/
LIBRARY_PATH=/usr/lib/gcc/x86_64-linux-gnu/13/:/usr/lib/gcc/x86_64-linux-gnu/13/../../../x86_64-linux-gnu/:/usr/lib/gcc/x86_64-linux-gnu/13/../../../../lib/:/lib/x86_64-linux-gnu/:/lib/../lib/:/usr/lib/x86_64-linux-gnu/:/usr/lib/../lib/:/usr/lib/gcc/x86_64-linux-gnu/13/../../../:/lib/:/usr/lib/
COLLECT_GCC_OPTIONS='-fopenmp' '-v' '-o' 'CMakeFiles/cmTC_e038f.dir/OpenMPTryFlag.c.o' '-c' '-mtune=generic' '-march=x86-64' '-pthread' '-dumpdir' 'CMakeFiles/cmTC_e038f.dir/OpenMPTryFlag.c.'
Linking C executable cmTC_e038f
/usr/bin/cmake -E cmake_link_script CMakeFiles/cmTC_e038f.dir/link.txt --verbose=1
/usr/bin/cc  -fopenmp -v CMakeFiles/cmTC_e038f.dir/OpenMPTryFlag.c.o -o cmTC_e038f  -v 
Using built-in specs.
COLLECT_GCC=/usr/bin/cc
COLLECT_LTO_WRAPPER=/usr/libexec/gcc/x86_64-linux-gnu/13/lto-wrapper
OFFLOAD_TARGET_NAMES=nvptx-none:amdgcn-amdhsa
OFFLOAD_TARGET_DEFAULT=1
Target: x86_64-linux-gnu
Configured with: ../src/configure -v --with-pkgversion='Ubuntu 13.3.0-6ubuntu2~24.04' --with-bugurl=file:///usr/share/doc/gcc-13/README.Bugs --enable-languages=c,ada,c++,go,d,fortran,objc,obj-c++,m2 --prefix=/usr --with-gcc-major-version-only --program-suffix=-13 --program-prefix=x86_64-linux-gnu- --enable-shared --enable-linker-build-id --libexecdir=/usr/libexec --without-included-gettext --enable-threads=posix --libdir=/usr/lib --enable-nls --enable-bootstrap --enable-clocale=gnu --enable-libstdcxx-debug --enable-libstdcxx-time=yes --with-default-libstdcxx-abi=new --enable-libstdcxx-backtrace --enable-gnu-unique-object --disable-vtable-verify --enable-plugin --enable-default-pie --with-system-zlib --enable-libphobos-checking=release --with-target-system-zlib=auto --enable-objc-gc=auto --enable-multiarch --disable-werror --enable-cet --with-arch-32=i686 --with-abi=m64 --with-multilib-list=m32,m64,mx32 --enable-multilib --with-tune=generic --enable-offload-targets=nvptx-none=/build/gcc-13-fG75Ri/gcc-13-13.3.0/debian/tmp-nvptx/usr,amdgcn-amdhsa=/build/gcc-13-fG75Ri/gcc-13-13.3.0/debian/tmp-gcn/usr --enable-offload-defaulted --without-cuda-driver --enable-checking=release --build=x86_64-linux-gnu --host=x86_64-linux-gnu --target=x86_64-linux-gnu --with-build-config=bootstrap-lto-lean --enable-link-serialization=2
Thread model: posix
Supported LTO compression algorithms: zlib zstd
gcc version 13.3.0 (Ubuntu 13.3.0-6ubuntu2~24.04) 
COMPILER_PATH=/usr/libexec/gcc/x86_64-linux-gnu/13/:/usr/libexec/gcc/x86_64-linux-gnu/13/:/usr/libexec/gcc/x86_64-linux-gnu/:/usr/lib/gcc/x86_64-linux-gnu/13/:/usr/lib/gcc/x86_64-linux-gnu/
LIBRARY_PATH=/usr/lib/gcc/x86_64-linux-gnu/13/:/usr/lib/gcc/x86_64-linux-gnu/13/../../../x86_64-linux-gnu/:/usr/lib/gcc/x86_64-linux-gnu/13/../../../../lib/:/lib/x86_64-linux-gnu/:/lib/../lib/:/usr/lib/x86_64-linux-gnu/:/usr/lib/../lib/:/usr/lib/gcc/x86_64-linux-gnu/13/../../../:/lib/:/usr/lib/
Reading specs from /usr/lib/gcc/x86_64-linux-gnu/13/libgomp.spec
COLLECT_GCC_OPTIONS='-fopenmp' '-v' '-o' 'cmTC_e038f' '-v' '-mtune=generic' '-march=x86-64' '-pthread' '-dumpdir' 'cmTC_e038f.'
 /usr/libexec/gcc/x86_64-linux-gnu/13/collect2 -plugin /usr/libexec/gcc/x86_64-linux-gnu/13/liblto_plugin.so -plugin-opt=/usr/libexec/gcc/x86_64-linux-gnu/13/lto-wrapper -plugin-opt=-fresolution=/tmp/cc2MoZSR.res -plugin-opt=-pass-through=-lgcc -plugin-opt=-pass-through=-lgcc_s -plugin-opt=-pass-through=-lpthread -plugin-opt=-pass-through=-lc -plugin-opt=-pass-through=-lgcc -plugin-opt=-pass-through=-lgcc_s --build-id --eh-frame-hdr -m elf_x86_64 --hash-style=gnu --as-needed -dynamic-linker /lib64/ld-linux-x86-64.so.2 -pie -z now -z relro -o cmTC_e038f /usr/lib/gcc/x86_64-linux-gnu/13/../../../x86_64-linux-gnu/Scrt1.o /usr/lib/gcc/x86_64-linux-gnu/13/../../../x86_64-linux-gnu/crti.o /usr/lib/gcc/x86_64-linux-gnu/13/crtbeginS.o /usr/lib/gcc/x86_64-linux-gnu/13/crtoffloadbegin.o -L/usr/lib/gcc/x86_64-linux-gnu/13 -L/usr/lib/gcc/x86_64-linux-gnu/13/../../../x86_64-linux-gnu -L/usr/lib/gcc/x86_64-linux-gnu/13/../../../../lib -L/lib/x86_64-linux-gnu -L/lib/../lib -L/usr/lib/x86_64-linux-gnu -L/usr/lib/../lib -L/usr/lib/gcc/x86_64-linux-gnu/13/../../.. CMakeFiles/cmTC_e038f.dir/OpenMPTryFlag.c.o -lgomp -lgcc --push-state --as-needed -lgcc_s --pop-state -lpthread -lc -lgcc --push-state --as-needed -lgcc_s --pop-state /usr/lib/gcc/x86_64-linux-gnu/13/crtendS.o /usr/lib/gcc/x86_64-linux-gnu/13/../../../x86_64-linux-gnu/crtn.o /usr/lib/gcc/x86_64-linux-gnu/13/crtoffloadend.o
COLLECT_GCC_OPTIONS='-fopenmp' '-v' '-o' 'cmTC_e038f' '-v' '-mtune=generic' '-march=x86-64' '-pthread' '-dumpdir' 'cmTC_e038f.'
gmake[1]: Leaving directory '/home/yuanyan/LIO-SAM-ros2/build/lio_sam/CMakeFiles/CMakeTmp'



Parsed C OpenMP implicit link information from above output:
  link line regex: [^( *|.*[/\])(ld|CMAKE_LINK_STARTFILE-NOTFOUND|([^/\]+-)?ld|collect2)[^/\]*( |$)]
  ignore line: [Change Dir: '/home/yuanyan/LIO-SAM-ros2/build/lio_sam/CMakeFiles/CMakeTmp']
  ignore line: []
  ignore line: [Run Build Command(s): /usr/bin/cmake -E env VERBOSE=1 /usr/bin/gmake -f Makefile cmTC_e038f/fast]
  ignore line: [/usr/bin/gmake  -f CMakeFiles/cmTC_e038f.dir/build.make CMakeFiles/cmTC_e038f.dir/build]
  ignore line: [gmake[1]: Entering directory '/home/yuanyan/LIO-SAM-ros2/build/lio_sam/CMakeFiles/CMakeTmp']
  ignore line: [Building C object CMakeFiles/cmTC_e038f.dir/OpenMPTryFlag.c.o]
  ignore line: [/usr/bin/cc   -fopenmp -v -o CMakeFiles/cmTC_e038f.dir/OpenMPTryFlag.c.o -c /home/yuanyan/LIO-SAM-ros2/build/lio_sam/CMakeFiles/FindOpenMP/OpenMPTryFlag.c]
  ignore line: [Using built-in specs.]
  ignore line: [COLLECT_GCC=/usr/bin/cc]
  ignore line: [OFFLOAD_TARGET_NAMES=nvptx-none:amdgcn-amdhsa]
  ignore line: [OFFLOAD_TARGET_DEFAULT=1]
  ignore line: [Target: x86_64-linux-gnu]
  ignore line: [Configured with: ../src/configure -v --with-pkgversion='Ubuntu 13.3.0-6ubuntu2~24.04' --with-bugurl=file:///usr/share/doc/gcc-13/README.Bugs --enable-languages=c ada c++ go d fortran objc obj-c++ m2 --prefix=/usr --with-gcc-major-version-only --program-suffix=-13 --program-prefix=x86_64-linux-gnu- --enable-shared --enable-linker-build-id --libexecdir=/usr/libexec --without-included-gettext --enable-threads=posix --libdir=/usr/lib --enable-nls --enable-bootstrap --enable-clocale=gnu --enable-libstdcxx-debug --enable-libstdcxx-time=yes --with-default-libstdcxx-abi=new --enable-libstdcxx-backtrace --enable-gnu-unique-object --disable-vtable-verify --enable-plugin --enable-default-pie --with-system-zlib --enable-libphobos-checking=release --with-target-system-zlib=auto --enable-objc-gc=auto --enable-multiarch --disable-werror --enable-cet --with-arch-32=i686 --with-abi=m64 --with-multilib-list=m32 m64 mx32 --enable-multilib --with-tune=generic --enable-offload-targets=nvptx-none=/build/gcc-13-fG75Ri/gcc-13-13.3.0/debian/tmp-nvptx/usr amdgcn-amdhsa=/build/gcc-13-fG75Ri/gcc-13-13.3.0/debian/tmp-gcn/usr --enable-offload-defaulted --without-cuda-driver --enable-checking=release --build=x86_64-linux-gnu --host=x86_64-linux-gnu --target=x86_64-linux-gnu --with-build-config=bootstrap-lto-lean --enable-link-serialization=2]
  ignore line: [Thread model: posix]
  ignore line: [Supported LTO compression algorithms: zlib zstd]
  ignore line: [gcc version 13.3.0 (Ubuntu 13.3.0-6ubuntu2~24.04) ]
  ignore line: [COLLECT_GCC_OPTIONS='-fopenmp' '-v' '-o' 'CMakeFiles/cmTC_e038f.dir/OpenMPTryFlag.c.o' '-c' '-mtune=generic' '-march=x86-64' '-pthread' '-dumpdir' 'CMakeFiles/cmTC_e038f.dir/']
  ignore line: [ /usr/libexec/gcc/x86_64-linux-gnu/13/cc1 -quiet -v -imultiarch x86_64-linux-gnu -D_REENTRANT /home/yuanyan/LIO-SAM-ros2/build/lio_sam/CMakeFiles/FindOpenMP/OpenMPTryFlag.c -quiet -dumpdir CMakeFiles/cmTC_e038f.dir/ -dumpbase OpenMPTryFlag.c.c -dumpbase-ext .c -mtune=generic -march=x86-64 -version -fopenmp -fasynchronous-unwind-tables -fstack-protector-strong -Wformat -Wformat-security -fstack-clash-protection -fcf-protection -o /tmp/cc8uMhnl.s]
  ignore line: [GNU C17 (Ubuntu 13.3.0-6ubuntu2~24.04) version 13.3.0 (x86_64-linux-gnu)]
  ignore line: [	compiled by GNU C version 13.3.0  GMP version 6.3.0  MPFR version 4.2.1  MPC version 1.3.1  isl version isl-0.26-GMP]
  ignore line: []
  ignore line: [GGC heuristics: --param ggc-min-expand=100 --param ggc-min-heapsize=131072]
  ignore line: [ignoring nonexistent directory "/usr/local/include/x86_64-linux-gnu"]
  ignore line: [ignoring nonexistent directory "/usr/lib/gcc/x86_64-linux-gnu/13/include-fixed/x86_64-linux-gnu"]
  ignore line: [ignoring nonexistent directory "/usr/lib/gcc/x86_64-linux-gnu/13/include-fixed"]
  ignore line: [ignoring nonexistent directory "/usr/lib/gcc/x86_64-linux-gnu/13/../../../../x86_64-linux-gnu/include"]
  ignore line: [#include "..." search starts here:]
  ignore line: [#include <...> search starts here:]
  ignore line: [ /usr/lib/gcc/x86_64-linux-gnu/13/include]
  ignore line: [ /usr/local/include]
  ignore line: [ /usr/include/x86_64-linux-gnu]
  ignore line: [ /usr/include]
  ignore line: [End of search list.]
  ignore line: [Compiler executable checksum: 38987c28e967c64056a6454abdef726e]
  ignore line: [COLLECT_GCC_OPTIONS='-fopenmp' '-v' '-o' 'CMakeFiles/cmTC_e038f.dir/OpenMPTryFlag.c.o' '-c' '-mtune=generic' '-march=x86-64' '-pthread' '-dumpdir' 'CMakeFiles/cmTC_e038f.dir/']
  ignore line: [ as -v --64 -o CMakeFiles/cmTC_e038f.dir/OpenMPTryFlag.c.o /tmp/cc8uMhnl.s]
  ignore line: [GNU assembler version 2.42 (x86_64-linux-gnu) using BFD version (GNU Binutils for Ubuntu) 2.42]
  ignore line: [COMPILER_PATH=/usr/libexec/gcc/x86_64-linux-gnu/13/:/usr/libexec/gcc/x86_64-linux-gnu/13/:/usr/libexec/gcc/x86_64-linux-gnu/:/usr/lib/gcc/x86_64-linux-gnu/13/:/usr/lib/gcc/x86_64-linux-gnu/]
  ignore line: [LIBRARY_PATH=/usr/lib/gcc/x86_64-linux-gnu/13/:/usr/lib/gcc/x86_64-linux-gnu/13/../../../x86_64-linux-gnu/:/usr/lib/gcc/x86_64-linux-gnu/13/../../../../lib/:/lib/x86_64-linux-gnu/:/lib/../lib/:/usr/lib/x86_64-linux-gnu/:/usr/lib/../lib/:/usr/lib/gcc/x86_64-linux-gnu/13/../../../:/lib/:/usr/lib/]
  ignore line: [COLLECT_GCC_OPTIONS='-fopenmp' '-v' '-o' 'CMakeFiles/cmTC_e038f.dir/OpenMPTryFlag.c.o' '-c' '-mtune=generic' '-march=x86-64' '-pthread' '-dumpdir' 'CMakeFiles/cmTC_e038f.dir/OpenMPTryFlag.c.']
  ignore line: [Linking C executable cmTC_e038f]
  ignore line: [/usr/bin/cmake -E cmake_link_script CMakeFiles/cmTC_e038f.dir/link.txt --verbose=1]
  ignore line: [/usr/bin/cc  -fopenmp -v CMakeFiles/cmTC_e038f.dir/OpenMPTryFlag.c.o -o cmTC_e038f  -v ]
  ignore line: [Using built-in specs.]
  ignore line: [COLLECT_GCC=/usr/bin/cc]
  ignore line: [COLLECT_LTO_WRAPPER=/usr/libexec/gcc/x86_64-linux-gnu/13/lto-wrapper]
  ignore line: [OFFLOAD_TARGET_NAMES=nvptx-none:amdgcn-amdhsa]
  ignore line: [OFFLOAD_TARGET_DEFAULT=1]
  ignore line: [Target: x86_64-linux-gnu]
  ignore line: [Configured with: ../src/configure -v --with-pkgversion='Ubuntu 13.3.0-6ubuntu2~24.04' --with-bugurl=file:///usr/share/doc/gcc-13/README.Bugs --enable-languages=c ada c++ go d fortran objc obj-c++ m2 --prefix=/usr --with-gcc-major-version-only --program-suffix=-13 --program-prefix=x86_64-linux-gnu- --enable-shared --enable-linker-build-id --libexecdir=/usr/libexec --without-included-gettext --enable-threads=posix --libdir=/usr/lib --enable-nls --enable-bootstrap --enable-clocale=gnu --enable-libstdcxx-debug --enable-libstdcxx-time=yes --with-default-libstdcxx-abi=new --enable-libstdcxx-backtrace --enable-gnu-unique-object --disable-vtable-verify --enable-plugin --enable-default-pie --with-system-zlib --enable-libphobos-checking=release --with-target-system-zlib=auto --enable-objc-gc=auto --enable-multiarch --disable-werror --enable-cet --with-arch-32=i686 --with-abi=m64 --with-multilib-list=m32 m64 mx32 --enable-multilib --with-tune=generic --enable-offload-targets=nvptx-none=/build/gcc-13-fG75Ri/gcc-13-13.3.0/debian/tmp-nvptx/usr amdgcn-amdhsa=/build/gcc-13-fG75Ri/gcc-13-13.3.0/debian/tmp-gcn/usr --enable-offload-defaulted --without-cuda-driver --enable-checking=release --build=x86_64-linux-gnu --host=x86_64-linux-gnu --target=x86_64-linux-gnu --with-build-config=bootstrap-lto-lean --enable-link-serialization=2]
  ignore line: [Thread model: posix]
  ignore line: [Supported LTO compression algorithms: zlib zstd]
  ignore line: [gcc version 13.3.0 (Ubuntu 13.3.0-6ubuntu2~24.04) ]
  ignore line: [COMPILER_PATH=/usr/libexec/gcc/x86_64-linux-gnu/13/:/usr/libexec/gcc/x86_64-linux-gnu/13/:/usr/libexec/gcc/x86_64-linux-gnu/:/usr/lib/gcc/x86_64-linux-gnu/13/:/usr/lib/gcc/x86_64-linux-gnu/]
  ignore line: [LIBRARY_PATH=/usr/lib/gcc/x86_64-linux-gnu/13/:/usr/lib/gcc/x86_64-linux-gnu/13/../../../x86_64-linux-gnu/:/usr/lib/gcc/x86_64-linux-gnu/13/../../../../lib/:/lib/x86_64-linux-gnu/:/lib/../lib/:/usr/lib/x86_64-linux-gnu/:/usr/lib/../lib/:/usr/lib/gcc/x86_64-linux-gnu/13/../../../:/lib/:/usr/lib/]
  ignore line: [Reading specs from /usr/lib/gcc/x86_64-linux-gnu/13/libgomp.spec]
  ignore line: [COLLECT_GCC_OPTIONS='-fopenmp' '-v' '-o' 'cmTC_e038f' '-v' '-mtune=generic' '-march=x86-64' '-pthread' '-dumpdir' 'cmTC_e038f.']
  link line: [ /usr/libexec/gcc/x86_64-linux-gnu/13/collect2 -plugin /usr/libexec/gcc/x86_64-linux-gnu/13/liblto_plugin.so -plugin-opt=/usr/libexec/gcc/x86_64-linux-gnu/13/lto-wrapper -plugin-opt=-fresolution=/tmp/cc2MoZSR.res -plugin-opt=-pass-through=-lgcc -plugin-opt=-pass-through=-lgcc_s -plugin-opt=-pass-through=-lpthread -plugin-opt=-pass-through=-lc -plugin-opt=-pass-through=-lgcc -plugin-opt=-pass-through=-lgcc_s --build-id --eh-frame-hdr -m elf_x86_64 --hash-style=gnu --as-needed -dynamic-linker /lib64/ld-linux-x86-64.so.2 -pie -z now -z relro -o cmTC_e038f /usr/lib/gcc/x86_64-linux-gnu/13/../../../x86_64-linux-gnu/Scrt1.o /usr/lib/gcc/x86_64-linux-gnu/13/../../../x86_64-linux-gnu/crti.o /usr/lib/gcc/x86_64-linux-gnu/13/crtbeginS.o /usr/lib/gcc/x86_64-linux-gnu/13/crtoffloadbegin.o -L/usr/lib/gcc/x86_64-linux-gnu/13 -L/usr/lib/gcc/x86_64-linux-gnu/13/../../../x86_64-linux-gnu -L/usr/lib/gcc/x86_64-linux-gnu/13/../../../../lib -L/lib/x86_64-linux-gnu -L/lib/../lib -L/usr/lib/x86_64-linux-gnu -L/usr/lib/../lib -L/usr/lib/gcc/x86_64-linux-gnu/13/../../.. CMakeFiles/cmTC_e038f.dir/OpenMPTryFlag.c.o -lgomp -lgcc --push-state --as-needed -lgcc_s --pop-state -lpthread -lc -lgcc --push-state --as-needed -lgcc_s --pop-state /usr/lib/gcc/x86_64-linux-gnu/13/crtendS.o /usr/lib/gcc/x86_64-linux-gnu/13/../../../x86_64-linux-gnu/crtn.o /usr/lib/gcc/x86_64-linux-gnu/13/crtoffloadend.o]
    arg [/usr/libexec/gcc/x86_64-linux-gnu/13/collect2] ==> ignore
    arg [-plugin] ==> ignore
    arg [/usr/libexec/gcc/x86_64-linux-gnu/13/liblto_plugin.so] ==> ignore
    arg [-plugin-opt=/usr/libexec/gcc/x86_64-linux-gnu/13/lto-wrapper] ==> ignore
    arg [-plugin-opt=-fresolution=/tmp/cc2MoZSR.res] ==> ignore
    arg [-plugin-opt=-pass-through=-lgcc] ==> ignore
    arg [-plugin-opt=-pass-through=-lgcc_s] ==> ignore
    arg [-plugin-opt=-pass-through=-lpthread] ==> ignore
    arg [-plugin-opt=-pass-through=-lc] ==> ignore
    arg [-plugin-opt=-pass-through=-lgcc] ==> ignore
    arg [-plugin-opt=-pass-through=-lgcc_s] ==> ignore
    arg [--build-id] ==> ignore
    arg [--eh-frame-hdr] ==> ignore
    arg [-m] ==> ignore
    arg [elf_x86_64] ==> ignore
    arg [--hash-style=gnu] ==> ignore
    arg [--as-needed] ==> ignore
    arg [-dynamic-linker] ==> ignore
    arg [/lib64/ld-linux-x86-64.so.2] ==> ignore
    arg [-pie] ==> ignore
    arg [-znow] ==> ignore
    arg [-zrelro] ==> ignore
    arg [-o] ==> ignore
    arg [cmTC_e038f] ==> ignore
    arg [-L/usr/lib/gcc/x86_64-linux-gnu/13] ==> dir [/usr/lib/gcc/x86_64-linux-gnu/13]
    arg [-L/usr/lib/gcc/x86_64-linux-gnu/13/../../../x86_64-linux-gnu] ==> dir [/usr/lib/gcc/x86_64-linux-gnu/13/../../../x86_64-linux-gnu]
    arg [-L/usr/lib/gcc/x86_64-linux-gnu/13/../../../../lib] ==> dir [/usr/lib/gcc/x86_64-linux-gnu/13/../../../../lib]
    arg [-L/lib/x86_64-linux-gnu] ==> dir [/lib/x86_64-linux-gnu]
    arg [-L/lib/../lib] ==> dir [/lib/../lib]
    arg [-L/usr/lib/x86_64-linux-gnu] ==> dir [/usr/lib/x86_64-linux-gnu]
    arg [-L/usr/lib/../lib] ==> dir [/usr/lib/../lib]
    arg [-L/usr/lib/gcc/x86_64-linux-gnu/13/../../..] ==> dir [/usr/lib/gcc/x86_64-linux-gnu/13/../../..]
    arg [CMakeFiles/cmTC_e038f.dir/OpenMPTryFlag.c.o] ==> ignore
    arg [-lgomp] ==> lib [gomp]
    arg [-lgcc] ==> lib [gcc]
    arg [--push-state] ==> ignore
    arg [--as-needed] ==> ignore
    arg [-lgcc_s] ==> lib [gcc_s]
    arg [--pop-state] ==> ignore
    arg [-lpthread] ==> lib [pthread]
    arg [-lc] ==> lib [c]
    arg [-lgcc] ==> lib [gcc]
    arg [--push-state] ==> ignore
    arg [--as-needed] ==> ignore
    arg [-lgcc_s] ==> lib [gcc_s]
    arg [--pop-state] ==> ignore
  collapse library dir [/usr/lib/gcc/x86_64-linux-gnu/13] ==> [/usr/lib/gcc/x86_64-linux-gnu/13]
  collapse library dir [/usr/lib/gcc/x86_64-linux-gnu/13/../../../x86_64-linux-gnu] ==> [/usr/lib/x86_64-linux-gnu]
  collapse library dir [/usr/lib/gcc/x86_64-linux-gnu/13/../../../../lib] ==> [/usr/lib]
  collapse library dir [/lib/x86_64-linux-gnu] ==> [/lib/x86_64-linux-gnu]
  collapse library dir [/lib/../lib] ==> [/lib]
  collapse library dir [/usr/lib/x86_64-linux-gnu] ==> [/usr/lib/x86_64-linux-gnu]
  collapse library dir [/usr/lib/../lib] ==> [/usr/lib]
  collapse library dir [/usr/lib/gcc/x86_64-linux-gnu/13/../../..] ==> [/usr/lib]
  implicit libs: [gomp;gcc;gcc_s;pthread;c;gcc;gcc_s]
  implicit objs: []
  implicit dirs: [/usr/lib/gcc/x86_64-linux-gnu/13;/usr/lib/x86_64-linux-gnu;/usr/lib;/lib/x86_64-linux-gnu;/lib]
  implicit fwks: []


Detecting CXX OpenMP compiler ABI info compiled with the following output:
Change Dir: '/home/yuanyan/LIO-SAM-ros2/build/lio_sam/CMakeFiles/CMakeTmp'

Run Build Command(s): /usr/bin/cmake -E env VERBOSE=1 /usr/bin/gmake -f Makefile cmTC_3b621/fast
/usr/bin/gmake  -f CMakeFiles/cmTC_3b621.dir/build.make CMakeFiles/cmTC_3b621.dir/build
gmake[1]: Entering directory '/home/yuanyan/LIO-SAM-ros2/build/lio_sam/CMakeFiles/CMakeTmp'
Building CXX object CMakeFiles/cmTC_3b621.dir/OpenMPTryFlag.cpp.o
/usr/bin/c++   -fopenmp -v -o CMakeFiles/cmTC_3b621.dir/OpenMPTryFlag.cpp.o -c /home/yuanyan/LIO-SAM-ros2/build/lio_sam/CMakeFiles/FindOpenMP/OpenMPTryFlag.cpp
Using built-in specs.
COLLECT_GCC=/usr/bin/c++
OFFLOAD_TARGET_NAMES=nvptx-none:amdgcn-amdhsa
OFFLOAD_TARGET_DEFAULT=1
Target: x86_64-linux-gnu
Configured with: ../src/configure -v --with-pkgversion='Ubuntu 13.3.0-6ubuntu2~24.04' --with-bugurl=file:///usr/share/doc/gcc-13/README.Bugs --enable-languages=c,ada,c++,go,d,fortran,objc,obj-c++,m2 --prefix=/usr --with-gcc-major-version-only --program-suffix=-13 --program-prefix=x86_64-linux-gnu- --enable-shared --enable-linker-build-id --libexecdir=/usr/libexec --without-included-gettext --enable-threads=posix --libdir=/usr/lib --enable-nls --enable-bootstrap --enable-clocale=gnu --enable-libstdcxx-debug --enable-libstdcxx-time=yes --with-default-libstdcxx-abi=new --enable-libstdcxx-backtrace --enable-gnu-unique-object --disable-vtable-verify --enable-plugin --enable-default-pie --with-system-zlib --enable-libphobos-checking=release --with-target-system-zlib=auto --enable-objc-gc=auto --enable-multiarch --disable-werror --enable-cet --with-arch-32=i686 --with-abi=m64 --with-multilib-list=m32,m64,mx32 --enable-multilib --with-tune=generic --enable-offload-targets=nvptx-none=/build/gcc-13-fG75Ri/gcc-13-13.3.0/debian/tmp-nvptx/usr,amdgcn-amdhsa=/build/gcc-13-fG75Ri/gcc-13-13.3.0/debian/tmp-gcn/usr --enable-offload-defaulted --without-cuda-driver --enable-checking=release --build=x86_64-linux-gnu --host=x86_64-linux-gnu --target=x86_64-linux-gnu --with-build-config=bootstrap-lto-lean --enable-link-serialization=2
Thread model: posix
Supported LTO compression algorithms: zlib zstd
gcc version 13.3.0 (Ubuntu 13.3.0-6ubuntu2~24.04) 
COLLECT_GCC_OPTIONS='-fopenmp' '-v' '-o' 'CMakeFiles/cmTC_3b621.dir/OpenMPTryFlag.cpp.o' '-c' '-shared-libgcc' '-mtune=generic' '-march=x86-64' '-pthread' '-dumpdir' 'CMakeFiles/cmTC_3b621.dir/'
 /usr/libexec/gcc/x86_64-linux-gnu/13/cc1plus -quiet -v -imultiarch x86_64-linux-gnu -D_GNU_SOURCE -D_REENTRANT /home/yuanyan/LIO-SAM-ros2/build/lio_sam/CMakeFiles/FindOpenMP/OpenMPTryFlag.cpp -quiet -dumpdir CMakeFiles/cmTC_3b621.dir/ -dumpbase OpenMPTryFlag.cpp.cpp -dumpbase-ext .cpp -mtune=generic -march=x86-64 -version -fopenmp -fasynchronous-unwind-tables -fstack-protector-strong -Wformat -Wformat-security -fstack-clash-protection -fcf-protection -o /tmp/ccNKBsWX.s
GNU C++17 (Ubuntu 13.3.0-6ubuntu2~24.04) version 13.3.0 (x86_64-linux-gnu)
	compiled by GNU C version 13.3.0, GMP version 6.3.0, MPFR version 4.2.1, MPC version 1.3.1, isl version isl-0.26-GMP

GGC heuristics: --param ggc-min-expand=100 --param ggc-min-heapsize=131072
ignoring duplicate directory "/usr/include/x86_64-linux-gnu/c++/13"
ignoring nonexistent directory "/usr/local/include/x86_64-linux-gnu"
ignoring nonexistent directory "/usr/lib/gcc/x86_64-linux-gnu/13/include-fixed/x86_64-linux-gnu"
ignoring nonexistent directory "/usr/lib/gcc/x86_64-linux-gnu/13/include-fixed"
ignoring nonexistent directory "/usr/lib/gcc/x86_64-linux-gnu/13/../../../../x86_64-linux-gnu/include"
#include "..." search starts here:
#include <...> search starts here:
 /usr/include/c++/13
 /usr/include/x86_64-linux-gnu/c++/13
 /usr/include/c++/13/backward
 /usr/lib/gcc/x86_64-linux-gnu/13/include
 /usr/local/include
 /usr/include/x86_64-linux-gnu
 /usr/include
End of search list.
Compiler executable checksum: c81c05345ce537099dafd5580045814a
COLLECT_GCC_OPTIONS='-fopenmp' '-v' '-o' 'CMakeFiles/cmTC_3b621.dir/OpenMPTryFlag.cpp.o' '-c' '-shared-libgcc' '-mtune=generic' '-march=x86-64' '-pthread' '-dumpdir' 'CMakeFiles/cmTC_3b621.dir/'
 as -v --64 -o CMakeFiles/cmTC_3b621.dir/OpenMPTryFlag.cpp.o /tmp/ccNKBsWX.s
GNU assembler version 2.42 (x86_64-linux-gnu) using BFD version (GNU Binutils for Ubuntu) 2.42
COMPILER_PATH=/usr/libexec/gcc/x86_64-linux-gnu/13/:/usr/libexec/gcc/x86_64-linux-gnu/13/:/usr/libexec/gcc/x86_64-linux-gnu/:/usr/lib/gcc/x86_64-linux-gnu/13/:/usr/lib/gcc/x86_64-linux-gnu/
LIBRARY_PATH=/usr/lib/gcc/x86_64-linux-gnu/13/:/usr/lib/gcc/x86_64-linux-gnu/13/../../../x86_64-linux-gnu/:/usr/lib/gcc/x86_64-linux-gnu/13/../../../../lib/:/lib/x86_64-linux-gnu/:/lib/../lib/:/usr/lib/x86_64-linux-gnu/:/usr/lib/../lib/:/usr/lib/gcc/x86_64-linux-gnu/13/../../../:/lib/:/usr/lib/
COLLECT_GCC_OPTIONS='-fopenmp' '-v' '-o' 'CMakeFiles/cmTC_3b621.dir/OpenMPTryFlag.cpp.o' '-c' '-shared-libgcc' '-mtune=generic' '-march=x86-64' '-pthread' '-dumpdir' 'CMakeFiles/cmTC_3b621.dir/OpenMPTryFlag.cpp.'
Linking CXX executable cmTC_3b621
/usr/bin/cmake -E cmake_link_script CMakeFiles/cmTC_3b621.dir/link.txt --verbose=1
/usr/bin/c++  -fopenmp -v CMakeFiles/cmTC_3b621.dir/OpenMPTryFlag.cpp.o -o cmTC_3b621  -v 
Using built-in specs.
COLLECT_GCC=/usr/bin/c++
COLLECT_LTO_WRAPPER=/usr/libexec/gcc/x86_64-linux-gnu/13/lto-wrapper
OFFLOAD_TARGET_NAMES=nvptx-none:amdgcn-amdhsa
OFFLOAD_TARGET_DEFAULT=1
Target: x86_64-linux-gnu
Configured with: ../src/configure -v --with-pkgversion='Ubuntu 13.3.0-6ubuntu2~24.04' --with-bugurl=file:///usr/share/doc/gcc-13/README.Bugs --enable-languages=c,ada,c++,go,d,fortran,objc,obj-c++,m2 --prefix=/usr --with-gcc-major-version-only --program-suffix=-13 --program-prefix=x86_64-linux-gnu- --enable-shared --enable-linker-build-id --libexecdir=/usr/libexec --without-included-gettext --enable-threads=posix --libdir=/usr/lib --enable-nls --enable-bootstrap --enable-clocale=gnu --enable-libstdcxx-debug --enable-libstdcxx-time=yes --with-default-libstdcxx-abi=new --enable-libstdcxx-backtrace --enable-gnu-unique-object --disable-vtable-verify --enable-plugin --enable-default-pie --with-system-zlib --enable-libphobos-checking=release --with-target-system-zlib=auto --enable-objc-gc=auto --enable-multiarch --disable-werror --enable-cet --with-arch-32=i686 --with-abi=m64 --with-multilib-list=m32,m64,mx32 --enable-multilib --with-tune=generic --enable-offload-targets=nvptx-none=/build/gcc-13-fG75Ri/gcc-13-13.3.0/debian/tmp-nvptx/usr,amdgcn-amdhsa=/build/gcc-13-fG75Ri/gcc-13-13.3.0/debian/tmp-gcn/usr --enable-offload-defaulted --without-cuda-driver --enable-checking=release --build=x86_64-linux-gnu --host=x86_64-linux-gnu --target=x86_64-linux-gnu --with-build-config=bootstrap-lto-lean --enable-link-serialization=2
Thread model: posix
Supported LTO compression algorithms: zlib zstd
gcc version 13.3.0 (Ubuntu 13.3.0-6ubuntu2~24.04) 
COMPILER_PATH=/usr/libexec/gcc/x86_64-linux-gnu/13/:/usr/libexec/gcc/x86_64-linux-gnu/13/:/usr/libexec/gcc/x86_64-linux-gnu/:/usr/lib/gcc/x86_64-linux-gnu/13/:/usr/lib/gcc/x86_64-linux-gnu/
LIBRARY_PATH=/usr/lib/gcc/x86_64-linux-gnu/13/:/usr/lib/gcc/x86_64-linux-gnu/13/../../../x86_64-linux-gnu/:/usr/lib/gcc/x86_64-linux-gnu/13/../../../../lib/:/lib/x86_64-linux-gnu/:/lib/../lib/:/usr/lib/x86_64-linux-gnu/:/usr/lib/../lib/:/usr/lib/gcc/x86_64-linux-gnu/13/../../../:/lib/:/usr/lib/
Reading specs from /usr/lib/gcc/x86_64-linux-gnu/13/libgomp.spec
COLLECT_GCC_OPTIONS='-fopenmp' '-v' '-o' 'cmTC_3b621' '-v' '-shared-libgcc' '-mtune=generic' '-march=x86-64' '-pthread' '-dumpdir' 'cmTC_3b621.'
 /usr/libexec/gcc/x86_64-linux-gnu/13/collect2 -plugin /usr/libexec/gcc/x86_64-linux-gnu/13/liblto_plugin.so -plugin-opt=/usr/libexec/gcc/x86_64-linux-gnu/13/lto-wrapper -plugin-opt=-fresolution=/tmp/ccbmHsZD.res -plugin-opt=-pass-through=-lgcc_s -plugin-opt=-pass-through=-lgcc -plugin-opt=-pass-through=-lpthread -plugin-opt=-pass-through=-lc -plugin-opt=-pass-through=-lgcc_s -plugin-opt=-pass-through=-lgcc --build-id --eh-frame-hdr -m elf_x86_64 --hash-style=gnu --as-needed -dynamic-linker /lib64/ld-linux-x86-64.so.2 -pie -z now -z relro -o cmTC_3b621 /usr/lib/gcc/x86_64-linux-gnu/13/../../../x86_64-linux-gnu/Scrt1.o /usr/lib/gcc/x86_64-linux-gnu/13/../../../x86_64-linux-gnu/crti.o /usr/lib/gcc/x86_64-linux-gnu/13/crtbeginS.o /usr/lib/gcc/x86_64-linux-gnu/13/crtoffloadbegin.o -L/usr/lib/gcc/x86_64-linux-gnu/13 -L/usr/lib/gcc/x86_64-linux-gnu/13/../../../x86_64-linux-gnu -L/usr/lib/gcc/x86_64-linux-gnu/13/../../../../lib -L/lib/x86_64-linux-gnu -L/lib/../lib -L/usr/lib/x86_64-linux-gnu -L/usr/lib/../lib -L/usr/lib/gcc/x86_64-linux-gnu/13/../../.. CMakeFiles/cmTC_3b621.dir/OpenMPTryFlag.cpp.o -lstdc++ -lm -lgomp -lgcc_s -lgcc -lpthread -lc -lgcc_s -lgcc /usr/lib/gcc/x86_64-linux-gnu/13/crtendS.o /usr/lib/gcc/x86_64-linux-gnu/13/../../../x86_64-linux-gnu/crtn.o /usr/lib/gcc/x86_64-linux-gnu/13/crtoffloadend.o
COLLECT_GCC_OPTIONS='-fopenmp' '-v' '-o' 'cmTC_3b621' '-v' '-shared-libgcc' '-mtune=generic' '-march=x86-64' '-pthread' '-dumpdir' 'cmTC_3b621.'
gmake[1]: Leaving directory '/home/yuanyan/LIO-SAM-ros2/build/lio_sam/CMakeFiles/CMakeTmp'



Parsed CXX OpenMP implicit link information from above output:
  link line regex: [^( *|.*[/\])(ld|CMAKE_LINK_STARTFILE-NOTFOUND|([^/\]+-)?ld|collect2)[^/\]*( |$)]
  ignore line: [Change Dir: '/home/yuanyan/LIO-SAM-ros2/build/lio_sam/CMakeFiles/CMakeTmp']
  ignore line: []
  ignore line: [Run Build Command(s): /usr/bin/cmake -E env VERBOSE=1 /usr/bin/gmake -f Makefile cmTC_3b621/fast]
  ignore line: [/usr/bin/gmake  -f CMakeFiles/cmTC_3b621.dir/build.make CMakeFiles/cmTC_3b621.dir/build]
  ignore line: [gmake[1]: Entering directory '/home/yuanyan/LIO-SAM-ros2/build/lio_sam/CMakeFiles/CMakeTmp']
  ignore line: [Building CXX object CMakeFiles/cmTC_3b621.dir/OpenMPTryFlag.cpp.o]
  ignore line: [/usr/bin/c++   -fopenmp -v -o CMakeFiles/cmTC_3b621.dir/OpenMPTryFlag.cpp.o -c /home/yuanyan/LIO-SAM-ros2/build/lio_sam/CMakeFiles/FindOpenMP/OpenMPTryFlag.cpp]
  ignore line: [Using built-in specs.]
  ignore line: [COLLECT_GCC=/usr/bin/c++]
  ignore line: [OFFLOAD_TARGET_NAMES=nvptx-none:amdgcn-amdhsa]
  ignore line: [OFFLOAD_TARGET_DEFAULT=1]
  ignore line: [Target: x86_64-linux-gnu]
  ignore line: [Configured with: ../src/configure -v --with-pkgversion='Ubuntu 13.3.0-6ubuntu2~24.04' --with-bugurl=file:///usr/share/doc/gcc-13/README.Bugs --enable-languages=c ada c++ go d fortran objc obj-c++ m2 --prefix=/usr --with-gcc-major-version-only --program-suffix=-13 --program-prefix=x86_64-linux-gnu- --enable-shared --enable-linker-build-id --libexecdir=/usr/libexec --without-included-gettext --enable-threads=posix --libdir=/usr/lib --enable-nls --enable-bootstrap --enable-clocale=gnu --enable-libstdcxx-debug --enable-libstdcxx-time=yes --with-default-libstdcxx-abi=new --enable-libstdcxx-backtrace --enable-gnu-unique-object --disable-vtable-verify --enable-plugin --enable-default-pie --with-system-zlib --enable-libphobos-checking=release --with-target-system-zlib=auto --enable-objc-gc=auto --enable-multiarch --disable-werror --enable-cet --with-arch-32=i686 --with-abi=m64 --with-multilib-list=m32 m64 mx32 --enable-multilib --with-tune=generic --enable-offload-targets=nvptx-none=/build/gcc-13-fG75Ri/gcc-13-13.3.0/debian/tmp-nvptx/usr amdgcn-amdhsa=/build/gcc-13-fG75Ri/gcc-13-13.3.0/debian/tmp-gcn/usr --enable-offload-defaulted --without-cuda-driver --enable-checking=release --build=x86_64-linux-gnu --host=x86_64-linux-gnu --target=x86_64-linux-gnu --with-build-config=bootstrap-lto-lean --enable-link-serialization=2]
  ignore line: [Thread model: posix]
  ignore line: [Supported LTO compression algorithms: zlib zstd]
  ignore line: [gcc version 13.3.0 (Ubuntu 13.3.0-6ubuntu2~24.04) ]
  ignore line: [COLLECT_GCC_OPTIONS='-fopenmp' '-v' '-o' 'CMakeFiles/cmTC_3b621.dir/OpenMPTryFlag.cpp.o' '-c' '-shared-libgcc' '-mtune=generic' '-march=x86-64' '-pthread' '-dumpdir' 'CMakeFiles/cmTC_3b621.dir/']
  ignore line: [ /usr/libexec/gcc/x86_64-linux-gnu/13/cc1plus -quiet -v -imultiarch x86_64-linux-gnu -D_GNU_SOURCE -D_REENTRANT /home/yuanyan/LIO-SAM-ros2/build/lio_sam/CMakeFiles/FindOpenMP/OpenMPTryFlag.cpp -quiet -dumpdir CMakeFiles/cmTC_3b621.dir/ -dumpbase OpenMPTryFlag.cpp.cpp -dumpbase-ext .cpp -mtune=generic -march=x86-64 -version -fopenmp -fasynchronous-unwind-tables -fstack-protector-strong -Wformat -Wformat-security -fstack-clash-protection -fcf-protection -o /tmp/ccNKBsWX.s]
  ignore line: [GNU C++17 (Ubuntu 13.3.0-6ubuntu2~24.04) version 13.3.0 (x86_64-linux-gnu)]
  ignore line: [	compiled by GNU C version 13.3.0  GMP version 6.3.0  MPFR version 4.2.1  MPC version 1.3.1  isl version isl-0.26-GMP]
  ignore line: []
  ignore line: [GGC heuristics: --param ggc-min-expand=100 --param ggc-min-heapsize=131072]
  ignore line: [ignoring duplicate directory "/usr/include/x86_64-linux-gnu/c++/13"]
  ignore line: [ignoring nonexistent directory "/usr/local/include/x86_64-linux-gnu"]
  ignore line: [ignoring nonexistent directory "/usr/lib/gcc/x86_64-linux-gnu/13/include-fixed/x86_64-linux-gnu"]
  ignore line: [ignoring nonexistent directory "/usr/lib/gcc/x86_64-linux-gnu/13/include-fixed"]
  ignore line: [ignoring nonexistent directory "/usr/lib/gcc/x86_64-linux-gnu/13/../../../../x86_64-linux-gnu/include"]
  ignore line: [#include "..." search starts here:]
  ignore line: [#include <...> search starts here:]
  ignore line: [ /usr/include/c++/13]
  ignore line: [ /usr/include/x86_64-linux-gnu/c++/13]
  ignore line: [ /usr/include/c++/13/backward]
  ignore line: [ /usr/lib/gcc/x86_64-linux-gnu/13/include]
  ignore line: [ /usr/local/include]
  ignore line: [ /usr/include/x86_64-linux-gnu]
  ignore line: [ /usr/include]
  ignore line: [End of search list.]
  ignore line: [Compiler executable checksum: c81c05345ce537099dafd5580045814a]
  ignore line: [COLLECT_GCC_OPTIONS='-fopenmp' '-v' '-o' 'CMakeFiles/cmTC_3b621.dir/OpenMPTryFlag.cpp.o' '-c' '-shared-libgcc' '-mtune=generic' '-march=x86-64' '-pthread' '-dumpdir' 'CMakeFiles/cmTC_3b621.dir/']
  ignore line: [ as -v --64 -o CMakeFiles/cmTC_3b621.dir/OpenMPTryFlag.cpp.o /tmp/ccNKBsWX.s]
  ignore line: [GNU assembler version 2.42 (x86_64-linux-gnu) using BFD version (GNU Binutils for Ubuntu) 2.42]
  ignore line: [COMPILER_PATH=/usr/libexec/gcc/x86_64-linux-gnu/13/:/usr/libexec/gcc/x86_64-linux-gnu/13/:/usr/libexec/gcc/x86_64-linux-gnu/:/usr/lib/gcc/x86_64-linux-gnu/13/:/usr/lib/gcc/x86_64-linux-gnu/]
  ignore line: [LIBRARY_PATH=/usr/lib/gcc/x86_64-linux-gnu/13/:/usr/lib/gcc/x86_64-linux-gnu/13/../../../x86_64-linux-gnu/:/usr/lib/gcc/x86_64-linux-gnu/13/../../../../lib/:/lib/x86_64-linux-gnu/:/lib/../lib/:/usr/lib/x86_64-linux-gnu/:/usr/lib/../lib/:/usr/lib/gcc/x86_64-linux-gnu/13/../../../:/lib/:/usr/lib/]
  ignore line: [COLLECT_GCC_OPTIONS='-fopenmp' '-v' '-o' 'CMakeFiles/cmTC_3b621.dir/OpenMPTryFlag.cpp.o' '-c' '-shared-libgcc' '-mtune=generic' '-march=x86-64' '-pthread' '-dumpdir' 'CMakeFiles/cmTC_3b621.dir/OpenMPTryFlag.cpp.']
  ignore line: [Linking CXX executable cmTC_3b621]
  ignore line: [/usr/bin/cmake -E cmake_link_script CMakeFiles/cmTC_3b621.dir/link.txt --verbose=1]
  ignore line: [/usr/bin/c++  -fopenmp -v CMakeFiles/cmTC_3b621.dir/OpenMPTryFlag.cpp.o -o cmTC_3b621  -v ]
  ignore line: [Using built-in specs.]
  ignore line: [COLLECT_GCC=/usr/bin/c++]
  ignore line: [COLLECT_LTO_WRAPPER=/usr/libexec/gcc/x86_64-linux-gnu/13/lto-wrapper]
  ignore line: [OFFLOAD_TARGET_NAMES=nvptx-none:amdgcn-amdhsa]
  ignore line: [OFFLOAD_TARGET_DEFAULT=1]
  ignore line: [Target: x86_64-linux-gnu]
  ignore line: [Configured with: ../src/configure -v --with-pkgversion='Ubuntu 13.3.0-6ubuntu2~24.04' --with-bugurl=file:///usr/share/doc/gcc-13/README.Bugs --enable-languages=c ada c++ go d fortran objc obj-c++ m2 --prefix=/usr --with-gcc-major-version-only --program-suffix=-13 --program-prefix=x86_64-linux-gnu- --enable-shared --enable-linker-build-id --libexecdir=/usr/libexec --without-included-gettext --enable-threads=posix --libdir=/usr/lib --enable-nls --enable-bootstrap --enable-clocale=gnu --enable-libstdcxx-debug --enable-libstdcxx-time=yes --with-default-libstdcxx-abi=new --enable-libstdcxx-backtrace --enable-gnu-unique-object --disable-vtable-verify --enable-plugin --enable-default-pie --with-system-zlib --enable-libphobos-checking=release --with-target-system-zlib=auto --enable-objc-gc=auto --enable-multiarch --disable-werror --enable-cet --with-arch-32=i686 --with-abi=m64 --with-multilib-list=m32 m64 mx32 --enable-multilib --with-tune=generic --enable-offload-targets=nvptx-none=/build/gcc-13-fG75Ri/gcc-13-13.3.0/debian/tmp-nvptx/usr amdgcn-amdhsa=/build/gcc-13-fG75Ri/gcc-13-13.3.0/debian/tmp-gcn/usr --enable-offload-defaulted --without-cuda-driver --enable-checking=release --build=x86_64-linux-gnu --host=x86_64-linux-gnu --target=x86_64-linux-gnu --with-build-config=bootstrap-lto-lean --enable-link-serialization=2]
  ignore line: [Thread model: posix]
  ignore line: [Supported LTO compression algorithms: zlib zstd]
  ignore line: [gcc version 13.3.0 (Ubuntu 13.3.0-6ubuntu2~24.04) ]
  ignore line: [COMPILER_PATH=/usr/libexec/gcc/x86_64-linux-gnu/13/:/usr/libexec/gcc/x86_64-linux-gnu/13/:/usr/libexec/gcc/x86_64-linux-gnu/:/usr/lib/gcc/x86_64-linux-gnu/13/:/usr/lib/gcc/x86_64-linux-gnu/]
  ignore line: [LIBRARY_PATH=/usr/lib/gcc/x86_64-linux-gnu/13/:/usr/lib/gcc/x86_64-linux-gnu/13/../../../x86_64-linux-gnu/:/usr/lib/gcc/x86_64-linux-gnu/13/../../../../lib/:/lib/x86_64-linux-gnu/:/lib/../lib/:/usr/lib/x86_64-linux-gnu/:/usr/lib/../lib/:/usr/lib/gcc/x86_64-linux-gnu/13/../../../:/lib/:/usr/lib/]
  ignore line: [Reading specs from /usr/lib/gcc/x86_64-linux-gnu/13/libgomp.spec]
  ignore line: [COLLECT_GCC_OPTIONS='-fopenmp' '-v' '-o' 'cmTC_3b621' '-v' '-shared-libgcc' '-mtune=generic' '-march=x86-64' '-pthread' '-dumpdir' 'cmTC_3b621.']
  link line: [ /usr/libexec/gcc/x86_64-linux-gnu/13/collect2 -plugin /usr/libexec/gcc/x86_64-linux-gnu/13/liblto_plugin.so -plugin-opt=/usr/libexec/gcc/x86_64-linux-gnu/13/lto-wrapper -plugin-opt=-fresolution=/tmp/ccbmHsZD.res -plugin-opt=-pass-through=-lgcc_s -plugin-opt=-pass-through=-lgcc -plugin-opt=-pass-through=-lpthread -plugin-opt=-pass-through=-lc -plugin-opt=-pass-through=-lgcc_s -plugin-opt=-pass-through=-lgcc --build-id --eh-frame-hdr -m elf_x86_64 --hash-style=gnu --as-needed -dynamic-linker /lib64/ld-linux-x86-64.so.2 -pie -z now -z relro -o cmTC_3b621 /usr/lib/gcc/x86_64-linux-gnu/13/../../../x86_64-linux-gnu/Scrt1.o /usr/lib/gcc/x86_64-linux-gnu/13/../../../x86_64-linux-gnu/crti.o /usr/lib/gcc/x86_64-linux-gnu/13/crtbeginS.o /usr/lib/gcc/x86_64-linux-gnu/13/crtoffloadbegin.o -L/usr/lib/gcc/x86_64-linux-gnu/13 -L/usr/lib/gcc/x86_64-linux-gnu/13/../../../x86_64-linux-gnu -L/usr/lib/gcc/x86_64-linux-gnu/13/../../../../lib -L/lib/x86_64-linux-gnu -L/lib/../lib -L/usr/lib/x86_64-linux-gnu -L/usr/lib/../lib -L/usr/lib/gcc/x86_64-linux-gnu/13/../../.. CMakeFiles/cmTC_3b621.dir/OpenMPTryFlag.cpp.o -lstdc++ -lm -lgomp -lgcc_s -lgcc -lpthread -lc -lgcc_s -lgcc /usr/lib/gcc/x86_64-linux-gnu/13/crtendS.o /usr/lib/gcc/x86_64-linux-gnu/13/../../../x86_64-linux-gnu/crtn.o /usr/lib/gcc/x86_64-linux-gnu/13/crtoffloadend.o]
    arg [/usr/libexec/gcc/x86_64-linux-gnu/13/collect2] ==> ignore
    arg [-plugin] ==> ignore
    arg [/usr/libexec/gcc/x86_64-linux-gnu/13/liblto_plugin.so] ==> ignore
    arg [-plugin-opt=/usr/libexec/gcc/x86_64-linux-gnu/13/lto-wrapper] ==> ignore
    arg [-plugin-opt=-fresolution=/tmp/ccbmHsZD.res] ==> ignore
    arg [-plugin-opt=-pass-through=-lgcc_s] ==> ignore
    arg [-plugin-opt=-pass-through=-lgcc] ==> ignore
    arg [-plugin-opt=-pass-through=-lpthread] ==> ignore
    arg [-plugin-opt=-pass-through=-lc] ==> ignore
    arg [-plugin-opt=-pass-through=-lgcc_s] ==> ignore
    arg [-plugin-opt=-pass-through=-lgcc] ==> ignore
    arg [--build-id] ==> ignore
    arg [--eh-frame-hdr] ==> ignore
    arg [-m] ==> ignore
    arg [elf_x86_64] ==> ignore
    arg [--hash-style=gnu] ==> ignore
    arg [--as-needed] ==> ignore
    arg [-dynamic-linker] ==> ignore
    arg [/lib64/ld-linux-x86-64.so.2] ==> ignore
    arg [-pie] ==> ignore
    arg [-znow] ==> ignore
    arg [-zrelro] ==> ignore
    arg [-o] ==> ignore
    arg [cmTC_3b621] ==> ignore
    arg [-L/usr/lib/gcc/x86_64-linux-gnu/13] ==> dir [/usr/lib/gcc/x86_64-linux-gnu/13]
    arg [-L/usr/lib/gcc/x86_64-linux-gnu/13/../../../x86_64-linux-gnu] ==> dir [/usr/lib/gcc/x86_64-linux-gnu/13/../../../x86_64-linux-gnu]
    arg [-L/usr/lib/gcc/x86_64-linux-gnu/13/../../../../lib] ==> dir [/usr/lib/gcc/x86_64-linux-gnu/13/../../../../lib]
    arg [-L/lib/x86_64-linux-gnu] ==> dir [/lib/x86_64-linux-gnu]
    arg [-L/lib/../lib] ==> dir [/lib/../lib]
    arg [-L/usr/lib/x86_64-linux-gnu] ==> dir [/usr/lib/x86_64-linux-gnu]
    arg [-L/usr/lib/../lib] ==> dir [/usr/lib/../lib]
    arg [-L/usr/lib/gcc/x86_64-linux-gnu/13/../../..] ==> dir [/usr/lib/gcc/x86_64-linux-gnu/13/../../..]
    arg [CMakeFiles/cmTC_3b621.dir/OpenMPTryFlag.cpp.o] ==> ignore
    arg [-lstdc++] ==> lib [stdc++]
    arg [-lm] ==> lib [m]
    arg [-lgomp] ==> lib [gomp]
    arg [-lgcc_s] ==> lib [gcc_s]
    arg [-lgcc] ==> lib [gcc]
    arg [-lpthread] ==> lib [pthread]
    arg [-lc] ==> lib [c]
    arg [-lgcc_s] ==> lib [gcc_s]
    arg [-lgcc] ==> lib [gcc]
  collapse library dir [/usr/lib/gcc/x86_64-linux-gnu/13] ==> [/usr/lib/gcc/x86_64-linux-gnu/13]
  collapse library dir [/usr/lib/gcc/x86_64-linux-gnu/13/../../../x86_64-linux-gnu] ==> [/usr/lib/x86_64-linux-gnu]
  collapse library dir [/usr/lib/gcc/x86_64-linux-gnu/13/../../../../lib] ==> [/usr/lib]
  collapse library dir [/lib/x86_64-linux-gnu] ==> [/lib/x86_64-linux-gnu]
  collapse library dir [/lib/../lib] ==> [/lib]
  collapse library dir [/usr/lib/x86_64-linux-gnu] ==> [/usr/lib/x86_64-linux-gnu]
  collapse library dir [/usr/lib/../lib] ==> [/usr/lib]
  collapse library dir [/usr/lib/gcc/x86_64-linux-gnu/13/../../..] ==> [/usr/lib]
  implicit libs: [stdc++;m;gomp;gcc_s;gcc;pthread;c;gcc_s;gcc]
  implicit objs: []
  implicit dirs: [/usr/lib/gcc/x86_64-linux-gnu/13;/usr/lib/x86_64-linux-gnu;/usr/lib;/lib/x86_64-linux-gnu;/lib]
  implicit fwks: []


Detecting C OpenMP compiler ABI info compiled with the following output:
Change Dir: '/home/yuanyan/LIO-SAM-ros2/build/lio_sam/CMakeFiles/CMakeTmp'

Run Build Command(s): /usr/bin/cmake -E env VERBOSE=1 /usr/bin/gmake -f Makefile cmTC_72c54/fast
/usr/bin/gmake  -f CMakeFiles/cmTC_72c54.dir/build.make CMakeFiles/cmTC_72c54.dir/build
gmake[1]: Entering directory '/home/yuanyan/LIO-SAM-ros2/build/lio_sam/CMakeFiles/CMakeTmp'
Building C object CMakeFiles/cmTC_72c54.dir/OpenMPTryFlag.c.o
/usr/bin/cc   -fopenmp -v -o CMakeFiles/cmTC_72c54.dir/OpenMPTryFlag.c.o -c /home/yuanyan/LIO-SAM-ros2/build/lio_sam/CMakeFiles/FindOpenMP/OpenMPTryFlag.c
Using built-in specs.
COLLECT_GCC=/usr/bin/cc
OFFLOAD_TARGET_NAMES=nvptx-none:amdgcn-amdhsa
OFFLOAD_TARGET_DEFAULT=1
Target: x86_64-linux-gnu
Configured with: ../src/configure -v --with-pkgversion='Ubuntu 13.3.0-6ubuntu2~24.04' --with-bugurl=file:///usr/share/doc/gcc-13/README.Bugs --enable-languages=c,ada,c++,go,d,fortran,objc,obj-c++,m2 --prefix=/usr --with-gcc-major-version-only --program-suffix=-13 --program-prefix=x86_64-linux-gnu- --enable-shared --enable-linker-build-id --libexecdir=/usr/libexec --without-included-gettext --enable-threads=posix --libdir=/usr/lib --enable-nls --enable-bootstrap --enable-clocale=gnu --enable-libstdcxx-debug --enable-libstdcxx-time=yes --with-default-libstdcxx-abi=new --enable-libstdcxx-backtrace --enable-gnu-unique-object --disable-vtable-verify --enable-plugin --enable-default-pie --with-system-zlib --enable-libphobos-checking=release --with-target-system-zlib=auto --enable-objc-gc=auto --enable-multiarch --disable-werror --enable-cet --with-arch-32=i686 --with-abi=m64 --with-multilib-list=m32,m64,mx32 --enable-multilib --with-tune=generic --enable-offload-targets=nvptx-none=/build/gcc-13-fG75Ri/gcc-13-13.3.0/debian/tmp-nvptx/usr,amdgcn-amdhsa=/build/gcc-13-fG75Ri/gcc-13-13.3.0/debian/tmp-gcn/usr --enable-offload-defaulted --without-cuda-driver --enable-checking=release --build=x86_64-linux-gnu --host=x86_64-linux-gnu --target=x86_64-linux-gnu --with-build-config=bootstrap-lto-lean --enable-link-serialization=2
Thread model: posix
Supported LTO compression algorithms: zlib zstd
gcc version 13.3.0 (Ubuntu 13.3.0-6ubuntu2~24.04) 
COLLECT_GCC_OPTIONS='-fopenmp' '-v' '-o' 'CMakeFiles/cmTC_72c54.dir/OpenMPTryFlag.c.o' '-c' '-mtune=generic' '-march=x86-64' '-pthread' '-dumpdir' 'CMakeFiles/cmTC_72c54.dir/'
 /usr/libexec/gcc/x86_64-linux-gnu/13/cc1 -quiet -v -imultiarch x86_64-linux-gnu -D_REENTRANT /home/yuanyan/LIO-SAM-ros2/build/lio_sam/CMakeFiles/FindOpenMP/OpenMPTryFlag.c -quiet -dumpdir CMakeFiles/cmTC_72c54.dir/ -dumpbase OpenMPTryFlag.c.c -dumpbase-ext .c -mtune=generic -march=x86-64 -version -fopenmp -fasynchronous-unwind-tables -fstack-protector-strong -Wformat -Wformat-security -fstack-clash-protection -fcf-protection -o /tmp/ccRbmU6B.s
GNU C17 (Ubuntu 13.3.0-6ubuntu2~24.04) version 13.3.0 (x86_64-linux-gnu)
	compiled by GNU C version 13.3.0, GMP version 6.3.0, MPFR version 4.2.1, MPC version 1.3.1, isl version isl-0.26-GMP

GGC heuristics: --param ggc-min-expand=100 --param ggc-min-heapsize=131072
ignoring nonexistent directory "/usr/local/include/x86_64-linux-gnu"
ignoring nonexistent directory "/usr/lib/gcc/x86_64-linux-gnu/13/include-fixed/x86_64-linux-gnu"
ignoring nonexistent directory "/usr/lib/gcc/x86_64-linux-gnu/13/include-fixed"
ignoring nonexistent directory "/usr/lib/gcc/x86_64-linux-gnu/13/../../../../x86_64-linux-gnu/include"
#include "..." search starts here:
#include <...> search starts here:
 /usr/lib/gcc/x86_64-linux-gnu/13/include
 /usr/local/include
 /usr/include/x86_64-linux-gnu
 /usr/include
End of search list.
Compiler executable checksum: 38987c28e967c64056a6454abdef726e
COLLECT_GCC_OPTIONS='-fopenmp' '-v' '-o' 'CMakeFiles/cmTC_72c54.dir/OpenMPTryFlag.c.o' '-c' '-mtune=generic' '-march=x86-64' '-pthread' '-dumpdir' 'CMakeFiles/cmTC_72c54.dir/'
 as -v --64 -o CMakeFiles/cmTC_72c54.dir/OpenMPTryFlag.c.o /tmp/ccRbmU6B.s
GNU assembler version 2.42 (x86_64-linux-gnu) using BFD version (GNU Binutils for Ubuntu) 2.42
COMPILER_PATH=/usr/libexec/gcc/x86_64-linux-gnu/13/:/usr/libexec/gcc/x86_64-linux-gnu/13/:/usr/libexec/gcc/x86_64-linux-gnu/:/usr/lib/gcc/x86_64-linux-gnu/13/:/usr/lib/gcc/x86_64-linux-gnu/
LIBRARY_PATH=/usr/lib/gcc/x86_64-linux-gnu/13/:/usr/lib/gcc/x86_64-linux-gnu/13/../../../x86_64-linux-gnu/:/usr/lib/gcc/x86_64-linux-gnu/13/../../../../lib/:/lib/x86_64-linux-gnu/:/lib/../lib/:/usr/lib/x86_64-linux-gnu/:/usr/lib/../lib/:/usr/lib/gcc/x86_64-linux-gnu/13/../../../:/lib/:/usr/lib/
COLLECT_GCC_OPTIONS='-fopenmp' '-v' '-o' 'CMakeFiles/cmTC_72c54.dir/OpenMPTryFlag.c.o' '-c' '-mtune=generic' '-march=x86-64' '-pthread' '-dumpdir' 'CMakeFiles/cmTC_72c54.dir/OpenMPTryFlag.c.'
Linking C executable cmTC_72c54
/usr/bin/cmake -E cmake_link_script CMakeFiles/cmTC_72c54.dir/link.txt --verbose=1
/usr/bin/cc  -fopenmp -v CMakeFiles/cmTC_72c54.dir/OpenMPTryFlag.c.o -o cmTC_72c54  -v 
Using built-in specs.
COLLECT_GCC=/usr/bin/cc
COLLECT_LTO_WRAPPER=/usr/libexec/gcc/x86_64-linux-gnu/13/lto-wrapper
OFFLOAD_TARGET_NAMES=nvptx-none:amdgcn-amdhsa
OFFLOAD_TARGET_DEFAULT=1
Target: x86_64-linux-gnu
Configured with: ../src/configure -v --with-pkgversion='Ubuntu 13.3.0-6ubuntu2~24.04' --with-bugurl=file:///usr/share/doc/gcc-13/README.Bugs --enable-languages=c,ada,c++,go,d,fortran,objc,obj-c++,m2 --prefix=/usr --with-gcc-major-version-only --program-suffix=-13 --program-prefix=x86_64-linux-gnu- --enable-shared --enable-linker-build-id --libexecdir=/usr/libexec --without-included-gettext --enable-threads=posix --libdir=/usr/lib --enable-nls --enable-bootstrap --enable-clocale=gnu --enable-libstdcxx-debug --enable-libstdcxx-time=yes --with-default-libstdcxx-abi=new --enable-libstdcxx-backtrace --enable-gnu-unique-object --disable-vtable-verify --enable-plugin --enable-default-pie --with-system-zlib --enable-libphobos-checking=release --with-target-system-zlib=auto --enable-objc-gc=auto --enable-multiarch --disable-werror --enable-cet --with-arch-32=i686 --with-abi=m64 --with-multilib-list=m32,m64,mx32 --enable-multilib --with-tune=generic --enable-offload-targets=nvptx-none=/build/gcc-13-fG75Ri/gcc-13-13.3.0/debian/tmp-nvptx/usr,amdgcn-amdhsa=/build/gcc-13-fG75Ri/gcc-13-13.3.0/debian/tmp-gcn/usr --enable-offload-defaulted --without-cuda-driver --enable-checking=release --build=x86_64-linux-gnu --host=x86_64-linux-gnu --target=x86_64-linux-gnu --with-build-config=bootstrap-lto-lean --enable-link-serialization=2
Thread model: posix
Supported LTO compression algorithms: zlib zstd
gcc version 13.3.0 (Ubuntu 13.3.0-6ubuntu2~24.04) 
COMPILER_PATH=/usr/libexec/gcc/x86_64-linux-gnu/13/:/usr/libexec/gcc/x86_64-linux-gnu/13/:/usr/libexec/gcc/x86_64-linux-gnu/:/usr/lib/gcc/x86_64-linux-gnu/13/:/usr/lib/gcc/x86_64-linux-gnu/
LIBRARY_PATH=/usr/lib/gcc/x86_64-linux-gnu/13/:/usr/lib/gcc/x86_64-linux-gnu/13/../../../x86_64-linux-gnu/:/usr/lib/gcc/x86_64-linux-gnu/13/../../../../lib/:/lib/x86_64-linux-gnu/:/lib/../lib/:/usr/lib/x86_64-linux-gnu/:/usr/lib/../lib/:/usr/lib/gcc/x86_64-linux-gnu/13/../../../:/lib/:/usr/lib/
Reading specs from /usr/lib/gcc/x86_64-linux-gnu/13/libgomp.spec
COLLECT_GCC_OPTIONS='-fopenmp' '-v' '-o' 'cmTC_72c54' '-v' '-mtune=generic' '-march=x86-64' '-pthread' '-dumpdir' 'cmTC_72c54.'
 /usr/libexec/gcc/x86_64-linux-gnu/13/collect2 -plugin /usr/libexec/gcc/x86_64-linux-gnu/13/liblto_plugin.so -plugin-opt=/usr/libexec/gcc/x86_64-linux-gnu/13/lto-wrapper -plugin-opt=-fresolution=/tmp/ccWEx3sa.res -plugin-opt=-pass-through=-lgcc -plugin-opt=-pass-through=-lgcc_s -plugin-opt=-pass-through=-lpthread -plugin-opt=-pass-through=-lc -plugin-opt=-pass-through=-lgcc -plugin-opt=-pass-through=-lgcc_s --build-id --eh-frame-hdr -m elf_x86_64 --hash-style=gnu --as-needed -dynamic-linker /lib64/ld-linux-x86-64.so.2 -pie -z now -z relro -o cmTC_72c54 /usr/lib/gcc/x86_64-linux-gnu/13/../../../x86_64-linux-gnu/Scrt1.o /usr/lib/gcc/x86_64-linux-gnu/13/../../../x86_64-linux-gnu/crti.o /usr/lib/gcc/x86_64-linux-gnu/13/crtbeginS.o /usr/lib/gcc/x86_64-linux-gnu/13/crtoffloadbegin.o -L/usr/lib/gcc/x86_64-linux-gnu/13 -L/usr/lib/gcc/x86_64-linux-gnu/13/../../../x86_64-linux-gnu -L/usr/lib/gcc/x86_64-linux-gnu/13/../../../../lib -L/lib/x86_64-linux-gnu -L/lib/../lib -L/usr/lib/x86_64-linux-gnu -L/usr/lib/../lib -L/usr/lib/gcc/x86_64-linux-gnu/13/../../.. CMakeFiles/cmTC_72c54.dir/OpenMPTryFlag.c.o -lgomp -lgcc --push-state --as-needed -lgcc_s --pop-state -lpthread -lc -lgcc --push-state --as-needed -lgcc_s --pop-state /usr/lib/gcc/x86_64-linux-gnu/13/crtendS.o /usr/lib/gcc/x86_64-linux-gnu/13/../../../x86_64-linux-gnu/crtn.o /usr/lib/gcc/x86_64-linux-gnu/13/crtoffloadend.o
COLLECT_GCC_OPTIONS='-fopenmp' '-v' '-o' 'cmTC_72c54' '-v' '-mtune=generic' '-march=x86-64' '-pthread' '-dumpdir' 'cmTC_72c54.'
gmake[1]: Leaving directory '/home/yuanyan/LIO-SAM-ros2/build/lio_sam/CMakeFiles/CMakeTmp'



Parsed C OpenMP implicit link information from above output:
  link line regex: [^( *|.*[/\])(ld|CMAKE_LINK_STARTFILE-NOTFOUND|([^/\]+-)?ld|collect2)[^/\]*( |$)]
  ignore line: [Change Dir: '/home/yuanyan/LIO-SAM-ros2/build/lio_sam/CMakeFiles/CMakeTmp']
  ignore line: []
  ignore line: [Run Build Command(s): /usr/bin/cmake -E env VERBOSE=1 /usr/bin/gmake -f Makefile cmTC_72c54/fast]
  ignore line: [/usr/bin/gmake  -f CMakeFiles/cmTC_72c54.dir/build.make CMakeFiles/cmTC_72c54.dir/build]
  ignore line: [gmake[1]: Entering directory '/home/yuanyan/LIO-SAM-ros2/build/lio_sam/CMakeFiles/CMakeTmp']
  ignore line: [Building C object CMakeFiles/cmTC_72c54.dir/OpenMPTryFlag.c.o]
  ignore line: [/usr/bin/cc   -fopenmp -v -o CMakeFiles/cmTC_72c54.dir/OpenMPTryFlag.c.o -c /home/yuanyan/LIO-SAM-ros2/build/lio_sam/CMakeFiles/FindOpenMP/OpenMPTryFlag.c]
  ignore line: [Using built-in specs.]
  ignore line: [COLLECT_GCC=/usr/bin/cc]
  ignore line: [OFFLOAD_TARGET_NAMES=nvptx-none:amdgcn-amdhsa]
  ignore line: [OFFLOAD_TARGET_DEFAULT=1]
  ignore line: [Target: x86_64-linux-gnu]
  ignore line: [Configured with: ../src/configure -v --with-pkgversion='Ubuntu 13.3.0-6ubuntu2~24.04' --with-bugurl=file:///usr/share/doc/gcc-13/README.Bugs --enable-languages=c ada c++ go d fortran objc obj-c++ m2 --prefix=/usr --with-gcc-major-version-only --program-suffix=-13 --program-prefix=x86_64-linux-gnu- --enable-shared --enable-linker-build-id --libexecdir=/usr/libexec --without-included-gettext --enable-threads=posix --libdir=/usr/lib --enable-nls --enable-bootstrap --enable-clocale=gnu --enable-libstdcxx-debug --enable-libstdcxx-time=yes --with-default-libstdcxx-abi=new --enable-libstdcxx-backtrace --enable-gnu-unique-object --disable-vtable-verify --enable-plugin --enable-default-pie --with-system-zlib --enable-libphobos-checking=release --with-target-system-zlib=auto --enable-objc-gc=auto --enable-multiarch --disable-werror --enable-cet --with-arch-32=i686 --with-abi=m64 --with-multilib-list=m32 m64 mx32 --enable-multilib --with-tune=generic --enable-offload-targets=nvptx-none=/build/gcc-13-fG75Ri/gcc-13-13.3.0/debian/tmp-nvptx/usr amdgcn-amdhsa=/build/gcc-13-fG75Ri/gcc-13-13.3.0/debian/tmp-gcn/usr --enable-offload-defaulted --without-cuda-driver --enable-checking=release --build=x86_64-linux-gnu --host=x86_64-linux-gnu --target=x86_64-linux-gnu --with-build-config=bootstrap-lto-lean --enable-link-serialization=2]
  ignore line: [Thread model: posix]
  ignore line: [Supported LTO compression algorithms: zlib zstd]
  ignore line: [gcc version 13.3.0 (Ubuntu 13.3.0-6ubuntu2~24.04) ]
  ignore line: [COLLECT_GCC_OPTIONS='-fopenmp' '-v' '-o' 'CMakeFiles/cmTC_72c54.dir/OpenMPTryFlag.c.o' '-c' '-mtune=generic' '-march=x86-64' '-pthread' '-dumpdir' 'CMakeFiles/cmTC_72c54.dir/']
  ignore line: [ /usr/libexec/gcc/x86_64-linux-gnu/13/cc1 -quiet -v -imultiarch x86_64-linux-gnu -D_REENTRANT /home/yuanyan/LIO-SAM-ros2/build/lio_sam/CMakeFiles/FindOpenMP/OpenMPTryFlag.c -quiet -dumpdir CMakeFiles/cmTC_72c54.dir/ -dumpbase OpenMPTryFlag.c.c -dumpbase-ext .c -mtune=generic -march=x86-64 -version -fopenmp -fasynchronous-unwind-tables -fstack-protector-strong -Wformat -Wformat-security -fstack-clash-protection -fcf-protection -o /tmp/ccRbmU6B.s]
  ignore line: [GNU C17 (Ubuntu 13.3.0-6ubuntu2~24.04) version 13.3.0 (x86_64-linux-gnu)]
  ignore line: [	compiled by GNU C version 13.3.0  GMP version 6.3.0  MPFR version 4.2.1  MPC version 1.3.1  isl version isl-0.26-GMP]
  ignore line: []
  ignore line: [GGC heuristics: --param ggc-min-expand=100 --param ggc-min-heapsize=131072]
  ignore line: [ignoring nonexistent directory "/usr/local/include/x86_64-linux-gnu"]
  ignore line: [ignoring nonexistent directory "/usr/lib/gcc/x86_64-linux-gnu/13/include-fixed/x86_64-linux-gnu"]
  ignore line: [ignoring nonexistent directory "/usr/lib/gcc/x86_64-linux-gnu/13/include-fixed"]
  ignore line: [ignoring nonexistent directory "/usr/lib/gcc/x86_64-linux-gnu/13/../../../../x86_64-linux-gnu/include"]
  ignore line: [#include "..." search starts here:]
  ignore line: [#include <...> search starts here:]
  ignore line: [ /usr/lib/gcc/x86_64-linux-gnu/13/include]
  ignore line: [ /usr/local/include]
  ignore line: [ /usr/include/x86_64-linux-gnu]
  ignore line: [ /usr/include]
  ignore line: [End of search list.]
  ignore line: [Compiler executable checksum: 38987c28e967c64056a6454abdef726e]
  ignore line: [COLLECT_GCC_OPTIONS='-fopenmp' '-v' '-o' 'CMakeFiles/cmTC_72c54.dir/OpenMPTryFlag.c.o' '-c' '-mtune=generic' '-march=x86-64' '-pthread' '-dumpdir' 'CMakeFiles/cmTC_72c54.dir/']
  ignore line: [ as -v --64 -o CMakeFiles/cmTC_72c54.dir/OpenMPTryFlag.c.o /tmp/ccRbmU6B.s]
  ignore line: [GNU assembler version 2.42 (x86_64-linux-gnu) using BFD version (GNU Binutils for Ubuntu) 2.42]
  ignore line: [COMPILER_PATH=/usr/libexec/gcc/x86_64-linux-gnu/13/:/usr/libexec/gcc/x86_64-linux-gnu/13/:/usr/libexec/gcc/x86_64-linux-gnu/:/usr/lib/gcc/x86_64-linux-gnu/13/:/usr/lib/gcc/x86_64-linux-gnu/]
  ignore line: [LIBRARY_PATH=/usr/lib/gcc/x86_64-linux-gnu/13/:/usr/lib/gcc/x86_64-linux-gnu/13/../../../x86_64-linux-gnu/:/usr/lib/gcc/x86_64-linux-gnu/13/../../../../lib/:/lib/x86_64-linux-gnu/:/lib/../lib/:/usr/lib/x86_64-linux-gnu/:/usr/lib/../lib/:/usr/lib/gcc/x86_64-linux-gnu/13/../../../:/lib/:/usr/lib/]
  ignore line: [COLLECT_GCC_OPTIONS='-fopenmp' '-v' '-o' 'CMakeFiles/cmTC_72c54.dir/OpenMPTryFlag.c.o' '-c' '-mtune=generic' '-march=x86-64' '-pthread' '-dumpdir' 'CMakeFiles/cmTC_72c54.dir/OpenMPTryFlag.c.']
  ignore line: [Linking C executable cmTC_72c54]
  ignore line: [/usr/bin/cmake -E cmake_link_script CMakeFiles/cmTC_72c54.dir/link.txt --verbose=1]
  ignore line: [/usr/bin/cc  -fopenmp -v CMakeFiles/cmTC_72c54.dir/OpenMPTryFlag.c.o -o cmTC_72c54  -v ]
  ignore line: [Using built-in specs.]
  ignore line: [COLLECT_GCC=/usr/bin/cc]
  ignore line: [COLLECT_LTO_WRAPPER=/usr/libexec/gcc/x86_64-linux-gnu/13/lto-wrapper]
  ignore line: [OFFLOAD_TARGET_NAMES=nvptx-none:amdgcn-amdhsa]
  ignore line: [OFFLOAD_TARGET_DEFAULT=1]
  ignore line: [Target: x86_64-linux-gnu]
  ignore line: [Configured with: ../src/configure -v --with-pkgversion='Ubuntu 13.3.0-6ubuntu2~24.04' --with-bugurl=file:///usr/share/doc/gcc-13/README.Bugs --enable-languages=c ada c++ go d fortran objc obj-c++ m2 --prefix=/usr --with-gcc-major-version-only --program-suffix=-13 --program-prefix=x86_64-linux-gnu- --enable-shared --enable-linker-build-id --libexecdir=/usr/libexec --without-included-gettext --enable-threads=posix --libdir=/usr/lib --enable-nls --enable-bootstrap --enable-clocale=gnu --enable-libstdcxx-debug --enable-libstdcxx-time=yes --with-default-libstdcxx-abi=new --enable-libstdcxx-backtrace --enable-gnu-unique-object --disable-vtable-verify --enable-plugin --enable-default-pie --with-system-zlib --enable-libphobos-checking=release --with-target-system-zlib=auto --enable-objc-gc=auto --enable-multiarch --disable-werror --enable-cet --with-arch-32=i686 --with-abi=m64 --with-multilib-list=m32 m64 mx32 --enable-multilib --with-tune=generic --enable-offload-targets=nvptx-none=/build/gcc-13-fG75Ri/gcc-13-13.3.0/debian/tmp-nvptx/usr amdgcn-amdhsa=/build/gcc-13-fG75Ri/gcc-13-13.3.0/debian/tmp-gcn/usr --enable-offload-defaulted --without-cuda-driver --enable-checking=release --build=x86_64-linux-gnu --host=x86_64-linux-gnu --target=x86_64-linux-gnu --with-build-config=bootstrap-lto-lean --enable-link-serialization=2]
  ignore line: [Thread model: posix]
  ignore line: [Supported LTO compression algorithms: zlib zstd]
  ignore line: [gcc version 13.3.0 (Ubuntu 13.3.0-6ubuntu2~24.04) ]
  ignore line: [COMPILER_PATH=/usr/libexec/gcc/x86_64-linux-gnu/13/:/usr/libexec/gcc/x86_64-linux-gnu/13/:/usr/libexec/gcc/x86_64-linux-gnu/:/usr/lib/gcc/x86_64-linux-gnu/13/:/usr/lib/gcc/x86_64-linux-gnu/]
  ignore line: [LIBRARY_PATH=/usr/lib/gcc/x86_64-linux-gnu/13/:/usr/lib/gcc/x86_64-linux-gnu/13/../../../x86_64-linux-gnu/:/usr/lib/gcc/x86_64-linux-gnu/13/../../../../lib/:/lib/x86_64-linux-gnu/:/lib/../lib/:/usr/lib/x86_64-linux-gnu/:/usr/lib/../lib/:/usr/lib/gcc/x86_64-linux-gnu/13/../../../:/lib/:/usr/lib/]
  ignore line: [Reading specs from /usr/lib/gcc/x86_64-linux-gnu/13/libgomp.spec]
  ignore line: [COLLECT_GCC_OPTIONS='-fopenmp' '-v' '-o' 'cmTC_72c54' '-v' '-mtune=generic' '-march=x86-64' '-pthread' '-dumpdir' 'cmTC_72c54.']
  link line: [ /usr/libexec/gcc/x86_64-linux-gnu/13/collect2 -plugin /usr/libexec/gcc/x86_64-linux-gnu/13/liblto_plugin.so -plugin-opt=/usr/libexec/gcc/x86_64-linux-gnu/13/lto-wrapper -plugin-opt=-fresolution=/tmp/ccWEx3sa.res -plugin-opt=-pass-through=-lgcc -plugin-opt=-pass-through=-lgcc_s -plugin-opt=-pass-through=-lpthread -plugin-opt=-pass-through=-lc -plugin-opt=-pass-through=-lgcc -plugin-opt=-pass-through=-lgcc_s --build-id --eh-frame-hdr -m elf_x86_64 --hash-style=gnu --as-needed -dynamic-linker /lib64/ld-linux-x86-64.so.2 -pie -z now -z relro -o cmTC_72c54 /usr/lib/gcc/x86_64-linux-gnu/13/../../../x86_64-linux-gnu/Scrt1.o /usr/lib/gcc/x86_64-linux-gnu/13/../../../x86_64-linux-gnu/crti.o /usr/lib/gcc/x86_64-linux-gnu/13/crtbeginS.o /usr/lib/gcc/x86_64-linux-gnu/13/crtoffloadbegin.o -L/usr/lib/gcc/x86_64-linux-gnu/13 -L/usr/lib/gcc/x86_64-linux-gnu/13/../../../x86_64-linux-gnu -L/usr/lib/gcc/x86_64-linux-gnu/13/../../../../lib -L/lib/x86_64-linux-gnu -L/lib/../lib -L/usr/lib/x86_64-linux-gnu -L/usr/lib/../lib -L/usr/lib/gcc/x86_64-linux-gnu/13/../../.. CMakeFiles/cmTC_72c54.dir/OpenMPTryFlag.c.o -lgomp -lgcc --push-state --as-needed -lgcc_s --pop-state -lpthread -lc -lgcc --push-state --as-needed -lgcc_s --pop-state /usr/lib/gcc/x86_64-linux-gnu/13/crtendS.o /usr/lib/gcc/x86_64-linux-gnu/13/../../../x86_64-linux-gnu/crtn.o /usr/lib/gcc/x86_64-linux-gnu/13/crtoffloadend.o]
    arg [/usr/libexec/gcc/x86_64-linux-gnu/13/collect2] ==> ignore
    arg [-plugin] ==> ignore
    arg [/usr/libexec/gcc/x86_64-linux-gnu/13/liblto_plugin.so] ==> ignore
    arg [-plugin-opt=/usr/libexec/gcc/x86_64-linux-gnu/13/lto-wrapper] ==> ignore
    arg [-plugin-opt=-fresolution=/tmp/ccWEx3sa.res] ==> ignore
    arg [-plugin-opt=-pass-through=-lgcc] ==> ignore
    arg [-plugin-opt=-pass-through=-lgcc_s] ==> ignore
    arg [-plugin-opt=-pass-through=-lpthread] ==> ignore
    arg [-plugin-opt=-pass-through=-lc] ==> ignore
    arg [-plugin-opt=-pass-through=-lgcc] ==> ignore
    arg [-plugin-opt=-pass-through=-lgcc_s] ==> ignore
    arg [--build-id] ==> ignore
    arg [--eh-frame-hdr] ==> ignore
    arg [-m] ==> ignore
    arg [elf_x86_64] ==> ignore
    arg [--hash-style=gnu] ==> ignore
    arg [--as-needed] ==> ignore
    arg [-dynamic-linker] ==> ignore
    arg [/lib64/ld-linux-x86-64.so.2] ==> ignore
    arg [-pie] ==> ignore
    arg [-znow] ==> ignore
    arg [-zrelro] ==> ignore
    arg [-o] ==> ignore
    arg [cmTC_72c54] ==> ignore
    arg [-L/usr/lib/gcc/x86_64-linux-gnu/13] ==> dir [/usr/lib/gcc/x86_64-linux-gnu/13]
    arg [-L/usr/lib/gcc/x86_64-linux-gnu/13/../../../x86_64-linux-gnu] ==> dir [/usr/lib/gcc/x86_64-linux-gnu/13/../../../x86_64-linux-gnu]
    arg [-L/usr/lib/gcc/x86_64-linux-gnu/13/../../../../lib] ==> dir [/usr/lib/gcc/x86_64-linux-gnu/13/../../../../lib]
    arg [-L/lib/x86_64-linux-gnu] ==> dir [/lib/x86_64-linux-gnu]
    arg [-L/lib/../lib] ==> dir [/lib/../lib]
    arg [-L/usr/lib/x86_64-linux-gnu] ==> dir [/usr/lib/x86_64-linux-gnu]
    arg [-L/usr/lib/../lib] ==> dir [/usr/lib/../lib]
    arg [-L/usr/lib/gcc/x86_64-linux-gnu/13/../../..] ==> dir [/usr/lib/gcc/x86_64-linux-gnu/13/../../..]
    arg [CMakeFiles/cmTC_72c54.dir/OpenMPTryFlag.c.o] ==> ignore
    arg [-lgomp] ==> lib [gomp]
    arg [-lgcc] ==> lib [gcc]
    arg [--push-state] ==> ignore
    arg [--as-needed] ==> ignore
    arg [-lgcc_s] ==> lib [gcc_s]
    arg [--pop-state] ==> ignore
    arg [-lpthread] ==> lib [pthread]
    arg [-lc] ==> lib [c]
    arg [-lgcc] ==> lib [gcc]
    arg [--push-state] ==> ignore
    arg [--as-needed] ==> ignore
    arg [-lgcc_s] ==> lib [gcc_s]
    arg [--pop-state] ==> ignore
  collapse library dir [/usr/lib/gcc/x86_64-linux-gnu/13] ==> [/usr/lib/gcc/x86_64-linux-gnu/13]
  collapse library dir [/usr/lib/gcc/x86_64-linux-gnu/13/../../../x86_64-linux-gnu] ==> [/usr/lib/x86_64-linux-gnu]
  collapse library dir [/usr/lib/gcc/x86_64-linux-gnu/13/../../../../lib] ==> [/usr/lib]
  collapse library dir [/lib/x86_64-linux-gnu] ==> [/lib/x86_64-linux-gnu]
  collapse library dir [/lib/../lib] ==> [/lib]
  collapse library dir [/usr/lib/x86_64-linux-gnu] ==> [/usr/lib/x86_64-linux-gnu]
  collapse library dir [/usr/lib/../lib] ==> [/usr/lib]
  collapse library dir [/usr/lib/gcc/x86_64-linux-gnu/13/../../..] ==> [/usr/lib]
  implicit libs: [gomp;gcc;gcc_s;pthread;c;gcc;gcc_s]
  implicit objs: []
  implicit dirs: [/usr/lib/gcc/x86_64-linux-gnu/13;/usr/lib/x86_64-linux-gnu;/usr/lib;/lib/x86_64-linux-gnu;/lib]
  implicit fwks: []


Detecting CXX OpenMP compiler ABI info compiled with the following output:
Change Dir: '/home/yuanyan/LIO-SAM-ros2/build/lio_sam/CMakeFiles/CMakeTmp'

Run Build Command(s): /usr/bin/cmake -E env VERBOSE=1 /usr/bin/gmake -f Makefile cmTC_7a757/fast
/usr/bin/gmake  -f CMakeFiles/cmTC_7a757.dir/build.make CMakeFiles/cmTC_7a757.dir/build
gmake[1]: Entering directory '/home/yuanyan/LIO-SAM-ros2/build/lio_sam/CMakeFiles/CMakeTmp'
Building CXX object CMakeFiles/cmTC_7a757.dir/OpenMPTryFlag.cpp.o
/usr/bin/c++   -fopenmp -v -o CMakeFiles/cmTC_7a757.dir/OpenMPTryFlag.cpp.o -c /home/yuanyan/LIO-SAM-ros2/build/lio_sam/CMakeFiles/FindOpenMP/OpenMPTryFlag.cpp
Using built-in specs.
COLLECT_GCC=/usr/bin/c++
OFFLOAD_TARGET_NAMES=nvptx-none:amdgcn-amdhsa
OFFLOAD_TARGET_DEFAULT=1
Target: x86_64-linux-gnu
Configured with: ../src/configure -v --with-pkgversion='Ubuntu 13.3.0-6ubuntu2~24.04' --with-bugurl=file:///usr/share/doc/gcc-13/README.Bugs --enable-languages=c,ada,c++,go,d,fortran,objc,obj-c++,m2 --prefix=/usr --with-gcc-major-version-only --program-suffix=-13 --program-prefix=x86_64-linux-gnu- --enable-shared --enable-linker-build-id --libexecdir=/usr/libexec --without-included-gettext --enable-threads=posix --libdir=/usr/lib --enable-nls --enable-bootstrap --enable-clocale=gnu --enable-libstdcxx-debug --enable-libstdcxx-time=yes --with-default-libstdcxx-abi=new --enable-libstdcxx-backtrace --enable-gnu-unique-object --disable-vtable-verify --enable-plugin --enable-default-pie --with-system-zlib --enable-libphobos-checking=release --with-target-system-zlib=auto --enable-objc-gc=auto --enable-multiarch --disable-werror --enable-cet --with-arch-32=i686 --with-abi=m64 --with-multilib-list=m32,m64,mx32 --enable-multilib --with-tune=generic --enable-offload-targets=nvptx-none=/build/gcc-13-fG75Ri/gcc-13-13.3.0/debian/tmp-nvptx/usr,amdgcn-amdhsa=/build/gcc-13-fG75Ri/gcc-13-13.3.0/debian/tmp-gcn/usr --enable-offload-defaulted --without-cuda-driver --enable-checking=release --build=x86_64-linux-gnu --host=x86_64-linux-gnu --target=x86_64-linux-gnu --with-build-config=bootstrap-lto-lean --enable-link-serialization=2
Thread model: posix
Supported LTO compression algorithms: zlib zstd
gcc version 13.3.0 (Ubuntu 13.3.0-6ubuntu2~24.04) 
COLLECT_GCC_OPTIONS='-fopenmp' '-v' '-o' 'CMakeFiles/cmTC_7a757.dir/OpenMPTryFlag.cpp.o' '-c' '-shared-libgcc' '-mtune=generic' '-march=x86-64' '-pthread' '-dumpdir' 'CMakeFiles/cmTC_7a757.dir/'
 /usr/libexec/gcc/x86_64-linux-gnu/13/cc1plus -quiet -v -imultiarch x86_64-linux-gnu -D_GNU_SOURCE -D_REENTRANT /home/yuanyan/LIO-SAM-ros2/build/lio_sam/CMakeFiles/FindOpenMP/OpenMPTryFlag.cpp -quiet -dumpdir CMakeFiles/cmTC_7a757.dir/ -dumpbase OpenMPTryFlag.cpp.cpp -dumpbase-ext .cpp -mtune=generic -march=x86-64 -version -fopenmp -fasynchronous-unwind-tables -fstack-protector-strong -Wformat -Wformat-security -fstack-clash-protection -fcf-protection -o /tmp/ccaitzGm.s
GNU C++17 (Ubuntu 13.3.0-6ubuntu2~24.04) version 13.3.0 (x86_64-linux-gnu)
	compiled by GNU C version 13.3.0, GMP version 6.3.0, MPFR version 4.2.1, MPC version 1.3.1, isl version isl-0.26-GMP

GGC heuristics: --param ggc-min-expand=100 --param ggc-min-heapsize=131072
ignoring duplicate directory "/usr/include/x86_64-linux-gnu/c++/13"
ignoring nonexistent directory "/usr/local/include/x86_64-linux-gnu"
ignoring nonexistent directory "/usr/lib/gcc/x86_64-linux-gnu/13/include-fixed/x86_64-linux-gnu"
ignoring nonexistent directory "/usr/lib/gcc/x86_64-linux-gnu/13/include-fixed"
ignoring nonexistent directory "/usr/lib/gcc/x86_64-linux-gnu/13/../../../../x86_64-linux-gnu/include"
#include "..." search starts here:
#include <...> search starts here:
 /usr/include/c++/13
 /usr/include/x86_64-linux-gnu/c++/13
 /usr/include/c++/13/backward
 /usr/lib/gcc/x86_64-linux-gnu/13/include
 /usr/local/include
 /usr/include/x86_64-linux-gnu
 /usr/include
End of search list.
Compiler executable checksum: c81c05345ce537099dafd5580045814a
COLLECT_GCC_OPTIONS='-fopenmp' '-v' '-o' 'CMakeFiles/cmTC_7a757.dir/OpenMPTryFlag.cpp.o' '-c' '-shared-libgcc' '-mtune=generic' '-march=x86-64' '-pthread' '-dumpdir' 'CMakeFiles/cmTC_7a757.dir/'
 as -v --64 -o CMakeFiles/cmTC_7a757.dir/OpenMPTryFlag.cpp.o /tmp/ccaitzGm.s
GNU assembler version 2.42 (x86_64-linux-gnu) using BFD version (GNU Binutils for Ubuntu) 2.42
COMPILER_PATH=/usr/libexec/gcc/x86_64-linux-gnu/13/:/usr/libexec/gcc/x86_64-linux-gnu/13/:/usr/libexec/gcc/x86_64-linux-gnu/:/usr/lib/gcc/x86_64-linux-gnu/13/:/usr/lib/gcc/x86_64-linux-gnu/
LIBRARY_PATH=/usr/lib/gcc/x86_64-linux-gnu/13/:/usr/lib/gcc/x86_64-linux-gnu/13/../../../x86_64-linux-gnu/:/usr/lib/gcc/x86_64-linux-gnu/13/../../../../lib/:/lib/x86_64-linux-gnu/:/lib/../lib/:/usr/lib/x86_64-linux-gnu/:/usr/lib/../lib/:/usr/lib/gcc/x86_64-linux-gnu/13/../../../:/lib/:/usr/lib/
COLLECT_GCC_OPTIONS='-fopenmp' '-v' '-o' 'CMakeFiles/cmTC_7a757.dir/OpenMPTryFlag.cpp.o' '-c' '-shared-libgcc' '-mtune=generic' '-march=x86-64' '-pthread' '-dumpdir' 'CMakeFiles/cmTC_7a757.dir/OpenMPTryFlag.cpp.'
Linking CXX executable cmTC_7a757
/usr/bin/cmake -E cmake_link_script CMakeFiles/cmTC_7a757.dir/link.txt --verbose=1
/usr/bin/c++  -fopenmp -v CMakeFiles/cmTC_7a757.dir/OpenMPTryFlag.cpp.o -o cmTC_7a757  -v 
Using built-in specs.
COLLECT_GCC=/usr/bin/c++
COLLECT_LTO_WRAPPER=/usr/libexec/gcc/x86_64-linux-gnu/13/lto-wrapper
OFFLOAD_TARGET_NAMES=nvptx-none:amdgcn-amdhsa
OFFLOAD_TARGET_DEFAULT=1
Target: x86_64-linux-gnu
Configured with: ../src/configure -v --with-pkgversion='Ubuntu 13.3.0-6ubuntu2~24.04' --with-bugurl=file:///usr/share/doc/gcc-13/README.Bugs --enable-languages=c,ada,c++,go,d,fortran,objc,obj-c++,m2 --prefix=/usr --with-gcc-major-version-only --program-suffix=-13 --program-prefix=x86_64-linux-gnu- --enable-shared --enable-linker-build-id --libexecdir=/usr/libexec --without-included-gettext --enable-threads=posix --libdir=/usr/lib --enable-nls --enable-bootstrap --enable-clocale=gnu --enable-libstdcxx-debug --enable-libstdcxx-time=yes --with-default-libstdcxx-abi=new --enable-libstdcxx-backtrace --enable-gnu-unique-object --disable-vtable-verify --enable-plugin --enable-default-pie --with-system-zlib --enable-libphobos-checking=release --with-target-system-zlib=auto --enable-objc-gc=auto --enable-multiarch --disable-werror --enable-cet --with-arch-32=i686 --with-abi=m64 --with-multilib-list=m32,m64,mx32 --enable-multilib --with-tune=generic --enable-offload-targets=nvptx-none=/build/gcc-13-fG75Ri/gcc-13-13.3.0/debian/tmp-nvptx/usr,amdgcn-amdhsa=/build/gcc-13-fG75Ri/gcc-13-13.3.0/debian/tmp-gcn/usr --enable-offload-defaulted --without-cuda-driver --enable-checking=release --build=x86_64-linux-gnu --host=x86_64-linux-gnu --target=x86_64-linux-gnu --with-build-config=bootstrap-lto-lean --enable-link-serialization=2
Thread model: posix
Supported LTO compression algorithms: zlib zstd
gcc version 13.3.0 (Ubuntu 13.3.0-6ubuntu2~24.04) 
COMPILER_PATH=/usr/libexec/gcc/x86_64-linux-gnu/13/:/usr/libexec/gcc/x86_64-linux-gnu/13/:/usr/libexec/gcc/x86_64-linux-gnu/:/usr/lib/gcc/x86_64-linux-gnu/13/:/usr/lib/gcc/x86_64-linux-gnu/
LIBRARY_PATH=/usr/lib/gcc/x86_64-linux-gnu/13/:/usr/lib/gcc/x86_64-linux-gnu/13/../../../x86_64-linux-gnu/:/usr/lib/gcc/x86_64-linux-gnu/13/../../../../lib/:/lib/x86_64-linux-gnu/:/lib/../lib/:/usr/lib/x86_64-linux-gnu/:/usr/lib/../lib/:/usr/lib/gcc/x86_64-linux-gnu/13/../../../:/lib/:/usr/lib/
Reading specs from /usr/lib/gcc/x86_64-linux-gnu/13/libgomp.spec
COLLECT_GCC_OPTIONS='-fopenmp' '-v' '-o' 'cmTC_7a757' '-v' '-shared-libgcc' '-mtune=generic' '-march=x86-64' '-pthread' '-dumpdir' 'cmTC_7a757.'
 /usr/libexec/gcc/x86_64-linux-gnu/13/collect2 -plugin /usr/libexec/gcc/x86_64-linux-gnu/13/liblto_plugin.so -plugin-opt=/usr/libexec/gcc/x86_64-linux-gnu/13/lto-wrapper -plugin-opt=-fresolution=/tmp/ccjGh5R5.res -plugin-opt=-pass-through=-lgcc_s -plugin-opt=-pass-through=-lgcc -plugin-opt=-pass-through=-lpthread -plugin-opt=-pass-through=-lc -plugin-opt=-pass-through=-lgcc_s -plugin-opt=-pass-through=-lgcc --build-id --eh-frame-hdr -m elf_x86_64 --hash-style=gnu --as-needed -dynamic-linker /lib64/ld-linux-x86-64.so.2 -pie -z now -z relro -o cmTC_7a757 /usr/lib/gcc/x86_64-linux-gnu/13/../../../x86_64-linux-gnu/Scrt1.o /usr/lib/gcc/x86_64-linux-gnu/13/../../../x86_64-linux-gnu/crti.o /usr/lib/gcc/x86_64-linux-gnu/13/crtbeginS.o /usr/lib/gcc/x86_64-linux-gnu/13/crtoffloadbegin.o -L/usr/lib/gcc/x86_64-linux-gnu/13 -L/usr/lib/gcc/x86_64-linux-gnu/13/../../../x86_64-linux-gnu -L/usr/lib/gcc/x86_64-linux-gnu/13/../../../../lib -L/lib/x86_64-linux-gnu -L/lib/../lib -L/usr/lib/x86_64-linux-gnu -L/usr/lib/../lib -L/usr/lib/gcc/x86_64-linux-gnu/13/../../.. CMakeFiles/cmTC_7a757.dir/OpenMPTryFlag.cpp.o -lstdc++ -lm -lgomp -lgcc_s -lgcc -lpthread -lc -lgcc_s -lgcc /usr/lib/gcc/x86_64-linux-gnu/13/crtendS.o /usr/lib/gcc/x86_64-linux-gnu/13/../../../x86_64-linux-gnu/crtn.o /usr/lib/gcc/x86_64-linux-gnu/13/crtoffloadend.o
COLLECT_GCC_OPTIONS='-fopenmp' '-v' '-o' 'cmTC_7a757' '-v' '-shared-libgcc' '-mtune=generic' '-march=x86-64' '-pthread' '-dumpdir' 'cmTC_7a757.'
gmake[1]: Leaving directory '/home/yuanyan/LIO-SAM-ros2/build/lio_sam/CMakeFiles/CMakeTmp'



Parsed CXX OpenMP implicit link information from above output:
  link line regex: [^( *|.*[/\])(ld|CMAKE_LINK_STARTFILE-NOTFOUND|([^/\]+-)?ld|collect2)[^/\]*( |$)]
  ignore line: [Change Dir: '/home/yuanyan/LIO-SAM-ros2/build/lio_sam/CMakeFiles/CMakeTmp']
  ignore line: []
  ignore line: [Run Build Command(s): /usr/bin/cmake -E env VERBOSE=1 /usr/bin/gmake -f Makefile cmTC_7a757/fast]
  ignore line: [/usr/bin/gmake  -f CMakeFiles/cmTC_7a757.dir/build.make CMakeFiles/cmTC_7a757.dir/build]
  ignore line: [gmake[1]: Entering directory '/home/yuanyan/LIO-SAM-ros2/build/lio_sam/CMakeFiles/CMakeTmp']
  ignore line: [Building CXX object CMakeFiles/cmTC_7a757.dir/OpenMPTryFlag.cpp.o]
  ignore line: [/usr/bin/c++   -fopenmp -v -o CMakeFiles/cmTC_7a757.dir/OpenMPTryFlag.cpp.o -c /home/yuanyan/LIO-SAM-ros2/build/lio_sam/CMakeFiles/FindOpenMP/OpenMPTryFlag.cpp]
  ignore line: [Using built-in specs.]
  ignore line: [COLLECT_GCC=/usr/bin/c++]
  ignore line: [OFFLOAD_TARGET_NAMES=nvptx-none:amdgcn-amdhsa]
  ignore line: [OFFLOAD_TARGET_DEFAULT=1]
  ignore line: [Target: x86_64-linux-gnu]
  ignore line: [Configured with: ../src/configure -v --with-pkgversion='Ubuntu 13.3.0-6ubuntu2~24.04' --with-bugurl=file:///usr/share/doc/gcc-13/README.Bugs --enable-languages=c ada c++ go d fortran objc obj-c++ m2 --prefix=/usr --with-gcc-major-version-only --program-suffix=-13 --program-prefix=x86_64-linux-gnu- --enable-shared --enable-linker-build-id --libexecdir=/usr/libexec --without-included-gettext --enable-threads=posix --libdir=/usr/lib --enable-nls --enable-bootstrap --enable-clocale=gnu --enable-libstdcxx-debug --enable-libstdcxx-time=yes --with-default-libstdcxx-abi=new --enable-libstdcxx-backtrace --enable-gnu-unique-object --disable-vtable-verify --enable-plugin --enable-default-pie --with-system-zlib --enable-libphobos-checking=release --with-target-system-zlib=auto --enable-objc-gc=auto --enable-multiarch --disable-werror --enable-cet --with-arch-32=i686 --with-abi=m64 --with-multilib-list=m32 m64 mx32 --enable-multilib --with-tune=generic --enable-offload-targets=nvptx-none=/build/gcc-13-fG75Ri/gcc-13-13.3.0/debian/tmp-nvptx/usr amdgcn-amdhsa=/build/gcc-13-fG75Ri/gcc-13-13.3.0/debian/tmp-gcn/usr --enable-offload-defaulted --without-cuda-driver --enable-checking=release --build=x86_64-linux-gnu --host=x86_64-linux-gnu --target=x86_64-linux-gnu --with-build-config=bootstrap-lto-lean --enable-link-serialization=2]
  ignore line: [Thread model: posix]
  ignore line: [Supported LTO compression algorithms: zlib zstd]
  ignore line: [gcc version 13.3.0 (Ubuntu 13.3.0-6ubuntu2~24.04) ]
  ignore line: [COLLECT_GCC_OPTIONS='-fopenmp' '-v' '-o' 'CMakeFiles/cmTC_7a757.dir/OpenMPTryFlag.cpp.o' '-c' '-shared-libgcc' '-mtune=generic' '-march=x86-64' '-pthread' '-dumpdir' 'CMakeFiles/cmTC_7a757.dir/']
  ignore line: [ /usr/libexec/gcc/x86_64-linux-gnu/13/cc1plus -quiet -v -imultiarch x86_64-linux-gnu -D_GNU_SOURCE -D_REENTRANT /home/yuanyan/LIO-SAM-ros2/build/lio_sam/CMakeFiles/FindOpenMP/OpenMPTryFlag.cpp -quiet -dumpdir CMakeFiles/cmTC_7a757.dir/ -dumpbase OpenMPTryFlag.cpp.cpp -dumpbase-ext .cpp -mtune=generic -march=x86-64 -version -fopenmp -fasynchronous-unwind-tables -fstack-protector-strong -Wformat -Wformat-security -fstack-clash-protection -fcf-protection -o /tmp/ccaitzGm.s]
  ignore line: [GNU C++17 (Ubuntu 13.3.0-6ubuntu2~24.04) version 13.3.0 (x86_64-linux-gnu)]
  ignore line: [	compiled by GNU C version 13.3.0  GMP version 6.3.0  MPFR version 4.2.1  MPC version 1.3.1  isl version isl-0.26-GMP]
  ignore line: []
  ignore line: [GGC heuristics: --param ggc-min-expand=100 --param ggc-min-heapsize=131072]
  ignore line: [ignoring duplicate directory "/usr/include/x86_64-linux-gnu/c++/13"]
  ignore line: [ignoring nonexistent directory "/usr/local/include/x86_64-linux-gnu"]
  ignore line: [ignoring nonexistent directory "/usr/lib/gcc/x86_64-linux-gnu/13/include-fixed/x86_64-linux-gnu"]
  ignore line: [ignoring nonexistent directory "/usr/lib/gcc/x86_64-linux-gnu/13/include-fixed"]
  ignore line: [ignoring nonexistent directory "/usr/lib/gcc/x86_64-linux-gnu/13/../../../../x86_64-linux-gnu/include"]
  ignore line: [#include "..." search starts here:]
  ignore line: [#include <...> search starts here:]
  ignore line: [ /usr/include/c++/13]
  ignore line: [ /usr/include/x86_64-linux-gnu/c++/13]
  ignore line: [ /usr/include/c++/13/backward]
  ignore line: [ /usr/lib/gcc/x86_64-linux-gnu/13/include]
  ignore line: [ /usr/local/include]
  ignore line: [ /usr/include/x86_64-linux-gnu]
  ignore line: [ /usr/include]
  ignore line: [End of search list.]
  ignore line: [Compiler executable checksum: c81c05345ce537099dafd5580045814a]
  ignore line: [COLLECT_GCC_OPTIONS='-fopenmp' '-v' '-o' 'CMakeFiles/cmTC_7a757.dir/OpenMPTryFlag.cpp.o' '-c' '-shared-libgcc' '-mtune=generic' '-march=x86-64' '-pthread' '-dumpdir' 'CMakeFiles/cmTC_7a757.dir/']
  ignore line: [ as -v --64 -o CMakeFiles/cmTC_7a757.dir/OpenMPTryFlag.cpp.o /tmp/ccaitzGm.s]
  ignore line: [GNU assembler version 2.42 (x86_64-linux-gnu) using BFD version (GNU Binutils for Ubuntu) 2.42]
  ignore line: [COMPILER_PATH=/usr/libexec/gcc/x86_64-linux-gnu/13/:/usr/libexec/gcc/x86_64-linux-gnu/13/:/usr/libexec/gcc/x86_64-linux-gnu/:/usr/lib/gcc/x86_64-linux-gnu/13/:/usr/lib/gcc/x86_64-linux-gnu/]
  ignore line: [LIBRARY_PATH=/usr/lib/gcc/x86_64-linux-gnu/13/:/usr/lib/gcc/x86_64-linux-gnu/13/../../../x86_64-linux-gnu/:/usr/lib/gcc/x86_64-linux-gnu/13/../../../../lib/:/lib/x86_64-linux-gnu/:/lib/../lib/:/usr/lib/x86_64-linux-gnu/:/usr/lib/../lib/:/usr/lib/gcc/x86_64-linux-gnu/13/../../../:/lib/:/usr/lib/]
  ignore line: [COLLECT_GCC_OPTIONS='-fopenmp' '-v' '-o' 'CMakeFiles/cmTC_7a757.dir/OpenMPTryFlag.cpp.o' '-c' '-shared-libgcc' '-mtune=generic' '-march=x86-64' '-pthread' '-dumpdir' 'CMakeFiles/cmTC_7a757.dir/OpenMPTryFlag.cpp.']
  ignore line: [Linking CXX executable cmTC_7a757]
  ignore line: [/usr/bin/cmake -E cmake_link_script CMakeFiles/cmTC_7a757.dir/link.txt --verbose=1]
  ignore line: [/usr/bin/c++  -fopenmp -v CMakeFiles/cmTC_7a757.dir/OpenMPTryFlag.cpp.o -o cmTC_7a757  -v ]
  ignore line: [Using built-in specs.]
  ignore line: [COLLECT_GCC=/usr/bin/c++]
  ignore line: [COLLECT_LTO_WRAPPER=/usr/libexec/gcc/x86_64-linux-gnu/13/lto-wrapper]
  ignore line: [OFFLOAD_TARGET_NAMES=nvptx-none:amdgcn-amdhsa]
  ignore line: [OFFLOAD_TARGET_DEFAULT=1]
  ignore line: [Target: x86_64-linux-gnu]
  ignore line: [Configured with: ../src/configure -v --with-pkgversion='Ubuntu 13.3.0-6ubuntu2~24.04' --with-bugurl=file:///usr/share/doc/gcc-13/README.Bugs --enable-languages=c ada c++ go d fortran objc obj-c++ m2 --prefix=/usr --with-gcc-major-version-only --program-suffix=-13 --program-prefix=x86_64-linux-gnu- --enable-shared --enable-linker-build-id --libexecdir=/usr/libexec --without-included-gettext --enable-threads=posix --libdir=/usr/lib --enable-nls --enable-bootstrap --enable-clocale=gnu --enable-libstdcxx-debug --enable-libstdcxx-time=yes --with-default-libstdcxx-abi=new --enable-libstdcxx-backtrace --enable-gnu-unique-object --disable-vtable-verify --enable-plugin --enable-default-pie --with-system-zlib --enable-libphobos-checking=release --with-target-system-zlib=auto --enable-objc-gc=auto --enable-multiarch --disable-werror --enable-cet --with-arch-32=i686 --with-abi=m64 --with-multilib-list=m32 m64 mx32 --enable-multilib --with-tune=generic --enable-offload-targets=nvptx-none=/build/gcc-13-fG75Ri/gcc-13-13.3.0/debian/tmp-nvptx/usr amdgcn-amdhsa=/build/gcc-13-fG75Ri/gcc-13-13.3.0/debian/tmp-gcn/usr --enable-offload-defaulted --without-cuda-driver --enable-checking=release --build=x86_64-linux-gnu --host=x86_64-linux-gnu --target=x86_64-linux-gnu --with-build-config=bootstrap-lto-lean --enable-link-serialization=2]
  ignore line: [Thread model: posix]
  ignore line: [Supported LTO compression algorithms: zlib zstd]
  ignore line: [gcc version 13.3.0 (Ubuntu 13.3.0-6ubuntu2~24.04) ]
  ignore line: [COMPILER_PATH=/usr/libexec/gcc/x86_64-linux-gnu/13/:/usr/libexec/gcc/x86_64-linux-gnu/13/:/usr/libexec/gcc/x86_64-linux-gnu/:/usr/lib/gcc/x86_64-linux-gnu/13/:/usr/lib/gcc/x86_64-linux-gnu/]
  ignore line: [LIBRARY_PATH=/usr/lib/gcc/x86_64-linux-gnu/13/:/usr/lib/gcc/x86_64-linux-gnu/13/../../../x86_64-linux-gnu/:/usr/lib/gcc/x86_64-linux-gnu/13/../../../../lib/:/lib/x86_64-linux-gnu/:/lib/../lib/:/usr/lib/x86_64-linux-gnu/:/usr/lib/../lib/:/usr/lib/gcc/x86_64-linux-gnu/13/../../../:/lib/:/usr/lib/]
  ignore line: [Reading specs from /usr/lib/gcc/x86_64-linux-gnu/13/libgomp.spec]
  ignore line: [COLLECT_GCC_OPTIONS='-fopenmp' '-v' '-o' 'cmTC_7a757' '-v' '-shared-libgcc' '-mtune=generic' '-march=x86-64' '-pthread' '-dumpdir' 'cmTC_7a757.']
  link line: [ /usr/libexec/gcc/x86_64-linux-gnu/13/collect2 -plugin /usr/libexec/gcc/x86_64-linux-gnu/13/liblto_plugin.so -plugin-opt=/usr/libexec/gcc/x86_64-linux-gnu/13/lto-wrapper -plugin-opt=-fresolution=/tmp/ccjGh5R5.res -plugin-opt=-pass-through=-lgcc_s -plugin-opt=-pass-through=-lgcc -plugin-opt=-pass-through=-lpthread -plugin-opt=-pass-through=-lc -plugin-opt=-pass-through=-lgcc_s -plugin-opt=-pass-through=-lgcc --build-id --eh-frame-hdr -m elf_x86_64 --hash-style=gnu --as-needed -dynamic-linker /lib64/ld-linux-x86-64.so.2 -pie -z now -z relro -o cmTC_7a757 /usr/lib/gcc/x86_64-linux-gnu/13/../../../x86_64-linux-gnu/Scrt1.o /usr/lib/gcc/x86_64-linux-gnu/13/../../../x86_64-linux-gnu/crti.o /usr/lib/gcc/x86_64-linux-gnu/13/crtbeginS.o /usr/lib/gcc/x86_64-linux-gnu/13/crtoffloadbegin.o -L/usr/lib/gcc/x86_64-linux-gnu/13 -L/usr/lib/gcc/x86_64-linux-gnu/13/../../../x86_64-linux-gnu -L/usr/lib/gcc/x86_64-linux-gnu/13/../../../../lib -L/lib/x86_64-linux-gnu -L/lib/../lib -L/usr/lib/x86_64-linux-gnu -L/usr/lib/../lib -L/usr/lib/gcc/x86_64-linux-gnu/13/../../.. CMakeFiles/cmTC_7a757.dir/OpenMPTryFlag.cpp.o -lstdc++ -lm -lgomp -lgcc_s -lgcc -lpthread -lc -lgcc_s -lgcc /usr/lib/gcc/x86_64-linux-gnu/13/crtendS.o /usr/lib/gcc/x86_64-linux-gnu/13/../../../x86_64-linux-gnu/crtn.o /usr/lib/gcc/x86_64-linux-gnu/13/crtoffloadend.o]
    arg [/usr/libexec/gcc/x86_64-linux-gnu/13/collect2] ==> ignore
    arg [-plugin] ==> ignore
    arg [/usr/libexec/gcc/x86_64-linux-gnu/13/liblto_plugin.so] ==> ignore
    arg [-plugin-opt=/usr/libexec/gcc/x86_64-linux-gnu/13/lto-wrapper] ==> ignore
    arg [-plugin-opt=-fresolution=/tmp/ccjGh5R5.res] ==> ignore
    arg [-plugin-opt=-pass-through=-lgcc_s] ==> ignore
    arg [-plugin-opt=-pass-through=-lgcc] ==> ignore
    arg [-plugin-opt=-pass-through=-lpthread] ==> ignore
    arg [-plugin-opt=-pass-through=-lc] ==> ignore
    arg [-plugin-opt=-pass-through=-lgcc_s] ==> ignore
    arg [-plugin-opt=-pass-through=-lgcc] ==> ignore
    arg [--build-id] ==> ignore
    arg [--eh-frame-hdr] ==> ignore
    arg [-m] ==> ignore
    arg [elf_x86_64] ==> ignore
    arg [--hash-style=gnu] ==> ignore
    arg [--as-needed] ==> ignore
    arg [-dynamic-linker] ==> ignore
    arg [/lib64/ld-linux-x86-64.so.2] ==> ignore
    arg [-pie] ==> ignore
    arg [-znow] ==> ignore
    arg [-zrelro] ==> ignore
    arg [-o] ==> ignore
    arg [cmTC_7a757] ==> ignore
    arg [-L/usr/lib/gcc/x86_64-linux-gnu/13] ==> dir [/usr/lib/gcc/x86_64-linux-gnu/13]
    arg [-L/usr/lib/gcc/x86_64-linux-gnu/13/../../../x86_64-linux-gnu] ==> dir [/usr/lib/gcc/x86_64-linux-gnu/13/../../../x86_64-linux-gnu]
    arg [-L/usr/lib/gcc/x86_64-linux-gnu/13/../../../../lib] ==> dir [/usr/lib/gcc/x86_64-linux-gnu/13/../../../../lib]
    arg [-L/lib/x86_64-linux-gnu] ==> dir [/lib/x86_64-linux-gnu]
    arg [-L/lib/../lib] ==> dir [/lib/../lib]
    arg [-L/usr/lib/x86_64-linux-gnu] ==> dir [/usr/lib/x86_64-linux-gnu]
    arg [-L/usr/lib/../lib] ==> dir [/usr/lib/../lib]
    arg [-L/usr/lib/gcc/x86_64-linux-gnu/13/../../..] ==> dir [/usr/lib/gcc/x86_64-linux-gnu/13/../../..]
    arg [CMakeFiles/cmTC_7a757.dir/OpenMPTryFlag.cpp.o] ==> ignore
    arg [-lstdc++] ==> lib [stdc++]
    arg [-lm] ==> lib [m]
    arg [-lgomp] ==> lib [gomp]
    arg [-lgcc_s] ==> lib [gcc_s]
    arg [-lgcc] ==> lib [gcc]
    arg [-lpthread] ==> lib [pthread]
    arg [-lc] ==> lib [c]
    arg [-lgcc_s] ==> lib [gcc_s]
    arg [-lgcc] ==> lib [gcc]
  collapse library dir [/usr/lib/gcc/x86_64-linux-gnu/13] ==> [/usr/lib/gcc/x86_64-linux-gnu/13]
  collapse library dir [/usr/lib/gcc/x86_64-linux-gnu/13/../../../x86_64-linux-gnu] ==> [/usr/lib/x86_64-linux-gnu]
  collapse library dir [/usr/lib/gcc/x86_64-linux-gnu/13/../../../../lib] ==> [/usr/lib]
  collapse library dir [/lib/x86_64-linux-gnu] ==> [/lib/x86_64-linux-gnu]
  collapse library dir [/lib/../lib] ==> [/lib]
  collapse library dir [/usr/lib/x86_64-linux-gnu] ==> [/usr/lib/x86_64-linux-gnu]
  collapse library dir [/usr/lib/../lib] ==> [/usr/lib]
  collapse library dir [/usr/lib/gcc/x86_64-linux-gnu/13/../../..] ==> [/usr/lib]
  implicit libs: [stdc++;m;gomp;gcc_s;gcc;pthread;c;gcc_s;gcc]
  implicit objs: []
  implicit dirs: [/usr/lib/gcc/x86_64-linux-gnu/13;/usr/lib/x86_64-linux-gnu;/usr/lib;/lib/x86_64-linux-gnu;/lib]
  implicit fwks: []


Detecting C OpenMP compiler ABI info compiled with the following output:
Change Dir: '/home/yuanyan/LIO-SAM-ros2/build/lio_sam/CMakeFiles/CMakeTmp'

Run Build Command(s): /usr/bin/cmake -E env VERBOSE=1 /usr/bin/gmake -f Makefile cmTC_073a9/fast
/usr/bin/gmake  -f CMakeFiles/cmTC_073a9.dir/build.make CMakeFiles/cmTC_073a9.dir/build
gmake[1]: Entering directory '/home/yuanyan/LIO-SAM-ros2/build/lio_sam/CMakeFiles/CMakeTmp'
Building C object CMakeFiles/cmTC_073a9.dir/OpenMPTryFlag.c.o
/usr/bin/cc   -fopenmp -v -o CMakeFiles/cmTC_073a9.dir/OpenMPTryFlag.c.o -c /home/yuanyan/LIO-SAM-ros2/build/lio_sam/CMakeFiles/FindOpenMP/OpenMPTryFlag.c
Using built-in specs.
COLLECT_GCC=/usr/bin/cc
OFFLOAD_TARGET_NAMES=nvptx-none:amdgcn-amdhsa
OFFLOAD_TARGET_DEFAULT=1
Target: x86_64-linux-gnu
Configured with: ../src/configure -v --with-pkgversion='Ubuntu 13.3.0-6ubuntu2~24.04' --with-bugurl=file:///usr/share/doc/gcc-13/README.Bugs --enable-languages=c,ada,c++,go,d,fortran,objc,obj-c++,m2 --prefix=/usr --with-gcc-major-version-only --program-suffix=-13 --program-prefix=x86_64-linux-gnu- --enable-shared --enable-linker-build-id --libexecdir=/usr/libexec --without-included-gettext --enable-threads=posix --libdir=/usr/lib --enable-nls --enable-bootstrap --enable-clocale=gnu --enable-libstdcxx-debug --enable-libstdcxx-time=yes --with-default-libstdcxx-abi=new --enable-libstdcxx-backtrace --enable-gnu-unique-object --disable-vtable-verify --enable-plugin --enable-default-pie --with-system-zlib --enable-libphobos-checking=release --with-target-system-zlib=auto --enable-objc-gc=auto --enable-multiarch --disable-werror --enable-cet --with-arch-32=i686 --with-abi=m64 --with-multilib-list=m32,m64,mx32 --enable-multilib --with-tune=generic --enable-offload-targets=nvptx-none=/build/gcc-13-fG75Ri/gcc-13-13.3.0/debian/tmp-nvptx/usr,amdgcn-amdhsa=/build/gcc-13-fG75Ri/gcc-13-13.3.0/debian/tmp-gcn/usr --enable-offload-defaulted --without-cuda-driver --enable-checking=release --build=x86_64-linux-gnu --host=x86_64-linux-gnu --target=x86_64-linux-gnu --with-build-config=bootstrap-lto-lean --enable-link-serialization=2
Thread model: posix
Supported LTO compression algorithms: zlib zstd
gcc version 13.3.0 (Ubuntu 13.3.0-6ubuntu2~24.04) 
COLLECT_GCC_OPTIONS='-fopenmp' '-v' '-o' 'CMakeFiles/cmTC_073a9.dir/OpenMPTryFlag.c.o' '-c' '-mtune=generic' '-march=x86-64' '-pthread' '-dumpdir' 'CMakeFiles/cmTC_073a9.dir/'
 /usr/libexec/gcc/x86_64-linux-gnu/13/cc1 -quiet -v -imultiarch x86_64-linux-gnu -D_REENTRANT /home/yuanyan/LIO-SAM-ros2/build/lio_sam/CMakeFiles/FindOpenMP/OpenMPTryFlag.c -quiet -dumpdir CMakeFiles/cmTC_073a9.dir/ -dumpbase OpenMPTryFlag.c.c -dumpbase-ext .c -mtune=generic -march=x86-64 -version -fopenmp -fasynchronous-unwind-tables -fstack-protector-strong -Wformat -Wformat-security -fstack-clash-protection -fcf-protection -o /tmp/ccF4HzGX.s
GNU C17 (Ubuntu 13.3.0-6ubuntu2~24.04) version 13.3.0 (x86_64-linux-gnu)
	compiled by GNU C version 13.3.0, GMP version 6.3.0, MPFR version 4.2.1, MPC version 1.3.1, isl version isl-0.26-GMP

GGC heuristics: --param ggc-min-expand=100 --param ggc-min-heapsize=131072
ignoring nonexistent directory "/usr/local/include/x86_64-linux-gnu"
ignoring nonexistent directory "/usr/lib/gcc/x86_64-linux-gnu/13/include-fixed/x86_64-linux-gnu"
ignoring nonexistent directory "/usr/lib/gcc/x86_64-linux-gnu/13/include-fixed"
ignoring nonexistent directory "/usr/lib/gcc/x86_64-linux-gnu/13/../../../../x86_64-linux-gnu/include"
#include "..." search starts here:
#include <...> search starts here:
 /usr/lib/gcc/x86_64-linux-gnu/13/include
 /usr/local/include
 /usr/include/x86_64-linux-gnu
 /usr/include
End of search list.
Compiler executable checksum: 38987c28e967c64056a6454abdef726e
COLLECT_GCC_OPTIONS='-fopenmp' '-v' '-o' 'CMakeFiles/cmTC_073a9.dir/OpenMPTryFlag.c.o' '-c' '-mtune=generic' '-march=x86-64' '-pthread' '-dumpdir' 'CMakeFiles/cmTC_073a9.dir/'
 as -v --64 -o CMakeFiles/cmTC_073a9.dir/OpenMPTryFlag.c.o /tmp/ccF4HzGX.s
GNU assembler version 2.42 (x86_64-linux-gnu) using BFD version (GNU Binutils for Ubuntu) 2.42
COMPILER_PATH=/usr/libexec/gcc/x86_64-linux-gnu/13/:/usr/libexec/gcc/x86_64-linux-gnu/13/:/usr/libexec/gcc/x86_64-linux-gnu/:/usr/lib/gcc/x86_64-linux-gnu/13/:/usr/lib/gcc/x86_64-linux-gnu/
LIBRARY_PATH=/usr/lib/gcc/x86_64-linux-gnu/13/:/usr/lib/gcc/x86_64-linux-gnu/13/../../../x86_64-linux-gnu/:/usr/lib/gcc/x86_64-linux-gnu/13/../../../../lib/:/lib/x86_64-linux-gnu/:/lib/../lib/:/usr/lib/x86_64-linux-gnu/:/usr/lib/../lib/:/usr/lib/gcc/x86_64-linux-gnu/13/../../../:/lib/:/usr/lib/
COLLECT_GCC_OPTIONS='-fopenmp' '-v' '-o' 'CMakeFiles/cmTC_073a9.dir/OpenMPTryFlag.c.o' '-c' '-mtune=generic' '-march=x86-64' '-pthread' '-dumpdir' 'CMakeFiles/cmTC_073a9.dir/OpenMPTryFlag.c.'
Linking C executable cmTC_073a9
/usr/bin/cmake -E cmake_link_script CMakeFiles/cmTC_073a9.dir/link.txt --verbose=1
/usr/bin/cc  -fopenmp -v CMakeFiles/cmTC_073a9.dir/OpenMPTryFlag.c.o -o cmTC_073a9  -v 
Using built-in specs.
COLLECT_GCC=/usr/bin/cc
COLLECT_LTO_WRAPPER=/usr/libexec/gcc/x86_64-linux-gnu/13/lto-wrapper
OFFLOAD_TARGET_NAMES=nvptx-none:amdgcn-amdhsa
OFFLOAD_TARGET_DEFAULT=1
Target: x86_64-linux-gnu
Configured with: ../src/configure -v --with-pkgversion='Ubuntu 13.3.0-6ubuntu2~24.04' --with-bugurl=file:///usr/share/doc/gcc-13/README.Bugs --enable-languages=c,ada,c++,go,d,fortran,objc,obj-c++,m2 --prefix=/usr --with-gcc-major-version-only --program-suffix=-13 --program-prefix=x86_64-linux-gnu- --enable-shared --enable-linker-build-id --libexecdir=/usr/libexec --without-included-gettext --enable-threads=posix --libdir=/usr/lib --enable-nls --enable-bootstrap --enable-clocale=gnu --enable-libstdcxx-debug --enable-libstdcxx-time=yes --with-default-libstdcxx-abi=new --enable-libstdcxx-backtrace --enable-gnu-unique-object --disable-vtable-verify --enable-plugin --enable-default-pie --with-system-zlib --enable-libphobos-checking=release --with-target-system-zlib=auto --enable-objc-gc=auto --enable-multiarch --disable-werror --enable-cet --with-arch-32=i686 --with-abi=m64 --with-multilib-list=m32,m64,mx32 --enable-multilib --with-tune=generic --enable-offload-targets=nvptx-none=/build/gcc-13-fG75Ri/gcc-13-13.3.0/debian/tmp-nvptx/usr,amdgcn-amdhsa=/build/gcc-13-fG75Ri/gcc-13-13.3.0/debian/tmp-gcn/usr --enable-offload-defaulted --without-cuda-driver --enable-checking=release --build=x86_64-linux-gnu --host=x86_64-linux-gnu --target=x86_64-linux-gnu --with-build-config=bootstrap-lto-lean --enable-link-serialization=2
Thread model: posix
Supported LTO compression algorithms: zlib zstd
gcc version 13.3.0 (Ubuntu 13.3.0-6ubuntu2~24.04) 
COMPILER_PATH=/usr/libexec/gcc/x86_64-linux-gnu/13/:/usr/libexec/gcc/x86_64-linux-gnu/13/:/usr/libexec/gcc/x86_64-linux-gnu/:/usr/lib/gcc/x86_64-linux-gnu/13/:/usr/lib/gcc/x86_64-linux-gnu/
LIBRARY_PATH=/usr/lib/gcc/x86_64-linux-gnu/13/:/usr/lib/gcc/x86_64-linux-gnu/13/../../../x86_64-linux-gnu/:/usr/lib/gcc/x86_64-linux-gnu/13/../../../../lib/:/lib/x86_64-linux-gnu/:/lib/../lib/:/usr/lib/x86_64-linux-gnu/:/usr/lib/../lib/:/usr/lib/gcc/x86_64-linux-gnu/13/../../../:/lib/:/usr/lib/
Reading specs from /usr/lib/gcc/x86_64-linux-gnu/13/libgomp.spec
COLLECT_GCC_OPTIONS='-fopenmp' '-v' '-o' 'cmTC_073a9' '-v' '-mtune=generic' '-march=x86-64' '-pthread' '-dumpdir' 'cmTC_073a9.'
 /usr/libexec/gcc/x86_64-linux-gnu/13/collect2 -plugin /usr/libexec/gcc/x86_64-linux-gnu/13/liblto_plugin.so -plugin-opt=/usr/libexec/gcc/x86_64-linux-gnu/13/lto-wrapper -plugin-opt=-fresolution=/tmp/cc9j2iT9.res -plugin-opt=-pass-through=-lgcc -plugin-opt=-pass-through=-lgcc_s -plugin-opt=-pass-through=-lpthread -plugin-opt=-pass-through=-lc -plugin-opt=-pass-through=-lgcc -plugin-opt=-pass-through=-lgcc_s --build-id --eh-frame-hdr -m elf_x86_64 --hash-style=gnu --as-needed -dynamic-linker /lib64/ld-linux-x86-64.so.2 -pie -z now -z relro -o cmTC_073a9 /usr/lib/gcc/x86_64-linux-gnu/13/../../../x86_64-linux-gnu/Scrt1.o /usr/lib/gcc/x86_64-linux-gnu/13/../../../x86_64-linux-gnu/crti.o /usr/lib/gcc/x86_64-linux-gnu/13/crtbeginS.o /usr/lib/gcc/x86_64-linux-gnu/13/crtoffloadbegin.o -L/usr/lib/gcc/x86_64-linux-gnu/13 -L/usr/lib/gcc/x86_64-linux-gnu/13/../../../x86_64-linux-gnu -L/usr/lib/gcc/x86_64-linux-gnu/13/../../../../lib -L/lib/x86_64-linux-gnu -L/lib/../lib -L/usr/lib/x86_64-linux-gnu -L/usr/lib/../lib -L/usr/lib/gcc/x86_64-linux-gnu/13/../../.. CMakeFiles/cmTC_073a9.dir/OpenMPTryFlag.c.o -lgomp -lgcc --push-state --as-needed -lgcc_s --pop-state -lpthread -lc -lgcc --push-state --as-needed -lgcc_s --pop-state /usr/lib/gcc/x86_64-linux-gnu/13/crtendS.o /usr/lib/gcc/x86_64-linux-gnu/13/../../../x86_64-linux-gnu/crtn.o /usr/lib/gcc/x86_64-linux-gnu/13/crtoffloadend.o
COLLECT_GCC_OPTIONS='-fopenmp' '-v' '-o' 'cmTC_073a9' '-v' '-mtune=generic' '-march=x86-64' '-pthread' '-dumpdir' 'cmTC_073a9.'
gmake[1]: Leaving directory '/home/yuanyan/LIO-SAM-ros2/build/lio_sam/CMakeFiles/CMakeTmp'



Parsed C OpenMP implicit link information from above output:
  link line regex: [^( *|.*[/\])(ld|CMAKE_LINK_STARTFILE-NOTFOUND|([^/\]+-)?ld|collect2)[^/\]*( |$)]
  ignore line: [Change Dir: '/home/yuanyan/LIO-SAM-ros2/build/lio_sam/CMakeFiles/CMakeTmp']
  ignore line: []
  ignore line: [Run Build Command(s): /usr/bin/cmake -E env VERBOSE=1 /usr/bin/gmake -f Makefile cmTC_073a9/fast]
  ignore line: [/usr/bin/gmake  -f CMakeFiles/cmTC_073a9.dir/build.make CMakeFiles/cmTC_073a9.dir/build]
  ignore line: [gmake[1]: Entering directory '/home/yuanyan/LIO-SAM-ros2/build/lio_sam/CMakeFiles/CMakeTmp']
  ignore line: [Building C object CMakeFiles/cmTC_073a9.dir/OpenMPTryFlag.c.o]
  ignore line: [/usr/bin/cc   -fopenmp -v -o CMakeFiles/cmTC_073a9.dir/OpenMPTryFlag.c.o -c /home/yuanyan/LIO-SAM-ros2/build/lio_sam/CMakeFiles/FindOpenMP/OpenMPTryFlag.c]
  ignore line: [Using built-in specs.]
  ignore line: [COLLECT_GCC=/usr/bin/cc]
  ignore line: [OFFLOAD_TARGET_NAMES=nvptx-none:amdgcn-amdhsa]
  ignore line: [OFFLOAD_TARGET_DEFAULT=1]
  ignore line: [Target: x86_64-linux-gnu]
  ignore line: [Configured with: ../src/configure -v --with-pkgversion='Ubuntu 13.3.0-6ubuntu2~24.04' --with-bugurl=file:///usr/share/doc/gcc-13/README.Bugs --enable-languages=c ada c++ go d fortran objc obj-c++ m2 --prefix=/usr --with-gcc-major-version-only --program-suffix=-13 --program-prefix=x86_64-linux-gnu- --enable-shared --enable-linker-build-id --libexecdir=/usr/libexec --without-included-gettext --enable-threads=posix --libdir=/usr/lib --enable-nls --enable-bootstrap --enable-clocale=gnu --enable-libstdcxx-debug --enable-libstdcxx-time=yes --with-default-libstdcxx-abi=new --enable-libstdcxx-backtrace --enable-gnu-unique-object --disable-vtable-verify --enable-plugin --enable-default-pie --with-system-zlib --enable-libphobos-checking=release --with-target-system-zlib=auto --enable-objc-gc=auto --enable-multiarch --disable-werror --enable-cet --with-arch-32=i686 --with-abi=m64 --with-multilib-list=m32 m64 mx32 --enable-multilib --with-tune=generic --enable-offload-targets=nvptx-none=/build/gcc-13-fG75Ri/gcc-13-13.3.0/debian/tmp-nvptx/usr amdgcn-amdhsa=/build/gcc-13-fG75Ri/gcc-13-13.3.0/debian/tmp-gcn/usr --enable-offload-defaulted --without-cuda-driver --enable-checking=release --build=x86_64-linux-gnu --host=x86_64-linux-gnu --target=x86_64-linux-gnu --with-build-config=bootstrap-lto-lean --enable-link-serialization=2]
  ignore line: [Thread model: posix]
  ignore line: [Supported LTO compression algorithms: zlib zstd]
  ignore line: [gcc version 13.3.0 (Ubuntu 13.3.0-6ubuntu2~24.04) ]
  ignore line: [COLLECT_GCC_OPTIONS='-fopenmp' '-v' '-o' 'CMakeFiles/cmTC_073a9.dir/OpenMPTryFlag.c.o' '-c' '-mtune=generic' '-march=x86-64' '-pthread' '-dumpdir' 'CMakeFiles/cmTC_073a9.dir/']
  ignore line: [ /usr/libexec/gcc/x86_64-linux-gnu/13/cc1 -quiet -v -imultiarch x86_64-linux-gnu -D_REENTRANT /home/yuanyan/LIO-SAM-ros2/build/lio_sam/CMakeFiles/FindOpenMP/OpenMPTryFlag.c -quiet -dumpdir CMakeFiles/cmTC_073a9.dir/ -dumpbase OpenMPTryFlag.c.c -dumpbase-ext .c -mtune=generic -march=x86-64 -version -fopenmp -fasynchronous-unwind-tables -fstack-protector-strong -Wformat -Wformat-security -fstack-clash-protection -fcf-protection -o /tmp/ccF4HzGX.s]
  ignore line: [GNU C17 (Ubuntu 13.3.0-6ubuntu2~24.04) version 13.3.0 (x86_64-linux-gnu)]
  ignore line: [	compiled by GNU C version 13.3.0  GMP version 6.3.0  MPFR version 4.2.1  MPC version 1.3.1  isl version isl-0.26-GMP]
  ignore line: []
  ignore line: [GGC heuristics: --param ggc-min-expand=100 --param ggc-min-heapsize=131072]
  ignore line: [ignoring nonexistent directory "/usr/local/include/x86_64-linux-gnu"]
  ignore line: [ignoring nonexistent directory "/usr/lib/gcc/x86_64-linux-gnu/13/include-fixed/x86_64-linux-gnu"]
  ignore line: [ignoring nonexistent directory "/usr/lib/gcc/x86_64-linux-gnu/13/include-fixed"]
  ignore line: [ignoring nonexistent directory "/usr/lib/gcc/x86_64-linux-gnu/13/../../../../x86_64-linux-gnu/include"]
  ignore line: [#include "..." search starts here:]
  ignore line: [#include <...> search starts here:]
  ignore line: [ /usr/lib/gcc/x86_64-linux-gnu/13/include]
  ignore line: [ /usr/local/include]
  ignore line: [ /usr/include/x86_64-linux-gnu]
  ignore line: [ /usr/include]
  ignore line: [End of search list.]
  ignore line: [Compiler executable checksum: 38987c28e967c64056a6454abdef726e]
  ignore line: [COLLECT_GCC_OPTIONS='-fopenmp' '-v' '-o' 'CMakeFiles/cmTC_073a9.dir/OpenMPTryFlag.c.o' '-c' '-mtune=generic' '-march=x86-64' '-pthread' '-dumpdir' 'CMakeFiles/cmTC_073a9.dir/']
  ignore line: [ as -v --64 -o CMakeFiles/cmTC_073a9.dir/OpenMPTryFlag.c.o /tmp/ccF4HzGX.s]
  ignore line: [GNU assembler version 2.42 (x86_64-linux-gnu) using BFD version (GNU Binutils for Ubuntu) 2.42]
  ignore line: [COMPILER_PATH=/usr/libexec/gcc/x86_64-linux-gnu/13/:/usr/libexec/gcc/x86_64-linux-gnu/13/:/usr/libexec/gcc/x86_64-linux-gnu/:/usr/lib/gcc/x86_64-linux-gnu/13/:/usr/lib/gcc/x86_64-linux-gnu/]
  ignore line: [LIBRARY_PATH=/usr/lib/gcc/x86_64-linux-gnu/13/:/usr/lib/gcc/x86_64-linux-gnu/13/../../../x86_64-linux-gnu/:/usr/lib/gcc/x86_64-linux-gnu/13/../../../../lib/:/lib/x86_64-linux-gnu/:/lib/../lib/:/usr/lib/x86_64-linux-gnu/:/usr/lib/../lib/:/usr/lib/gcc/x86_64-linux-gnu/13/../../../:/lib/:/usr/lib/]
  ignore line: [COLLECT_GCC_OPTIONS='-fopenmp' '-v' '-o' 'CMakeFiles/cmTC_073a9.dir/OpenMPTryFlag.c.o' '-c' '-mtune=generic' '-march=x86-64' '-pthread' '-dumpdir' 'CMakeFiles/cmTC_073a9.dir/OpenMPTryFlag.c.']
  ignore line: [Linking C executable cmTC_073a9]
  ignore line: [/usr/bin/cmake -E cmake_link_script CMakeFiles/cmTC_073a9.dir/link.txt --verbose=1]
  ignore line: [/usr/bin/cc  -fopenmp -v CMakeFiles/cmTC_073a9.dir/OpenMPTryFlag.c.o -o cmTC_073a9  -v ]
  ignore line: [Using built-in specs.]
  ignore line: [COLLECT_GCC=/usr/bin/cc]
  ignore line: [COLLECT_LTO_WRAPPER=/usr/libexec/gcc/x86_64-linux-gnu/13/lto-wrapper]
  ignore line: [OFFLOAD_TARGET_NAMES=nvptx-none:amdgcn-amdhsa]
  ignore line: [OFFLOAD_TARGET_DEFAULT=1]
  ignore line: [Target: x86_64-linux-gnu]
  ignore line: [Configured with: ../src/configure -v --with-pkgversion='Ubuntu 13.3.0-6ubuntu2~24.04' --with-bugurl=file:///usr/share/doc/gcc-13/README.Bugs --enable-languages=c ada c++ go d fortran objc obj-c++ m2 --prefix=/usr --with-gcc-major-version-only --program-suffix=-13 --program-prefix=x86_64-linux-gnu- --enable-shared --enable-linker-build-id --libexecdir=/usr/libexec --without-included-gettext --enable-threads=posix --libdir=/usr/lib --enable-nls --enable-bootstrap --enable-clocale=gnu --enable-libstdcxx-debug --enable-libstdcxx-time=yes --with-default-libstdcxx-abi=new --enable-libstdcxx-backtrace --enable-gnu-unique-object --disable-vtable-verify --enable-plugin --enable-default-pie --with-system-zlib --enable-libphobos-checking=release --with-target-system-zlib=auto --enable-objc-gc=auto --enable-multiarch --disable-werror --enable-cet --with-arch-32=i686 --with-abi=m64 --with-multilib-list=m32 m64 mx32 --enable-multilib --with-tune=generic --enable-offload-targets=nvptx-none=/build/gcc-13-fG75Ri/gcc-13-13.3.0/debian/tmp-nvptx/usr amdgcn-amdhsa=/build/gcc-13-fG75Ri/gcc-13-13.3.0/debian/tmp-gcn/usr --enable-offload-defaulted --without-cuda-driver --enable-checking=release --build=x86_64-linux-gnu --host=x86_64-linux-gnu --target=x86_64-linux-gnu --with-build-config=bootstrap-lto-lean --enable-link-serialization=2]
  ignore line: [Thread model: posix]
  ignore line: [Supported LTO compression algorithms: zlib zstd]
  ignore line: [gcc version 13.3.0 (Ubuntu 13.3.0-6ubuntu2~24.04) ]
  ignore line: [COMPILER_PATH=/usr/libexec/gcc/x86_64-linux-gnu/13/:/usr/libexec/gcc/x86_64-linux-gnu/13/:/usr/libexec/gcc/x86_64-linux-gnu/:/usr/lib/gcc/x86_64-linux-gnu/13/:/usr/lib/gcc/x86_64-linux-gnu/]
  ignore line: [LIBRARY_PATH=/usr/lib/gcc/x86_64-linux-gnu/13/:/usr/lib/gcc/x86_64-linux-gnu/13/../../../x86_64-linux-gnu/:/usr/lib/gcc/x86_64-linux-gnu/13/../../../../lib/:/lib/x86_64-linux-gnu/:/lib/../lib/:/usr/lib/x86_64-linux-gnu/:/usr/lib/../lib/:/usr/lib/gcc/x86_64-linux-gnu/13/../../../:/lib/:/usr/lib/]
  ignore line: [Reading specs from /usr/lib/gcc/x86_64-linux-gnu/13/libgomp.spec]
  ignore line: [COLLECT_GCC_OPTIONS='-fopenmp' '-v' '-o' 'cmTC_073a9' '-v' '-mtune=generic' '-march=x86-64' '-pthread' '-dumpdir' 'cmTC_073a9.']
  link line: [ /usr/libexec/gcc/x86_64-linux-gnu/13/collect2 -plugin /usr/libexec/gcc/x86_64-linux-gnu/13/liblto_plugin.so -plugin-opt=/usr/libexec/gcc/x86_64-linux-gnu/13/lto-wrapper -plugin-opt=-fresolution=/tmp/cc9j2iT9.res -plugin-opt=-pass-through=-lgcc -plugin-opt=-pass-through=-lgcc_s -plugin-opt=-pass-through=-lpthread -plugin-opt=-pass-through=-lc -plugin-opt=-pass-through=-lgcc -plugin-opt=-pass-through=-lgcc_s --build-id --eh-frame-hdr -m elf_x86_64 --hash-style=gnu --as-needed -dynamic-linker /lib64/ld-linux-x86-64.so.2 -pie -z now -z relro -o cmTC_073a9 /usr/lib/gcc/x86_64-linux-gnu/13/../../../x86_64-linux-gnu/Scrt1.o /usr/lib/gcc/x86_64-linux-gnu/13/../../../x86_64-linux-gnu/crti.o /usr/lib/gcc/x86_64-linux-gnu/13/crtbeginS.o /usr/lib/gcc/x86_64-linux-gnu/13/crtoffloadbegin.o -L/usr/lib/gcc/x86_64-linux-gnu/13 -L/usr/lib/gcc/x86_64-linux-gnu/13/../../../x86_64-linux-gnu -L/usr/lib/gcc/x86_64-linux-gnu/13/../../../../lib -L/lib/x86_64-linux-gnu -L/lib/../lib -L/usr/lib/x86_64-linux-gnu -L/usr/lib/../lib -L/usr/lib/gcc/x86_64-linux-gnu/13/../../.. CMakeFiles/cmTC_073a9.dir/OpenMPTryFlag.c.o -lgomp -lgcc --push-state --as-needed -lgcc_s --pop-state -lpthread -lc -lgcc --push-state --as-needed -lgcc_s --pop-state /usr/lib/gcc/x86_64-linux-gnu/13/crtendS.o /usr/lib/gcc/x86_64-linux-gnu/13/../../../x86_64-linux-gnu/crtn.o /usr/lib/gcc/x86_64-linux-gnu/13/crtoffloadend.o]
    arg [/usr/libexec/gcc/x86_64-linux-gnu/13/collect2] ==> ignore
    arg [-plugin] ==> ignore
    arg [/usr/libexec/gcc/x86_64-linux-gnu/13/liblto_plugin.so] ==> ignore
    arg [-plugin-opt=/usr/libexec/gcc/x86_64-linux-gnu/13/lto-wrapper] ==> ignore
    arg [-plugin-opt=-fresolution=/tmp/cc9j2iT9.res] ==> ignore
    arg [-plugin-opt=-pass-through=-lgcc] ==> ignore
    arg [-plugin-opt=-pass-through=-lgcc_s] ==> ignore
    arg [-plugin-opt=-pass-through=-lpthread] ==> ignore
    arg [-plugin-opt=-pass-through=-lc] ==> ignore
    arg [-plugin-opt=-pass-through=-lgcc] ==> ignore
    arg [-plugin-opt=-pass-through=-lgcc_s] ==> ignore
    arg [--build-id] ==> ignore
    arg [--eh-frame-hdr] ==> ignore
    arg [-m] ==> ignore
    arg [elf_x86_64] ==> ignore
    arg [--hash-style=gnu] ==> ignore
    arg [--as-needed] ==> ignore
    arg [-dynamic-linker] ==> ignore
    arg [/lib64/ld-linux-x86-64.so.2] ==> ignore
    arg [-pie] ==> ignore
    arg [-znow] ==> ignore
    arg [-zrelro] ==> ignore
    arg [-o] ==> ignore
    arg [cmTC_073a9] ==> ignore
    arg [-L/usr/lib/gcc/x86_64-linux-gnu/13] ==> dir [/usr/lib/gcc/x86_64-linux-gnu/13]
    arg [-L/usr/lib/gcc/x86_64-linux-gnu/13/../../../x86_64-linux-gnu] ==> dir [/usr/lib/gcc/x86_64-linux-gnu/13/../../../x86_64-linux-gnu]
    arg [-L/usr/lib/gcc/x86_64-linux-gnu/13/../../../../lib] ==> dir [/usr/lib/gcc/x86_64-linux-gnu/13/../../../../lib]
    arg [-L/lib/x86_64-linux-gnu] ==> dir [/lib/x86_64-linux-gnu]
    arg [-L/lib/../lib] ==> dir [/lib/../lib]
    arg [-L/usr/lib/x86_64-linux-gnu] ==> dir [/usr/lib/x86_64-linux-gnu]
    arg [-L/usr/lib/../lib] ==> dir [/usr/lib/../lib]
    arg [-L/usr/lib/gcc/x86_64-linux-gnu/13/../../..] ==> dir [/usr/lib/gcc/x86_64-linux-gnu/13/../../..]
    arg [CMakeFiles/cmTC_073a9.dir/OpenMPTryFlag.c.o] ==> ignore
    arg [-lgomp] ==> lib [gomp]
    arg [-lgcc] ==> lib [gcc]
    arg [--push-state] ==> ignore
    arg [--as-needed] ==> ignore
    arg [-lgcc_s] ==> lib [gcc_s]
    arg [--pop-state] ==> ignore
    arg [-lpthread] ==> lib [pthread]
    arg [-lc] ==> lib [c]
    arg [-lgcc] ==> lib [gcc]
    arg [--push-state] ==> ignore
    arg [--as-needed] ==> ignore
    arg [-lgcc_s] ==> lib [gcc_s]
    arg [--pop-state] ==> ignore
  collapse library dir [/usr/lib/gcc/x86_64-linux-gnu/13] ==> [/usr/lib/gcc/x86_64-linux-gnu/13]
  collapse library dir [/usr/lib/gcc/x86_64-linux-gnu/13/../../../x86_64-linux-gnu] ==> [/usr/lib/x86_64-linux-gnu]
  collapse library dir [/usr/lib/gcc/x86_64-linux-gnu/13/../../../../lib] ==> [/usr/lib]
  collapse library dir [/lib/x86_64-linux-gnu] ==> [/lib/x86_64-linux-gnu]
  collapse library dir [/lib/../lib] ==> [/lib]
  collapse library dir [/usr/lib/x86_64-linux-gnu] ==> [/usr/lib/x86_64-linux-gnu]
  collapse library dir [/usr/lib/../lib] ==> [/usr/lib]
  collapse library dir [/usr/lib/gcc/x86_64-linux-gnu/13/../../..] ==> [/usr/lib]
  implicit libs: [gomp;gcc;gcc_s;pthread;c;gcc;gcc_s]
  implicit objs: []
  implicit dirs: [/usr/lib/gcc/x86_64-linux-gnu/13;/usr/lib/x86_64-linux-gnu;/usr/lib;/lib/x86_64-linux-gnu;/lib]
  implicit fwks: []


Detecting CXX OpenMP compiler ABI info compiled with the following output:
Change Dir: '/home/yuanyan/LIO-SAM-ros2/build/lio_sam/CMakeFiles/CMakeTmp'

Run Build Command(s): /usr/bin/cmake -E env VERBOSE=1 /usr/bin/gmake -f Makefile cmTC_5dd0b/fast
/usr/bin/gmake  -f CMakeFiles/cmTC_5dd0b.dir/build.make CMakeFiles/cmTC_5dd0b.dir/build
gmake[1]: Entering directory '/home/yuanyan/LIO-SAM-ros2/build/lio_sam/CMakeFiles/CMakeTmp'
Building CXX object CMakeFiles/cmTC_5dd0b.dir/OpenMPTryFlag.cpp.o
/usr/bin/c++   -fopenmp -v -o CMakeFiles/cmTC_5dd0b.dir/OpenMPTryFlag.cpp.o -c /home/yuanyan/LIO-SAM-ros2/build/lio_sam/CMakeFiles/FindOpenMP/OpenMPTryFlag.cpp
Using built-in specs.
COLLECT_GCC=/usr/bin/c++
OFFLOAD_TARGET_NAMES=nvptx-none:amdgcn-amdhsa
OFFLOAD_TARGET_DEFAULT=1
Target: x86_64-linux-gnu
Configured with: ../src/configure -v --with-pkgversion='Ubuntu 13.3.0-6ubuntu2~24.04' --with-bugurl=file:///usr/share/doc/gcc-13/README.Bugs --enable-languages=c,ada,c++,go,d,fortran,objc,obj-c++,m2 --prefix=/usr --with-gcc-major-version-only --program-suffix=-13 --program-prefix=x86_64-linux-gnu- --enable-shared --enable-linker-build-id --libexecdir=/usr/libexec --without-included-gettext --enable-threads=posix --libdir=/usr/lib --enable-nls --enable-bootstrap --enable-clocale=gnu --enable-libstdcxx-debug --enable-libstdcxx-time=yes --with-default-libstdcxx-abi=new --enable-libstdcxx-backtrace --enable-gnu-unique-object --disable-vtable-verify --enable-plugin --enable-default-pie --with-system-zlib --enable-libphobos-checking=release --with-target-system-zlib=auto --enable-objc-gc=auto --enable-multiarch --disable-werror --enable-cet --with-arch-32=i686 --with-abi=m64 --with-multilib-list=m32,m64,mx32 --enable-multilib --with-tune=generic --enable-offload-targets=nvptx-none=/build/gcc-13-fG75Ri/gcc-13-13.3.0/debian/tmp-nvptx/usr,amdgcn-amdhsa=/build/gcc-13-fG75Ri/gcc-13-13.3.0/debian/tmp-gcn/usr --enable-offload-defaulted --without-cuda-driver --enable-checking=release --build=x86_64-linux-gnu --host=x86_64-linux-gnu --target=x86_64-linux-gnu --with-build-config=bootstrap-lto-lean --enable-link-serialization=2
Thread model: posix
Supported LTO compression algorithms: zlib zstd
gcc version 13.3.0 (Ubuntu 13.3.0-6ubuntu2~24.04) 
COLLECT_GCC_OPTIONS='-fopenmp' '-v' '-o' 'CMakeFiles/cmTC_5dd0b.dir/OpenMPTryFlag.cpp.o' '-c' '-shared-libgcc' '-mtune=generic' '-march=x86-64' '-pthread' '-dumpdir' 'CMakeFiles/cmTC_5dd0b.dir/'
 /usr/libexec/gcc/x86_64-linux-gnu/13/cc1plus -quiet -v -imultiarch x86_64-linux-gnu -D_GNU_SOURCE -D_REENTRANT /home/yuanyan/LIO-SAM-ros2/build/lio_sam/CMakeFiles/FindOpenMP/OpenMPTryFlag.cpp -quiet -dumpdir CMakeFiles/cmTC_5dd0b.dir/ -dumpbase OpenMPTryFlag.cpp.cpp -dumpbase-ext .cpp -mtune=generic -march=x86-64 -version -fopenmp -fasynchronous-unwind-tables -fstack-protector-strong -Wformat -Wformat-security -fstack-clash-protection -fcf-protection -o /tmp/cclNwUa0.s
GNU C++17 (Ubuntu 13.3.0-6ubuntu2~24.04) version 13.3.0 (x86_64-linux-gnu)
	compiled by GNU C version 13.3.0, GMP version 6.3.0, MPFR version 4.2.1, MPC version 1.3.1, isl version isl-0.26-GMP

GGC heuristics: --param ggc-min-expand=100 --param ggc-min-heapsize=131072
ignoring duplicate directory "/usr/include/x86_64-linux-gnu/c++/13"
ignoring nonexistent directory "/usr/local/include/x86_64-linux-gnu"
ignoring nonexistent directory "/usr/lib/gcc/x86_64-linux-gnu/13/include-fixed/x86_64-linux-gnu"
ignoring nonexistent directory "/usr/lib/gcc/x86_64-linux-gnu/13/include-fixed"
ignoring nonexistent directory "/usr/lib/gcc/x86_64-linux-gnu/13/../../../../x86_64-linux-gnu/include"
#include "..." search starts here:
#include <...> search starts here:
 /usr/include/c++/13
 /usr/include/x86_64-linux-gnu/c++/13
 /usr/include/c++/13/backward
 /usr/lib/gcc/x86_64-linux-gnu/13/include
 /usr/local/include
 /usr/include/x86_64-linux-gnu
 /usr/include
End of search list.
Compiler executable checksum: c81c05345ce537099dafd5580045814a
COLLECT_GCC_OPTIONS='-fopenmp' '-v' '-o' 'CMakeFiles/cmTC_5dd0b.dir/OpenMPTryFlag.cpp.o' '-c' '-shared-libgcc' '-mtune=generic' '-march=x86-64' '-pthread' '-dumpdir' 'CMakeFiles/cmTC_5dd0b.dir/'
 as -v --64 -o CMakeFiles/cmTC_5dd0b.dir/OpenMPTryFlag.cpp.o /tmp/cclNwUa0.s
GNU assembler version 2.42 (x86_64-linux-gnu) using BFD version (GNU Binutils for Ubuntu) 2.42
COMPILER_PATH=/usr/libexec/gcc/x86_64-linux-gnu/13/:/usr/libexec/gcc/x86_64-linux-gnu/13/:/usr/libexec/gcc/x86_64-linux-gnu/:/usr/lib/gcc/x86_64-linux-gnu/13/:/usr/lib/gcc/x86_64-linux-gnu/
LIBRARY_PATH=/usr/lib/gcc/x86_64-linux-gnu/13/:/usr/lib/gcc/x86_64-linux-gnu/13/../../../x86_64-linux-gnu/:/usr/lib/gcc/x86_64-linux-gnu/13/../../../../lib/:/lib/x86_64-linux-gnu/:/lib/../lib/:/usr/lib/x86_64-linux-gnu/:/usr/lib/../lib/:/usr/lib/gcc/x86_64-linux-gnu/13/../../../:/lib/:/usr/lib/
COLLECT_GCC_OPTIONS='-fopenmp' '-v' '-o' 'CMakeFiles/cmTC_5dd0b.dir/OpenMPTryFlag.cpp.o' '-c' '-shared-libgcc' '-mtune=generic' '-march=x86-64' '-pthread' '-dumpdir' 'CMakeFiles/cmTC_5dd0b.dir/OpenMPTryFlag.cpp.'
Linking CXX executable cmTC_5dd0b
/usr/bin/cmake -E cmake_link_script CMakeFiles/cmTC_5dd0b.dir/link.txt --verbose=1
/usr/bin/c++  -fopenmp -v CMakeFiles/cmTC_5dd0b.dir/OpenMPTryFlag.cpp.o -o cmTC_5dd0b  -v 
Using built-in specs.
COLLECT_GCC=/usr/bin/c++
COLLECT_LTO_WRAPPER=/usr/libexec/gcc/x86_64-linux-gnu/13/lto-wrapper
OFFLOAD_TARGET_NAMES=nvptx-none:amdgcn-amdhsa
OFFLOAD_TARGET_DEFAULT=1
Target: x86_64-linux-gnu
Configured with: ../src/configure -v --with-pkgversion='Ubuntu 13.3.0-6ubuntu2~24.04' --with-bugurl=file:///usr/share/doc/gcc-13/README.Bugs --enable-languages=c,ada,c++,go,d,fortran,objc,obj-c++,m2 --prefix=/usr --with-gcc-major-version-only --program-suffix=-13 --program-prefix=x86_64-linux-gnu- --enable-shared --enable-linker-build-id --libexecdir=/usr/libexec --without-included-gettext --enable-threads=posix --libdir=/usr/lib --enable-nls --enable-bootstrap --enable-clocale=gnu --enable-libstdcxx-debug --enable-libstdcxx-time=yes --with-default-libstdcxx-abi=new --enable-libstdcxx-backtrace --enable-gnu-unique-object --disable-vtable-verify --enable-plugin --enable-default-pie --with-system-zlib --enable-libphobos-checking=release --with-target-system-zlib=auto --enable-objc-gc=auto --enable-multiarch --disable-werror --enable-cet --with-arch-32=i686 --with-abi=m64 --with-multilib-list=m32,m64,mx32 --enable-multilib --with-tune=generic --enable-offload-targets=nvptx-none=/build/gcc-13-fG75Ri/gcc-13-13.3.0/debian/tmp-nvptx/usr,amdgcn-amdhsa=/build/gcc-13-fG75Ri/gcc-13-13.3.0/debian/tmp-gcn/usr --enable-offload-defaulted --without-cuda-driver --enable-checking=release --build=x86_64-linux-gnu --host=x86_64-linux-gnu --target=x86_64-linux-gnu --with-build-config=bootstrap-lto-lean --enable-link-serialization=2
Thread model: posix
Supported LTO compression algorithms: zlib zstd
gcc version 13.3.0 (Ubuntu 13.3.0-6ubuntu2~24.04) 
COMPILER_PATH=/usr/libexec/gcc/x86_64-linux-gnu/13/:/usr/libexec/gcc/x86_64-linux-gnu/13/:/usr/libexec/gcc/x86_64-linux-gnu/:/usr/lib/gcc/x86_64-linux-gnu/13/:/usr/lib/gcc/x86_64-linux-gnu/
LIBRARY_PATH=/usr/lib/gcc/x86_64-linux-gnu/13/:/usr/lib/gcc/x86_64-linux-gnu/13/../../../x86_64-linux-gnu/:/usr/lib/gcc/x86_64-linux-gnu/13/../../../../lib/:/lib/x86_64-linux-gnu/:/lib/../lib/:/usr/lib/x86_64-linux-gnu/:/usr/lib/../lib/:/usr/lib/gcc/x86_64-linux-gnu/13/../../../:/lib/:/usr/lib/
Reading specs from /usr/lib/gcc/x86_64-linux-gnu/13/libgomp.spec
COLLECT_GCC_OPTIONS='-fopenmp' '-v' '-o' 'cmTC_5dd0b' '-v' '-shared-libgcc' '-mtune=generic' '-march=x86-64' '-pthread' '-dumpdir' 'cmTC_5dd0b.'
 /usr/libexec/gcc/x86_64-linux-gnu/13/collect2 -plugin /usr/libexec/gcc/x86_64-linux-gnu/13/liblto_plugin.so -plugin-opt=/usr/libexec/gcc/x86_64-linux-gnu/13/lto-wrapper -plugin-opt=-fresolution=/tmp/cc59COms.res -plugin-opt=-pass-through=-lgcc_s -plugin-opt=-pass-through=-lgcc -plugin-opt=-pass-through=-lpthread -plugin-opt=-pass-through=-lc -plugin-opt=-pass-through=-lgcc_s -plugin-opt=-pass-through=-lgcc --build-id --eh-frame-hdr -m elf_x86_64 --hash-style=gnu --as-needed -dynamic-linker /lib64/ld-linux-x86-64.so.2 -pie -z now -z relro -o cmTC_5dd0b /usr/lib/gcc/x86_64-linux-gnu/13/../../../x86_64-linux-gnu/Scrt1.o /usr/lib/gcc/x86_64-linux-gnu/13/../../../x86_64-linux-gnu/crti.o /usr/lib/gcc/x86_64-linux-gnu/13/crtbeginS.o /usr/lib/gcc/x86_64-linux-gnu/13/crtoffloadbegin.o -L/usr/lib/gcc/x86_64-linux-gnu/13 -L/usr/lib/gcc/x86_64-linux-gnu/13/../../../x86_64-linux-gnu -L/usr/lib/gcc/x86_64-linux-gnu/13/../../../../lib -L/lib/x86_64-linux-gnu -L/lib/../lib -L/usr/lib/x86_64-linux-gnu -L/usr/lib/../lib -L/usr/lib/gcc/x86_64-linux-gnu/13/../../.. CMakeFiles/cmTC_5dd0b.dir/OpenMPTryFlag.cpp.o -lstdc++ -lm -lgomp -lgcc_s -lgcc -lpthread -lc -lgcc_s -lgcc /usr/lib/gcc/x86_64-linux-gnu/13/crtendS.o /usr/lib/gcc/x86_64-linux-gnu/13/../../../x86_64-linux-gnu/crtn.o /usr/lib/gcc/x86_64-linux-gnu/13/crtoffloadend.o
COLLECT_GCC_OPTIONS='-fopenmp' '-v' '-o' 'cmTC_5dd0b' '-v' '-shared-libgcc' '-mtune=generic' '-march=x86-64' '-pthread' '-dumpdir' 'cmTC_5dd0b.'
gmake[1]: Leaving directory '/home/yuanyan/LIO-SAM-ros2/build/lio_sam/CMakeFiles/CMakeTmp'



Parsed CXX OpenMP implicit link information from above output:
  link line regex: [^( *|.*[/\])(ld|CMAKE_LINK_STARTFILE-NOTFOUND|([^/\]+-)?ld|collect2)[^/\]*( |$)]
  ignore line: [Change Dir: '/home/yuanyan/LIO-SAM-ros2/build/lio_sam/CMakeFiles/CMakeTmp']
  ignore line: []
  ignore line: [Run Build Command(s): /usr/bin/cmake -E env VERBOSE=1 /usr/bin/gmake -f Makefile cmTC_5dd0b/fast]
  ignore line: [/usr/bin/gmake  -f CMakeFiles/cmTC_5dd0b.dir/build.make CMakeFiles/cmTC_5dd0b.dir/build]
  ignore line: [gmake[1]: Entering directory '/home/yuanyan/LIO-SAM-ros2/build/lio_sam/CMakeFiles/CMakeTmp']
  ignore line: [Building CXX object CMakeFiles/cmTC_5dd0b.dir/OpenMPTryFlag.cpp.o]
  ignore line: [/usr/bin/c++   -fopenmp -v -o CMakeFiles/cmTC_5dd0b.dir/OpenMPTryFlag.cpp.o -c /home/yuanyan/LIO-SAM-ros2/build/lio_sam/CMakeFiles/FindOpenMP/OpenMPTryFlag.cpp]
  ignore line: [Using built-in specs.]
  ignore line: [COLLECT_GCC=/usr/bin/c++]
  ignore line: [OFFLOAD_TARGET_NAMES=nvptx-none:amdgcn-amdhsa]
  ignore line: [OFFLOAD_TARGET_DEFAULT=1]
  ignore line: [Target: x86_64-linux-gnu]
  ignore line: [Configured with: ../src/configure -v --with-pkgversion='Ubuntu 13.3.0-6ubuntu2~24.04' --with-bugurl=file:///usr/share/doc/gcc-13/README.Bugs --enable-languages=c ada c++ go d fortran objc obj-c++ m2 --prefix=/usr --with-gcc-major-version-only --program-suffix=-13 --program-prefix=x86_64-linux-gnu- --enable-shared --enable-linker-build-id --libexecdir=/usr/libexec --without-included-gettext --enable-threads=posix --libdir=/usr/lib --enable-nls --enable-bootstrap --enable-clocale=gnu --enable-libstdcxx-debug --enable-libstdcxx-time=yes --with-default-libstdcxx-abi=new --enable-libstdcxx-backtrace --enable-gnu-unique-object --disable-vtable-verify --enable-plugin --enable-default-pie --with-system-zlib --enable-libphobos-checking=release --with-target-system-zlib=auto --enable-objc-gc=auto --enable-multiarch --disable-werror --enable-cet --with-arch-32=i686 --with-abi=m64 --with-multilib-list=m32 m64 mx32 --enable-multilib --with-tune=generic --enable-offload-targets=nvptx-none=/build/gcc-13-fG75Ri/gcc-13-13.3.0/debian/tmp-nvptx/usr amdgcn-amdhsa=/build/gcc-13-fG75Ri/gcc-13-13.3.0/debian/tmp-gcn/usr --enable-offload-defaulted --without-cuda-driver --enable-checking=release --build=x86_64-linux-gnu --host=x86_64-linux-gnu --target=x86_64-linux-gnu --with-build-config=bootstrap-lto-lean --enable-link-serialization=2]
  ignore line: [Thread model: posix]
  ignore line: [Supported LTO compression algorithms: zlib zstd]
  ignore line: [gcc version 13.3.0 (Ubuntu 13.3.0-6ubuntu2~24.04) ]
  ignore line: [COLLECT_GCC_OPTIONS='-fopenmp' '-v' '-o' 'CMakeFiles/cmTC_5dd0b.dir/OpenMPTryFlag.cpp.o' '-c' '-shared-libgcc' '-mtune=generic' '-march=x86-64' '-pthread' '-dumpdir' 'CMakeFiles/cmTC_5dd0b.dir/']
  ignore line: [ /usr/libexec/gcc/x86_64-linux-gnu/13/cc1plus -quiet -v -imultiarch x86_64-linux-gnu -D_GNU_SOURCE -D_REENTRANT /home/yuanyan/LIO-SAM-ros2/build/lio_sam/CMakeFiles/FindOpenMP/OpenMPTryFlag.cpp -quiet -dumpdir CMakeFiles/cmTC_5dd0b.dir/ -dumpbase OpenMPTryFlag.cpp.cpp -dumpbase-ext .cpp -mtune=generic -march=x86-64 -version -fopenmp -fasynchronous-unwind-tables -fstack-protector-strong -Wformat -Wformat-security -fstack-clash-protection -fcf-protection -o /tmp/cclNwUa0.s]
  ignore line: [GNU C++17 (Ubuntu 13.3.0-6ubuntu2~24.04) version 13.3.0 (x86_64-linux-gnu)]
  ignore line: [	compiled by GNU C version 13.3.0  GMP version 6.3.0  MPFR version 4.2.1  MPC version 1.3.1  isl version isl-0.26-GMP]
  ignore line: []
  ignore line: [GGC heuristics: --param ggc-min-expand=100 --param ggc-min-heapsize=131072]
  ignore line: [ignoring duplicate directory "/usr/include/x86_64-linux-gnu/c++/13"]
  ignore line: [ignoring nonexistent directory "/usr/local/include/x86_64-linux-gnu"]
  ignore line: [ignoring nonexistent directory "/usr/lib/gcc/x86_64-linux-gnu/13/include-fixed/x86_64-linux-gnu"]
  ignore line: [ignoring nonexistent directory "/usr/lib/gcc/x86_64-linux-gnu/13/include-fixed"]
  ignore line: [ignoring nonexistent directory "/usr/lib/gcc/x86_64-linux-gnu/13/../../../../x86_64-linux-gnu/include"]
  ignore line: [#include "..." search starts here:]
  ignore line: [#include <...> search starts here:]
  ignore line: [ /usr/include/c++/13]
  ignore line: [ /usr/include/x86_64-linux-gnu/c++/13]
  ignore line: [ /usr/include/c++/13/backward]
  ignore line: [ /usr/lib/gcc/x86_64-linux-gnu/13/include]
  ignore line: [ /usr/local/include]
  ignore line: [ /usr/include/x86_64-linux-gnu]
  ignore line: [ /usr/include]
  ignore line: [End of search list.]
  ignore line: [Compiler executable checksum: c81c05345ce537099dafd5580045814a]
  ignore line: [COLLECT_GCC_OPTIONS='-fopenmp' '-v' '-o' 'CMakeFiles/cmTC_5dd0b.dir/OpenMPTryFlag.cpp.o' '-c' '-shared-libgcc' '-mtune=generic' '-march=x86-64' '-pthread' '-dumpdir' 'CMakeFiles/cmTC_5dd0b.dir/']
  ignore line: [ as -v --64 -o CMakeFiles/cmTC_5dd0b.dir/OpenMPTryFlag.cpp.o /tmp/cclNwUa0.s]
  ignore line: [GNU assembler version 2.42 (x86_64-linux-gnu) using BFD version (GNU Binutils for Ubuntu) 2.42]
  ignore line: [COMPILER_PATH=/usr/libexec/gcc/x86_64-linux-gnu/13/:/usr/libexec/gcc/x86_64-linux-gnu/13/:/usr/libexec/gcc/x86_64-linux-gnu/:/usr/lib/gcc/x86_64-linux-gnu/13/:/usr/lib/gcc/x86_64-linux-gnu/]
  ignore line: [LIBRARY_PATH=/usr/lib/gcc/x86_64-linux-gnu/13/:/usr/lib/gcc/x86_64-linux-gnu/13/../../../x86_64-linux-gnu/:/usr/lib/gcc/x86_64-linux-gnu/13/../../../../lib/:/lib/x86_64-linux-gnu/:/lib/../lib/:/usr/lib/x86_64-linux-gnu/:/usr/lib/../lib/:/usr/lib/gcc/x86_64-linux-gnu/13/../../../:/lib/:/usr/lib/]
  ignore line: [COLLECT_GCC_OPTIONS='-fopenmp' '-v' '-o' 'CMakeFiles/cmTC_5dd0b.dir/OpenMPTryFlag.cpp.o' '-c' '-shared-libgcc' '-mtune=generic' '-march=x86-64' '-pthread' '-dumpdir' 'CMakeFiles/cmTC_5dd0b.dir/OpenMPTryFlag.cpp.']
  ignore line: [Linking CXX executable cmTC_5dd0b]
  ignore line: [/usr/bin/cmake -E cmake_link_script CMakeFiles/cmTC_5dd0b.dir/link.txt --verbose=1]
  ignore line: [/usr/bin/c++  -fopenmp -v CMakeFiles/cmTC_5dd0b.dir/OpenMPTryFlag.cpp.o -o cmTC_5dd0b  -v ]
  ignore line: [Using built-in specs.]
  ignore line: [COLLECT_GCC=/usr/bin/c++]
  ignore line: [COLLECT_LTO_WRAPPER=/usr/libexec/gcc/x86_64-linux-gnu/13/lto-wrapper]
  ignore line: [OFFLOAD_TARGET_NAMES=nvptx-none:amdgcn-amdhsa]
  ignore line: [OFFLOAD_TARGET_DEFAULT=1]
  ignore line: [Target: x86_64-linux-gnu]
  ignore line: [Configured with: ../src/configure -v --with-pkgversion='Ubuntu 13.3.0-6ubuntu2~24.04' --with-bugurl=file:///usr/share/doc/gcc-13/README.Bugs --enable-languages=c ada c++ go d fortran objc obj-c++ m2 --prefix=/usr --with-gcc-major-version-only --program-suffix=-13 --program-prefix=x86_64-linux-gnu- --enable-shared --enable-linker-build-id --libexecdir=/usr/libexec --without-included-gettext --enable-threads=posix --libdir=/usr/lib --enable-nls --enable-bootstrap --enable-clocale=gnu --enable-libstdcxx-debug --enable-libstdcxx-time=yes --with-default-libstdcxx-abi=new --enable-libstdcxx-backtrace --enable-gnu-unique-object --disable-vtable-verify --enable-plugin --enable-default-pie --with-system-zlib --enable-libphobos-checking=release --with-target-system-zlib=auto --enable-objc-gc=auto --enable-multiarch --disable-werror --enable-cet --with-arch-32=i686 --with-abi=m64 --with-multilib-list=m32 m64 mx32 --enable-multilib --with-tune=generic --enable-offload-targets=nvptx-none=/build/gcc-13-fG75Ri/gcc-13-13.3.0/debian/tmp-nvptx/usr amdgcn-amdhsa=/build/gcc-13-fG75Ri/gcc-13-13.3.0/debian/tmp-gcn/usr --enable-offload-defaulted --without-cuda-driver --enable-checking=release --build=x86_64-linux-gnu --host=x86_64-linux-gnu --target=x86_64-linux-gnu --with-build-config=bootstrap-lto-lean --enable-link-serialization=2]
  ignore line: [Thread model: posix]
  ignore line: [Supported LTO compression algorithms: zlib zstd]
  ignore line: [gcc version 13.3.0 (Ubuntu 13.3.0-6ubuntu2~24.04) ]
  ignore line: [COMPILER_PATH=/usr/libexec/gcc/x86_64-linux-gnu/13/:/usr/libexec/gcc/x86_64-linux-gnu/13/:/usr/libexec/gcc/x86_64-linux-gnu/:/usr/lib/gcc/x86_64-linux-gnu/13/:/usr/lib/gcc/x86_64-linux-gnu/]
  ignore line: [LIBRARY_PATH=/usr/lib/gcc/x86_64-linux-gnu/13/:/usr/lib/gcc/x86_64-linux-gnu/13/../../../x86_64-linux-gnu/:/usr/lib/gcc/x86_64-linux-gnu/13/../../../../lib/:/lib/x86_64-linux-gnu/:/lib/../lib/:/usr/lib/x86_64-linux-gnu/:/usr/lib/../lib/:/usr/lib/gcc/x86_64-linux-gnu/13/../../../:/lib/:/usr/lib/]
  ignore line: [Reading specs from /usr/lib/gcc/x86_64-linux-gnu/13/libgomp.spec]
  ignore line: [COLLECT_GCC_OPTIONS='-fopenmp' '-v' '-o' 'cmTC_5dd0b' '-v' '-shared-libgcc' '-mtune=generic' '-march=x86-64' '-pthread' '-dumpdir' 'cmTC_5dd0b.']
  link line: [ /usr/libexec/gcc/x86_64-linux-gnu/13/collect2 -plugin /usr/libexec/gcc/x86_64-linux-gnu/13/liblto_plugin.so -plugin-opt=/usr/libexec/gcc/x86_64-linux-gnu/13/lto-wrapper -plugin-opt=-fresolution=/tmp/cc59COms.res -plugin-opt=-pass-through=-lgcc_s -plugin-opt=-pass-through=-lgcc -plugin-opt=-pass-through=-lpthread -plugin-opt=-pass-through=-lc -plugin-opt=-pass-through=-lgcc_s -plugin-opt=-pass-through=-lgcc --build-id --eh-frame-hdr -m elf_x86_64 --hash-style=gnu --as-needed -dynamic-linker /lib64/ld-linux-x86-64.so.2 -pie -z now -z relro -o cmTC_5dd0b /usr/lib/gcc/x86_64-linux-gnu/13/../../../x86_64-linux-gnu/Scrt1.o /usr/lib/gcc/x86_64-linux-gnu/13/../../../x86_64-linux-gnu/crti.o /usr/lib/gcc/x86_64-linux-gnu/13/crtbeginS.o /usr/lib/gcc/x86_64-linux-gnu/13/crtoffloadbegin.o -L/usr/lib/gcc/x86_64-linux-gnu/13 -L/usr/lib/gcc/x86_64-linux-gnu/13/../../../x86_64-linux-gnu -L/usr/lib/gcc/x86_64-linux-gnu/13/../../../../lib -L/lib/x86_64-linux-gnu -L/lib/../lib -L/usr/lib/x86_64-linux-gnu -L/usr/lib/../lib -L/usr/lib/gcc/x86_64-linux-gnu/13/../../.. CMakeFiles/cmTC_5dd0b.dir/OpenMPTryFlag.cpp.o -lstdc++ -lm -lgomp -lgcc_s -lgcc -lpthread -lc -lgcc_s -lgcc /usr/lib/gcc/x86_64-linux-gnu/13/crtendS.o /usr/lib/gcc/x86_64-linux-gnu/13/../../../x86_64-linux-gnu/crtn.o /usr/lib/gcc/x86_64-linux-gnu/13/crtoffloadend.o]
    arg [/usr/libexec/gcc/x86_64-linux-gnu/13/collect2] ==> ignore
    arg [-plugin] ==> ignore
    arg [/usr/libexec/gcc/x86_64-linux-gnu/13/liblto_plugin.so] ==> ignore
    arg [-plugin-opt=/usr/libexec/gcc/x86_64-linux-gnu/13/lto-wrapper] ==> ignore
    arg [-plugin-opt=-fresolution=/tmp/cc59COms.res] ==> ignore
    arg [-plugin-opt=-pass-through=-lgcc_s] ==> ignore
    arg [-plugin-opt=-pass-through=-lgcc] ==> ignore
    arg [-plugin-opt=-pass-through=-lpthread] ==> ignore
    arg [-plugin-opt=-pass-through=-lc] ==> ignore
    arg [-plugin-opt=-pass-through=-lgcc_s] ==> ignore
    arg [-plugin-opt=-pass-through=-lgcc] ==> ignore
    arg [--build-id] ==> ignore
    arg [--eh-frame-hdr] ==> ignore
    arg [-m] ==> ignore
    arg [elf_x86_64] ==> ignore
    arg [--hash-style=gnu] ==> ignore
    arg [--as-needed] ==> ignore
    arg [-dynamic-linker] ==> ignore
    arg [/lib64/ld-linux-x86-64.so.2] ==> ignore
    arg [-pie] ==> ignore
    arg [-znow] ==> ignore
    arg [-zrelro] ==> ignore
    arg [-o] ==> ignore
    arg [cmTC_5dd0b] ==> ignore
    arg [-L/usr/lib/gcc/x86_64-linux-gnu/13] ==> dir [/usr/lib/gcc/x86_64-linux-gnu/13]
    arg [-L/usr/lib/gcc/x86_64-linux-gnu/13/../../../x86_64-linux-gnu] ==> dir [/usr/lib/gcc/x86_64-linux-gnu/13/../../../x86_64-linux-gnu]
    arg [-L/usr/lib/gcc/x86_64-linux-gnu/13/../../../../lib] ==> dir [/usr/lib/gcc/x86_64-linux-gnu/13/../../../../lib]
    arg [-L/lib/x86_64-linux-gnu] ==> dir [/lib/x86_64-linux-gnu]
    arg [-L/lib/../lib] ==> dir [/lib/../lib]
    arg [-L/usr/lib/x86_64-linux-gnu] ==> dir [/usr/lib/x86_64-linux-gnu]
    arg [-L/usr/lib/../lib] ==> dir [/usr/lib/../lib]
    arg [-L/usr/lib/gcc/x86_64-linux-gnu/13/../../..] ==> dir [/usr/lib/gcc/x86_64-linux-gnu/13/../../..]
    arg [CMakeFiles/cmTC_5dd0b.dir/OpenMPTryFlag.cpp.o] ==> ignore
    arg [-lstdc++] ==> lib [stdc++]
    arg [-lm] ==> lib [m]
    arg [-lgomp] ==> lib [gomp]
    arg [-lgcc_s] ==> lib [gcc_s]
    arg [-lgcc] ==> lib [gcc]
    arg [-lpthread] ==> lib [pthread]
    arg [-lc] ==> lib [c]
    arg [-lgcc_s] ==> lib [gcc_s]
    arg [-lgcc] ==> lib [gcc]
  collapse library dir [/usr/lib/gcc/x86_64-linux-gnu/13] ==> [/usr/lib/gcc/x86_64-linux-gnu/13]
  collapse library dir [/usr/lib/gcc/x86_64-linux-gnu/13/../../../x86_64-linux-gnu] ==> [/usr/lib/x86_64-linux-gnu]
  collapse library dir [/usr/lib/gcc/x86_64-linux-gnu/13/../../../../lib] ==> [/usr/lib]
  collapse library dir [/lib/x86_64-linux-gnu] ==> [/lib/x86_64-linux-gnu]
  collapse library dir [/lib/../lib] ==> [/lib]
  collapse library dir [/usr/lib/x86_64-linux-gnu] ==> [/usr/lib/x86_64-linux-gnu]
  collapse library dir [/usr/lib/../lib] ==> [/usr/lib]
  collapse library dir [/usr/lib/gcc/x86_64-linux-gnu/13/../../..] ==> [/usr/lib]
  implicit libs: [stdc++;m;gomp;gcc_s;gcc;pthread;c;gcc_s;gcc]
  implicit objs: []
  implicit dirs: [/usr/lib/gcc/x86_64-linux-gnu/13;/usr/lib/x86_64-linux-gnu;/usr/lib;/lib/x86_64-linux-gnu;/lib]
  implicit fwks: []


Detecting C OpenMP compiler ABI info compiled with the following output:
Change Dir: '/home/yuanyan/LIO-SAM-ros2/build/lio_sam/CMakeFiles/CMakeTmp'

Run Build Command(s): /usr/bin/cmake -E env VERBOSE=1 /usr/bin/gmake -f Makefile cmTC_d6a3b/fast
/usr/bin/gmake  -f CMakeFiles/cmTC_d6a3b.dir/build.make CMakeFiles/cmTC_d6a3b.dir/build
gmake[1]: Entering directory '/home/yuanyan/LIO-SAM-ros2/build/lio_sam/CMakeFiles/CMakeTmp'
Building C object CMakeFiles/cmTC_d6a3b.dir/OpenMPTryFlag.c.o
/usr/bin/cc   -fopenmp -v -o CMakeFiles/cmTC_d6a3b.dir/OpenMPTryFlag.c.o -c /home/yuanyan/LIO-SAM-ros2/build/lio_sam/CMakeFiles/FindOpenMP/OpenMPTryFlag.c
Using built-in specs.
COLLECT_GCC=/usr/bin/cc
OFFLOAD_TARGET_NAMES=nvptx-none:amdgcn-amdhsa
OFFLOAD_TARGET_DEFAULT=1
Target: x86_64-linux-gnu
Configured with: ../src/configure -v --with-pkgversion='Ubuntu 13.3.0-6ubuntu2~24.04' --with-bugurl=file:///usr/share/doc/gcc-13/README.Bugs --enable-languages=c,ada,c++,go,d,fortran,objc,obj-c++,m2 --prefix=/usr --with-gcc-major-version-only --program-suffix=-13 --program-prefix=x86_64-linux-gnu- --enable-shared --enable-linker-build-id --libexecdir=/usr/libexec --without-included-gettext --enable-threads=posix --libdir=/usr/lib --enable-nls --enable-bootstrap --enable-clocale=gnu --enable-libstdcxx-debug --enable-libstdcxx-time=yes --with-default-libstdcxx-abi=new --enable-libstdcxx-backtrace --enable-gnu-unique-object --disable-vtable-verify --enable-plugin --enable-default-pie --with-system-zlib --enable-libphobos-checking=release --with-target-system-zlib=auto --enable-objc-gc=auto --enable-multiarch --disable-werror --enable-cet --with-arch-32=i686 --with-abi=m64 --with-multilib-list=m32,m64,mx32 --enable-multilib --with-tune=generic --enable-offload-targets=nvptx-none=/build/gcc-13-fG75Ri/gcc-13-13.3.0/debian/tmp-nvptx/usr,amdgcn-amdhsa=/build/gcc-13-fG75Ri/gcc-13-13.3.0/debian/tmp-gcn/usr --enable-offload-defaulted --without-cuda-driver --enable-checking=release --build=x86_64-linux-gnu --host=x86_64-linux-gnu --target=x86_64-linux-gnu --with-build-config=bootstrap-lto-lean --enable-link-serialization=2
Thread model: posix
Supported LTO compression algorithms: zlib zstd
gcc version 13.3.0 (Ubuntu 13.3.0-6ubuntu2~24.04) 
COLLECT_GCC_OPTIONS='-fopenmp' '-v' '-o' 'CMakeFiles/cmTC_d6a3b.dir/OpenMPTryFlag.c.o' '-c' '-mtune=generic' '-march=x86-64' '-pthread' '-dumpdir' 'CMakeFiles/cmTC_d6a3b.dir/'
 /usr/libexec/gcc/x86_64-linux-gnu/13/cc1 -quiet -v -imultiarch x86_64-linux-gnu -D_REENTRANT /home/yuanyan/LIO-SAM-ros2/build/lio_sam/CMakeFiles/FindOpenMP/OpenMPTryFlag.c -quiet -dumpdir CMakeFiles/cmTC_d6a3b.dir/ -dumpbase OpenMPTryFlag.c.c -dumpbase-ext .c -mtune=generic -march=x86-64 -version -fopenmp -fasynchronous-unwind-tables -fstack-protector-strong -Wformat -Wformat-security -fstack-clash-protection -fcf-protection -o /tmp/cci9Uqy6.s
GNU C17 (Ubuntu 13.3.0-6ubuntu2~24.04) version 13.3.0 (x86_64-linux-gnu)
	compiled by GNU C version 13.3.0, GMP version 6.3.0, MPFR version 4.2.1, MPC version 1.3.1, isl version isl-0.26-GMP

GGC heuristics: --param ggc-min-expand=100 --param ggc-min-heapsize=131072
ignoring nonexistent directory "/usr/local/include/x86_64-linux-gnu"
ignoring nonexistent directory "/usr/lib/gcc/x86_64-linux-gnu/13/include-fixed/x86_64-linux-gnu"
ignoring nonexistent directory "/usr/lib/gcc/x86_64-linux-gnu/13/include-fixed"
ignoring nonexistent directory "/usr/lib/gcc/x86_64-linux-gnu/13/../../../../x86_64-linux-gnu/include"
#include "..." search starts here:
#include <...> search starts here:
 /usr/lib/gcc/x86_64-linux-gnu/13/include
 /usr/local/include
 /usr/include/x86_64-linux-gnu
 /usr/include
End of search list.
Compiler executable checksum: 38987c28e967c64056a6454abdef726e
COLLECT_GCC_OPTIONS='-fopenmp' '-v' '-o' 'CMakeFiles/cmTC_d6a3b.dir/OpenMPTryFlag.c.o' '-c' '-mtune=generic' '-march=x86-64' '-pthread' '-dumpdir' 'CMakeFiles/cmTC_d6a3b.dir/'
 as -v --64 -o CMakeFiles/cmTC_d6a3b.dir/OpenMPTryFlag.c.o /tmp/cci9Uqy6.s
GNU assembler version 2.42 (x86_64-linux-gnu) using BFD version (GNU Binutils for Ubuntu) 2.42
COMPILER_PATH=/usr/libexec/gcc/x86_64-linux-gnu/13/:/usr/libexec/gcc/x86_64-linux-gnu/13/:/usr/libexec/gcc/x86_64-linux-gnu/:/usr/lib/gcc/x86_64-linux-gnu/13/:/usr/lib/gcc/x86_64-linux-gnu/
LIBRARY_PATH=/usr/lib/gcc/x86_64-linux-gnu/13/:/usr/lib/gcc/x86_64-linux-gnu/13/../../../x86_64-linux-gnu/:/usr/lib/gcc/x86_64-linux-gnu/13/../../../../lib/:/lib/x86_64-linux-gnu/:/lib/../lib/:/usr/lib/x86_64-linux-gnu/:/usr/lib/../lib/:/usr/lib/gcc/x86_64-linux-gnu/13/../../../:/lib/:/usr/lib/
COLLECT_GCC_OPTIONS='-fopenmp' '-v' '-o' 'CMakeFiles/cmTC_d6a3b.dir/OpenMPTryFlag.c.o' '-c' '-mtune=generic' '-march=x86-64' '-pthread' '-dumpdir' 'CMakeFiles/cmTC_d6a3b.dir/OpenMPTryFlag.c.'
Linking C executable cmTC_d6a3b
/usr/bin/cmake -E cmake_link_script CMakeFiles/cmTC_d6a3b.dir/link.txt --verbose=1
/usr/bin/cc  -fopenmp -v CMakeFiles/cmTC_d6a3b.dir/OpenMPTryFlag.c.o -o cmTC_d6a3b  -v 
Using built-in specs.
COLLECT_GCC=/usr/bin/cc
COLLECT_LTO_WRAPPER=/usr/libexec/gcc/x86_64-linux-gnu/13/lto-wrapper
OFFLOAD_TARGET_NAMES=nvptx-none:amdgcn-amdhsa
OFFLOAD_TARGET_DEFAULT=1
Target: x86_64-linux-gnu
Configured with: ../src/configure -v --with-pkgversion='Ubuntu 13.3.0-6ubuntu2~24.04' --with-bugurl=file:///usr/share/doc/gcc-13/README.Bugs --enable-languages=c,ada,c++,go,d,fortran,objc,obj-c++,m2 --prefix=/usr --with-gcc-major-version-only --program-suffix=-13 --program-prefix=x86_64-linux-gnu- --enable-shared --enable-linker-build-id --libexecdir=/usr/libexec --without-included-gettext --enable-threads=posix --libdir=/usr/lib --enable-nls --enable-bootstrap --enable-clocale=gnu --enable-libstdcxx-debug --enable-libstdcxx-time=yes --with-default-libstdcxx-abi=new --enable-libstdcxx-backtrace --enable-gnu-unique-object --disable-vtable-verify --enable-plugin --enable-default-pie --with-system-zlib --enable-libphobos-checking=release --with-target-system-zlib=auto --enable-objc-gc=auto --enable-multiarch --disable-werror --enable-cet --with-arch-32=i686 --with-abi=m64 --with-multilib-list=m32,m64,mx32 --enable-multilib --with-tune=generic --enable-offload-targets=nvptx-none=/build/gcc-13-fG75Ri/gcc-13-13.3.0/debian/tmp-nvptx/usr,amdgcn-amdhsa=/build/gcc-13-fG75Ri/gcc-13-13.3.0/debian/tmp-gcn/usr --enable-offload-defaulted --without-cuda-driver --enable-checking=release --build=x86_64-linux-gnu --host=x86_64-linux-gnu --target=x86_64-linux-gnu --with-build-config=bootstrap-lto-lean --enable-link-serialization=2
Thread model: posix
Supported LTO compression algorithms: zlib zstd
gcc version 13.3.0 (Ubuntu 13.3.0-6ubuntu2~24.04) 
COMPILER_PATH=/usr/libexec/gcc/x86_64-linux-gnu/13/:/usr/libexec/gcc/x86_64-linux-gnu/13/:/usr/libexec/gcc/x86_64-linux-gnu/:/usr/lib/gcc/x86_64-linux-gnu/13/:/usr/lib/gcc/x86_64-linux-gnu/
LIBRARY_PATH=/usr/lib/gcc/x86_64-linux-gnu/13/:/usr/lib/gcc/x86_64-linux-gnu/13/../../../x86_64-linux-gnu/:/usr/lib/gcc/x86_64-linux-gnu/13/../../../../lib/:/lib/x86_64-linux-gnu/:/lib/../lib/:/usr/lib/x86_64-linux-gnu/:/usr/lib/../lib/:/usr/lib/gcc/x86_64-linux-gnu/13/../../../:/lib/:/usr/lib/
Reading specs from /usr/lib/gcc/x86_64-linux-gnu/13/libgomp.spec
COLLECT_GCC_OPTIONS='-fopenmp' '-v' '-o' 'cmTC_d6a3b' '-v' '-mtune=generic' '-march=x86-64' '-pthread' '-dumpdir' 'cmTC_d6a3b.'
 /usr/libexec/gcc/x86_64-linux-gnu/13/collect2 -plugin /usr/libexec/gcc/x86_64-linux-gnu/13/liblto_plugin.so -plugin-opt=/usr/libexec/gcc/x86_64-linux-gnu/13/lto-wrapper -plugin-opt=-fresolution=/tmp/cciEa2sX.res -plugin-opt=-pass-through=-lgcc -plugin-opt=-pass-through=-lgcc_s -plugin-opt=-pass-through=-lpthread -plugin-opt=-pass-through=-lc -plugin-opt=-pass-through=-lgcc -plugin-opt=-pass-through=-lgcc_s --build-id --eh-frame-hdr -m elf_x86_64 --hash-style=gnu --as-needed -dynamic-linker /lib64/ld-linux-x86-64.so.2 -pie -z now -z relro -o cmTC_d6a3b /usr/lib/gcc/x86_64-linux-gnu/13/../../../x86_64-linux-gnu/Scrt1.o /usr/lib/gcc/x86_64-linux-gnu/13/../../../x86_64-linux-gnu/crti.o /usr/lib/gcc/x86_64-linux-gnu/13/crtbeginS.o /usr/lib/gcc/x86_64-linux-gnu/13/crtoffloadbegin.o -L/usr/lib/gcc/x86_64-linux-gnu/13 -L/usr/lib/gcc/x86_64-linux-gnu/13/../../../x86_64-linux-gnu -L/usr/lib/gcc/x86_64-linux-gnu/13/../../../../lib -L/lib/x86_64-linux-gnu -L/lib/../lib -L/usr/lib/x86_64-linux-gnu -L/usr/lib/../lib -L/usr/lib/gcc/x86_64-linux-gnu/13/../../.. CMakeFiles/cmTC_d6a3b.dir/OpenMPTryFlag.c.o -lgomp -lgcc --push-state --as-needed -lgcc_s --pop-state -lpthread -lc -lgcc --push-state --as-needed -lgcc_s --pop-state /usr/lib/gcc/x86_64-linux-gnu/13/crtendS.o /usr/lib/gcc/x86_64-linux-gnu/13/../../../x86_64-linux-gnu/crtn.o /usr/lib/gcc/x86_64-linux-gnu/13/crtoffloadend.o
COLLECT_GCC_OPTIONS='-fopenmp' '-v' '-o' 'cmTC_d6a3b' '-v' '-mtune=generic' '-march=x86-64' '-pthread' '-dumpdir' 'cmTC_d6a3b.'
gmake[1]: Leaving directory '/home/yuanyan/LIO-SAM-ros2/build/lio_sam/CMakeFiles/CMakeTmp'



Parsed C OpenMP implicit link information from above output:
  link line regex: [^( *|.*[/\])(ld|CMAKE_LINK_STARTFILE-NOTFOUND|([^/\]+-)?ld|collect2)[^/\]*( |$)]
  ignore line: [Change Dir: '/home/yuanyan/LIO-SAM-ros2/build/lio_sam/CMakeFiles/CMakeTmp']
  ignore line: []
  ignore line: [Run Build Command(s): /usr/bin/cmake -E env VERBOSE=1 /usr/bin/gmake -f Makefile cmTC_d6a3b/fast]
  ignore line: [/usr/bin/gmake  -f CMakeFiles/cmTC_d6a3b.dir/build.make CMakeFiles/cmTC_d6a3b.dir/build]
  ignore line: [gmake[1]: Entering directory '/home/yuanyan/LIO-SAM-ros2/build/lio_sam/CMakeFiles/CMakeTmp']
  ignore line: [Building C object CMakeFiles/cmTC_d6a3b.dir/OpenMPTryFlag.c.o]
  ignore line: [/usr/bin/cc   -fopenmp -v -o CMakeFiles/cmTC_d6a3b.dir/OpenMPTryFlag.c.o -c /home/yuanyan/LIO-SAM-ros2/build/lio_sam/CMakeFiles/FindOpenMP/OpenMPTryFlag.c]
  ignore line: [Using built-in specs.]
  ignore line: [COLLECT_GCC=/usr/bin/cc]
  ignore line: [OFFLOAD_TARGET_NAMES=nvptx-none:amdgcn-amdhsa]
  ignore line: [OFFLOAD_TARGET_DEFAULT=1]
  ignore line: [Target: x86_64-linux-gnu]
  ignore line: [Configured with: ../src/configure -v --with-pkgversion='Ubuntu 13.3.0-6ubuntu2~24.04' --with-bugurl=file:///usr/share/doc/gcc-13/README.Bugs --enable-languages=c ada c++ go d fortran objc obj-c++ m2 --prefix=/usr --with-gcc-major-version-only --program-suffix=-13 --program-prefix=x86_64-linux-gnu- --enable-shared --enable-linker-build-id --libexecdir=/usr/libexec --without-included-gettext --enable-threads=posix --libdir=/usr/lib --enable-nls --enable-bootstrap --enable-clocale=gnu --enable-libstdcxx-debug --enable-libstdcxx-time=yes --with-default-libstdcxx-abi=new --enable-libstdcxx-backtrace --enable-gnu-unique-object --disable-vtable-verify --enable-plugin --enable-default-pie --with-system-zlib --enable-libphobos-checking=release --with-target-system-zlib=auto --enable-objc-gc=auto --enable-multiarch --disable-werror --enable-cet --with-arch-32=i686 --with-abi=m64 --with-multilib-list=m32 m64 mx32 --enable-multilib --with-tune=generic --enable-offload-targets=nvptx-none=/build/gcc-13-fG75Ri/gcc-13-13.3.0/debian/tmp-nvptx/usr amdgcn-amdhsa=/build/gcc-13-fG75Ri/gcc-13-13.3.0/debian/tmp-gcn/usr --enable-offload-defaulted --without-cuda-driver --enable-checking=release --build=x86_64-linux-gnu --host=x86_64-linux-gnu --target=x86_64-linux-gnu --with-build-config=bootstrap-lto-lean --enable-link-serialization=2]
  ignore line: [Thread model: posix]
  ignore line: [Supported LTO compression algorithms: zlib zstd]
  ignore line: [gcc version 13.3.0 (Ubuntu 13.3.0-6ubuntu2~24.04) ]
  ignore line: [COLLECT_GCC_OPTIONS='-fopenmp' '-v' '-o' 'CMakeFiles/cmTC_d6a3b.dir/OpenMPTryFlag.c.o' '-c' '-mtune=generic' '-march=x86-64' '-pthread' '-dumpdir' 'CMakeFiles/cmTC_d6a3b.dir/']
  ignore line: [ /usr/libexec/gcc/x86_64-linux-gnu/13/cc1 -quiet -v -imultiarch x86_64-linux-gnu -D_REENTRANT /home/yuanyan/LIO-SAM-ros2/build/lio_sam/CMakeFiles/FindOpenMP/OpenMPTryFlag.c -quiet -dumpdir CMakeFiles/cmTC_d6a3b.dir/ -dumpbase OpenMPTryFlag.c.c -dumpbase-ext .c -mtune=generic -march=x86-64 -version -fopenmp -fasynchronous-unwind-tables -fstack-protector-strong -Wformat -Wformat-security -fstack-clash-protection -fcf-protection -o /tmp/cci9Uqy6.s]
  ignore line: [GNU C17 (Ubuntu 13.3.0-6ubuntu2~24.04) version 13.3.0 (x86_64-linux-gnu)]
  ignore line: [	compiled by GNU C version 13.3.0  GMP version 6.3.0  MPFR version 4.2.1  MPC version 1.3.1  isl version isl-0.26-GMP]
  ignore line: []
  ignore line: [GGC heuristics: --param ggc-min-expand=100 --param ggc-min-heapsize=131072]
  ignore line: [ignoring nonexistent directory "/usr/local/include/x86_64-linux-gnu"]
  ignore line: [ignoring nonexistent directory "/usr/lib/gcc/x86_64-linux-gnu/13/include-fixed/x86_64-linux-gnu"]
  ignore line: [ignoring nonexistent directory "/usr/lib/gcc/x86_64-linux-gnu/13/include-fixed"]
  ignore line: [ignoring nonexistent directory "/usr/lib/gcc/x86_64-linux-gnu/13/../../../../x86_64-linux-gnu/include"]
  ignore line: [#include "..." search starts here:]
  ignore line: [#include <...> search starts here:]
  ignore line: [ /usr/lib/gcc/x86_64-linux-gnu/13/include]
  ignore line: [ /usr/local/include]
  ignore line: [ /usr/include/x86_64-linux-gnu]
  ignore line: [ /usr/include]
  ignore line: [End of search list.]
  ignore line: [Compiler executable checksum: 38987c28e967c64056a6454abdef726e]
  ignore line: [COLLECT_GCC_OPTIONS='-fopenmp' '-v' '-o' 'CMakeFiles/cmTC_d6a3b.dir/OpenMPTryFlag.c.o' '-c' '-mtune=generic' '-march=x86-64' '-pthread' '-dumpdir' 'CMakeFiles/cmTC_d6a3b.dir/']
  ignore line: [ as -v --64 -o CMakeFiles/cmTC_d6a3b.dir/OpenMPTryFlag.c.o /tmp/cci9Uqy6.s]
  ignore line: [GNU assembler version 2.42 (x86_64-linux-gnu) using BFD version (GNU Binutils for Ubuntu) 2.42]
  ignore line: [COMPILER_PATH=/usr/libexec/gcc/x86_64-linux-gnu/13/:/usr/libexec/gcc/x86_64-linux-gnu/13/:/usr/libexec/gcc/x86_64-linux-gnu/:/usr/lib/gcc/x86_64-linux-gnu/13/:/usr/lib/gcc/x86_64-linux-gnu/]
  ignore line: [LIBRARY_PATH=/usr/lib/gcc/x86_64-linux-gnu/13/:/usr/lib/gcc/x86_64-linux-gnu/13/../../../x86_64-linux-gnu/:/usr/lib/gcc/x86_64-linux-gnu/13/../../../../lib/:/lib/x86_64-linux-gnu/:/lib/../lib/:/usr/lib/x86_64-linux-gnu/:/usr/lib/../lib/:/usr/lib/gcc/x86_64-linux-gnu/13/../../../:/lib/:/usr/lib/]
  ignore line: [COLLECT_GCC_OPTIONS='-fopenmp' '-v' '-o' 'CMakeFiles/cmTC_d6a3b.dir/OpenMPTryFlag.c.o' '-c' '-mtune=generic' '-march=x86-64' '-pthread' '-dumpdir' 'CMakeFiles/cmTC_d6a3b.dir/OpenMPTryFlag.c.']
  ignore line: [Linking C executable cmTC_d6a3b]
  ignore line: [/usr/bin/cmake -E cmake_link_script CMakeFiles/cmTC_d6a3b.dir/link.txt --verbose=1]
  ignore line: [/usr/bin/cc  -fopenmp -v CMakeFiles/cmTC_d6a3b.dir/OpenMPTryFlag.c.o -o cmTC_d6a3b  -v ]
  ignore line: [Using built-in specs.]
  ignore line: [COLLECT_GCC=/usr/bin/cc]
  ignore line: [COLLECT_LTO_WRAPPER=/usr/libexec/gcc/x86_64-linux-gnu/13/lto-wrapper]
  ignore line: [OFFLOAD_TARGET_NAMES=nvptx-none:amdgcn-amdhsa]
  ignore line: [OFFLOAD_TARGET_DEFAULT=1]
  ignore line: [Target: x86_64-linux-gnu]
  ignore line: [Configured with: ../src/configure -v --with-pkgversion='Ubuntu 13.3.0-6ubuntu2~24.04' --with-bugurl=file:///usr/share/doc/gcc-13/README.Bugs --enable-languages=c ada c++ go d fortran objc obj-c++ m2 --prefix=/usr --with-gcc-major-version-only --program-suffix=-13 --program-prefix=x86_64-linux-gnu- --enable-shared --enable-linker-build-id --libexecdir=/usr/libexec --without-included-gettext --enable-threads=posix --libdir=/usr/lib --enable-nls --enable-bootstrap --enable-clocale=gnu --enable-libstdcxx-debug --enable-libstdcxx-time=yes --with-default-libstdcxx-abi=new --enable-libstdcxx-backtrace --enable-gnu-unique-object --disable-vtable-verify --enable-plugin --enable-default-pie --with-system-zlib --enable-libphobos-checking=release --with-target-system-zlib=auto --enable-objc-gc=auto --enable-multiarch --disable-werror --enable-cet --with-arch-32=i686 --with-abi=m64 --with-multilib-list=m32 m64 mx32 --enable-multilib --with-tune=generic --enable-offload-targets=nvptx-none=/build/gcc-13-fG75Ri/gcc-13-13.3.0/debian/tmp-nvptx/usr amdgcn-amdhsa=/build/gcc-13-fG75Ri/gcc-13-13.3.0/debian/tmp-gcn/usr --enable-offload-defaulted --without-cuda-driver --enable-checking=release --build=x86_64-linux-gnu --host=x86_64-linux-gnu --target=x86_64-linux-gnu --with-build-config=bootstrap-lto-lean --enable-link-serialization=2]
  ignore line: [Thread model: posix]
  ignore line: [Supported LTO compression algorithms: zlib zstd]
  ignore line: [gcc version 13.3.0 (Ubuntu 13.3.0-6ubuntu2~24.04) ]
  ignore line: [COMPILER_PATH=/usr/libexec/gcc/x86_64-linux-gnu/13/:/usr/libexec/gcc/x86_64-linux-gnu/13/:/usr/libexec/gcc/x86_64-linux-gnu/:/usr/lib/gcc/x86_64-linux-gnu/13/:/usr/lib/gcc/x86_64-linux-gnu/]
  ignore line: [LIBRARY_PATH=/usr/lib/gcc/x86_64-linux-gnu/13/:/usr/lib/gcc/x86_64-linux-gnu/13/../../../x86_64-linux-gnu/:/usr/lib/gcc/x86_64-linux-gnu/13/../../../../lib/:/lib/x86_64-linux-gnu/:/lib/../lib/:/usr/lib/x86_64-linux-gnu/:/usr/lib/../lib/:/usr/lib/gcc/x86_64-linux-gnu/13/../../../:/lib/:/usr/lib/]
  ignore line: [Reading specs from /usr/lib/gcc/x86_64-linux-gnu/13/libgomp.spec]
  ignore line: [COLLECT_GCC_OPTIONS='-fopenmp' '-v' '-o' 'cmTC_d6a3b' '-v' '-mtune=generic' '-march=x86-64' '-pthread' '-dumpdir' 'cmTC_d6a3b.']
  link line: [ /usr/libexec/gcc/x86_64-linux-gnu/13/collect2 -plugin /usr/libexec/gcc/x86_64-linux-gnu/13/liblto_plugin.so -plugin-opt=/usr/libexec/gcc/x86_64-linux-gnu/13/lto-wrapper -plugin-opt=-fresolution=/tmp/cciEa2sX.res -plugin-opt=-pass-through=-lgcc -plugin-opt=-pass-through=-lgcc_s -plugin-opt=-pass-through=-lpthread -plugin-opt=-pass-through=-lc -plugin-opt=-pass-through=-lgcc -plugin-opt=-pass-through=-lgcc_s --build-id --eh-frame-hdr -m elf_x86_64 --hash-style=gnu --as-needed -dynamic-linker /lib64/ld-linux-x86-64.so.2 -pie -z now -z relro -o cmTC_d6a3b /usr/lib/gcc/x86_64-linux-gnu/13/../../../x86_64-linux-gnu/Scrt1.o /usr/lib/gcc/x86_64-linux-gnu/13/../../../x86_64-linux-gnu/crti.o /usr/lib/gcc/x86_64-linux-gnu/13/crtbeginS.o /usr/lib/gcc/x86_64-linux-gnu/13/crtoffloadbegin.o -L/usr/lib/gcc/x86_64-linux-gnu/13 -L/usr/lib/gcc/x86_64-linux-gnu/13/../../../x86_64-linux-gnu -L/usr/lib/gcc/x86_64-linux-gnu/13/../../../../lib -L/lib/x86_64-linux-gnu -L/lib/../lib -L/usr/lib/x86_64-linux-gnu -L/usr/lib/../lib -L/usr/lib/gcc/x86_64-linux-gnu/13/../../.. CMakeFiles/cmTC_d6a3b.dir/OpenMPTryFlag.c.o -lgomp -lgcc --push-state --as-needed -lgcc_s --pop-state -lpthread -lc -lgcc --push-state --as-needed -lgcc_s --pop-state /usr/lib/gcc/x86_64-linux-gnu/13/crtendS.o /usr/lib/gcc/x86_64-linux-gnu/13/../../../x86_64-linux-gnu/crtn.o /usr/lib/gcc/x86_64-linux-gnu/13/crtoffloadend.o]
    arg [/usr/libexec/gcc/x86_64-linux-gnu/13/collect2] ==> ignore
    arg [-plugin] ==> ignore
    arg [/usr/libexec/gcc/x86_64-linux-gnu/13/liblto_plugin.so] ==> ignore
    arg [-plugin-opt=/usr/libexec/gcc/x86_64-linux-gnu/13/lto-wrapper] ==> ignore
    arg [-plugin-opt=-fresolution=/tmp/cciEa2sX.res] ==> ignore
    arg [-plugin-opt=-pass-through=-lgcc] ==> ignore
    arg [-plugin-opt=-pass-through=-lgcc_s] ==> ignore
    arg [-plugin-opt=-pass-through=-lpthread] ==> ignore
    arg [-plugin-opt=-pass-through=-lc] ==> ignore
    arg [-plugin-opt=-pass-through=-lgcc] ==> ignore
    arg [-plugin-opt=-pass-through=-lgcc_s] ==> ignore
    arg [--build-id] ==> ignore
    arg [--eh-frame-hdr] ==> ignore
    arg [-m] ==> ignore
    arg [elf_x86_64] ==> ignore
    arg [--hash-style=gnu] ==> ignore
    arg [--as-needed] ==> ignore
    arg [-dynamic-linker] ==> ignore
    arg [/lib64/ld-linux-x86-64.so.2] ==> ignore
    arg [-pie] ==> ignore
    arg [-znow] ==> ignore
    arg [-zrelro] ==> ignore
    arg [-o] ==> ignore
    arg [cmTC_d6a3b] ==> ignore
    arg [-L/usr/lib/gcc/x86_64-linux-gnu/13] ==> dir [/usr/lib/gcc/x86_64-linux-gnu/13]
    arg [-L/usr/lib/gcc/x86_64-linux-gnu/13/../../../x86_64-linux-gnu] ==> dir [/usr/lib/gcc/x86_64-linux-gnu/13/../../../x86_64-linux-gnu]
    arg [-L/usr/lib/gcc/x86_64-linux-gnu/13/../../../../lib] ==> dir [/usr/lib/gcc/x86_64-linux-gnu/13/../../../../lib]
    arg [-L/lib/x86_64-linux-gnu] ==> dir [/lib/x86_64-linux-gnu]
    arg [-L/lib/../lib] ==> dir [/lib/../lib]
    arg [-L/usr/lib/x86_64-linux-gnu] ==> dir [/usr/lib/x86_64-linux-gnu]
    arg [-L/usr/lib/../lib] ==> dir [/usr/lib/../lib]
    arg [-L/usr/lib/gcc/x86_64-linux-gnu/13/../../..] ==> dir [/usr/lib/gcc/x86_64-linux-gnu/13/../../..]
    arg [CMakeFiles/cmTC_d6a3b.dir/OpenMPTryFlag.c.o] ==> ignore
    arg [-lgomp] ==> lib [gomp]
    arg [-lgcc] ==> lib [gcc]
    arg [--push-state] ==> ignore
    arg [--as-needed] ==> ignore
    arg [-lgcc_s] ==> lib [gcc_s]
    arg [--pop-state] ==> ignore
    arg [-lpthread] ==> lib [pthread]
    arg [-lc] ==> lib [c]
    arg [-lgcc] ==> lib [gcc]
    arg [--push-state] ==> ignore
    arg [--as-needed] ==> ignore
    arg [-lgcc_s] ==> lib [gcc_s]
    arg [--pop-state] ==> ignore
  collapse library dir [/usr/lib/gcc/x86_64-linux-gnu/13] ==> [/usr/lib/gcc/x86_64-linux-gnu/13]
  collapse library dir [/usr/lib/gcc/x86_64-linux-gnu/13/../../../x86_64-linux-gnu] ==> [/usr/lib/x86_64-linux-gnu]
  collapse library dir [/usr/lib/gcc/x86_64-linux-gnu/13/../../../../lib] ==> [/usr/lib]
  collapse library dir [/lib/x86_64-linux-gnu] ==> [/lib/x86_64-linux-gnu]
  collapse library dir [/lib/../lib] ==> [/lib]
  collapse library dir [/usr/lib/x86_64-linux-gnu] ==> [/usr/lib/x86_64-linux-gnu]
  collapse library dir [/usr/lib/../lib] ==> [/usr/lib]
  collapse library dir [/usr/lib/gcc/x86_64-linux-gnu/13/../../..] ==> [/usr/lib]
  implicit libs: [gomp;gcc;gcc_s;pthread;c;gcc;gcc_s]
  implicit objs: []
  implicit dirs: [/usr/lib/gcc/x86_64-linux-gnu/13;/usr/lib/x86_64-linux-gnu;/usr/lib;/lib/x86_64-linux-gnu;/lib]
  implicit fwks: []


Detecting CXX OpenMP compiler ABI info compiled with the following output:
Change Dir: '/home/yuanyan/LIO-SAM-ros2/build/lio_sam/CMakeFiles/CMakeTmp'

Run Build Command(s): /usr/bin/cmake -E env VERBOSE=1 /usr/bin/gmake -f Makefile cmTC_bf279/fast
/usr/bin/gmake  -f CMakeFiles/cmTC_bf279.dir/build.make CMakeFiles/cmTC_bf279.dir/build
gmake[1]: Entering directory '/home/yuanyan/LIO-SAM-ros2/build/lio_sam/CMakeFiles/CMakeTmp'
Building CXX object CMakeFiles/cmTC_bf279.dir/OpenMPTryFlag.cpp.o
/usr/bin/c++   -fopenmp -v -o CMakeFiles/cmTC_bf279.dir/OpenMPTryFlag.cpp.o -c /home/yuanyan/LIO-SAM-ros2/build/lio_sam/CMakeFiles/FindOpenMP/OpenMPTryFlag.cpp
Using built-in specs.
COLLECT_GCC=/usr/bin/c++
OFFLOAD_TARGET_NAMES=nvptx-none:amdgcn-amdhsa
OFFLOAD_TARGET_DEFAULT=1
Target: x86_64-linux-gnu
Configured with: ../src/configure -v --with-pkgversion='Ubuntu 13.3.0-6ubuntu2~24.04' --with-bugurl=file:///usr/share/doc/gcc-13/README.Bugs --enable-languages=c,ada,c++,go,d,fortran,objc,obj-c++,m2 --prefix=/usr --with-gcc-major-version-only --program-suffix=-13 --program-prefix=x86_64-linux-gnu- --enable-shared --enable-linker-build-id --libexecdir=/usr/libexec --without-included-gettext --enable-threads=posix --libdir=/usr/lib --enable-nls --enable-bootstrap --enable-clocale=gnu --enable-libstdcxx-debug --enable-libstdcxx-time=yes --with-default-libstdcxx-abi=new --enable-libstdcxx-backtrace --enable-gnu-unique-object --disable-vtable-verify --enable-plugin --enable-default-pie --with-system-zlib --enable-libphobos-checking=release --with-target-system-zlib=auto --enable-objc-gc=auto --enable-multiarch --disable-werror --enable-cet --with-arch-32=i686 --with-abi=m64 --with-multilib-list=m32,m64,mx32 --enable-multilib --with-tune=generic --enable-offload-targets=nvptx-none=/build/gcc-13-fG75Ri/gcc-13-13.3.0/debian/tmp-nvptx/usr,amdgcn-amdhsa=/build/gcc-13-fG75Ri/gcc-13-13.3.0/debian/tmp-gcn/usr --enable-offload-defaulted --without-cuda-driver --enable-checking=release --build=x86_64-linux-gnu --host=x86_64-linux-gnu --target=x86_64-linux-gnu --with-build-config=bootstrap-lto-lean --enable-link-serialization=2
Thread model: posix
Supported LTO compression algorithms: zlib zstd
gcc version 13.3.0 (Ubuntu 13.3.0-6ubuntu2~24.04) 
COLLECT_GCC_OPTIONS='-fopenmp' '-v' '-o' 'CMakeFiles/cmTC_bf279.dir/OpenMPTryFlag.cpp.o' '-c' '-shared-libgcc' '-mtune=generic' '-march=x86-64' '-pthread' '-dumpdir' 'CMakeFiles/cmTC_bf279.dir/'
 /usr/libexec/gcc/x86_64-linux-gnu/13/cc1plus -quiet -v -imultiarch x86_64-linux-gnu -D_GNU_SOURCE -D_REENTRANT /home/yuanyan/LIO-SAM-ros2/build/lio_sam/CMakeFiles/FindOpenMP/OpenMPTryFlag.cpp -quiet -dumpdir CMakeFiles/cmTC_bf279.dir/ -dumpbase OpenMPTryFlag.cpp.cpp -dumpbase-ext .cpp -mtune=generic -march=x86-64 -version -fopenmp -fasynchronous-unwind-tables -fstack-protector-strong -Wformat -Wformat-security -fstack-clash-protection -fcf-protection -o /tmp/ccQKIbnd.s
GNU C++17 (Ubuntu 13.3.0-6ubuntu2~24.04) version 13.3.0 (x86_64-linux-gnu)
	compiled by GNU C version 13.3.0, GMP version 6.3.0, MPFR version 4.2.1, MPC version 1.3.1, isl version isl-0.26-GMP

GGC heuristics: --param ggc-min-expand=100 --param ggc-min-heapsize=131072
ignoring duplicate directory "/usr/include/x86_64-linux-gnu/c++/13"
ignoring nonexistent directory "/usr/local/include/x86_64-linux-gnu"
ignoring nonexistent directory "/usr/lib/gcc/x86_64-linux-gnu/13/include-fixed/x86_64-linux-gnu"
ignoring nonexistent directory "/usr/lib/gcc/x86_64-linux-gnu/13/include-fixed"
ignoring nonexistent directory "/usr/lib/gcc/x86_64-linux-gnu/13/../../../../x86_64-linux-gnu/include"
#include "..." search starts here:
#include <...> search starts here:
 /usr/include/c++/13
 /usr/include/x86_64-linux-gnu/c++/13
 /usr/include/c++/13/backward
 /usr/lib/gcc/x86_64-linux-gnu/13/include
 /usr/local/include
 /usr/include/x86_64-linux-gnu
 /usr/include
End of search list.
Compiler executable checksum: c81c05345ce537099dafd5580045814a
COLLECT_GCC_OPTIONS='-fopenmp' '-v' '-o' 'CMakeFiles/cmTC_bf279.dir/OpenMPTryFlag.cpp.o' '-c' '-shared-libgcc' '-mtune=generic' '-march=x86-64' '-pthread' '-dumpdir' 'CMakeFiles/cmTC_bf279.dir/'
 as -v --64 -o CMakeFiles/cmTC_bf279.dir/OpenMPTryFlag.cpp.o /tmp/ccQKIbnd.s
GNU assembler version 2.42 (x86_64-linux-gnu) using BFD version (GNU Binutils for Ubuntu) 2.42
COMPILER_PATH=/usr/libexec/gcc/x86_64-linux-gnu/13/:/usr/libexec/gcc/x86_64-linux-gnu/13/:/usr/libexec/gcc/x86_64-linux-gnu/:/usr/lib/gcc/x86_64-linux-gnu/13/:/usr/lib/gcc/x86_64-linux-gnu/
LIBRARY_PATH=/usr/lib/gcc/x86_64-linux-gnu/13/:/usr/lib/gcc/x86_64-linux-gnu/13/../../../x86_64-linux-gnu/:/usr/lib/gcc/x86_64-linux-gnu/13/../../../../lib/:/lib/x86_64-linux-gnu/:/lib/../lib/:/usr/lib/x86_64-linux-gnu/:/usr/lib/../lib/:/usr/lib/gcc/x86_64-linux-gnu/13/../../../:/lib/:/usr/lib/
COLLECT_GCC_OPTIONS='-fopenmp' '-v' '-o' 'CMakeFiles/cmTC_bf279.dir/OpenMPTryFlag.cpp.o' '-c' '-shared-libgcc' '-mtune=generic' '-march=x86-64' '-pthread' '-dumpdir' 'CMakeFiles/cmTC_bf279.dir/OpenMPTryFlag.cpp.'
Linking CXX executable cmTC_bf279
/usr/bin/cmake -E cmake_link_script CMakeFiles/cmTC_bf279.dir/link.txt --verbose=1
/usr/bin/c++  -fopenmp -v CMakeFiles/cmTC_bf279.dir/OpenMPTryFlag.cpp.o -o cmTC_bf279  -v 
Using built-in specs.
COLLECT_GCC=/usr/bin/c++
COLLECT_LTO_WRAPPER=/usr/libexec/gcc/x86_64-linux-gnu/13/lto-wrapper
OFFLOAD_TARGET_NAMES=nvptx-none:amdgcn-amdhsa
OFFLOAD_TARGET_DEFAULT=1
Target: x86_64-linux-gnu
Configured with: ../src/configure -v --with-pkgversion='Ubuntu 13.3.0-6ubuntu2~24.04' --with-bugurl=file:///usr/share/doc/gcc-13/README.Bugs --enable-languages=c,ada,c++,go,d,fortran,objc,obj-c++,m2 --prefix=/usr --with-gcc-major-version-only --program-suffix=-13 --program-prefix=x86_64-linux-gnu- --enable-shared --enable-linker-build-id --libexecdir=/usr/libexec --without-included-gettext --enable-threads=posix --libdir=/usr/lib --enable-nls --enable-bootstrap --enable-clocale=gnu --enable-libstdcxx-debug --enable-libstdcxx-time=yes --with-default-libstdcxx-abi=new --enable-libstdcxx-backtrace --enable-gnu-unique-object --disable-vtable-verify --enable-plugin --enable-default-pie --with-system-zlib --enable-libphobos-checking=release --with-target-system-zlib=auto --enable-objc-gc=auto --enable-multiarch --disable-werror --enable-cet --with-arch-32=i686 --with-abi=m64 --with-multilib-list=m32,m64,mx32 --enable-multilib --with-tune=generic --enable-offload-targets=nvptx-none=/build/gcc-13-fG75Ri/gcc-13-13.3.0/debian/tmp-nvptx/usr,amdgcn-amdhsa=/build/gcc-13-fG75Ri/gcc-13-13.3.0/debian/tmp-gcn/usr --enable-offload-defaulted --without-cuda-driver --enable-checking=release --build=x86_64-linux-gnu --host=x86_64-linux-gnu --target=x86_64-linux-gnu --with-build-config=bootstrap-lto-lean --enable-link-serialization=2
Thread model: posix
Supported LTO compression algorithms: zlib zstd
gcc version 13.3.0 (Ubuntu 13.3.0-6ubuntu2~24.04) 
COMPILER_PATH=/usr/libexec/gcc/x86_64-linux-gnu/13/:/usr/libexec/gcc/x86_64-linux-gnu/13/:/usr/libexec/gcc/x86_64-linux-gnu/:/usr/lib/gcc/x86_64-linux-gnu/13/:/usr/lib/gcc/x86_64-linux-gnu/
LIBRARY_PATH=/usr/lib/gcc/x86_64-linux-gnu/13/:/usr/lib/gcc/x86_64-linux-gnu/13/../../../x86_64-linux-gnu/:/usr/lib/gcc/x86_64-linux-gnu/13/../../../../lib/:/lib/x86_64-linux-gnu/:/lib/../lib/:/usr/lib/x86_64-linux-gnu/:/usr/lib/../lib/:/usr/lib/gcc/x86_64-linux-gnu/13/../../../:/lib/:/usr/lib/
Reading specs from /usr/lib/gcc/x86_64-linux-gnu/13/libgomp.spec
COLLECT_GCC_OPTIONS='-fopenmp' '-v' '-o' 'cmTC_bf279' '-v' '-shared-libgcc' '-mtune=generic' '-march=x86-64' '-pthread' '-dumpdir' 'cmTC_bf279.'
 /usr/libexec/gcc/x86_64-linux-gnu/13/collect2 -plugin /usr/libexec/gcc/x86_64-linux-gnu/13/liblto_plugin.so -plugin-opt=/usr/libexec/gcc/x86_64-linux-gnu/13/lto-wrapper -plugin-opt=-fresolution=/tmp/ccGRYse2.res -plugin-opt=-pass-through=-lgcc_s -plugin-opt=-pass-through=-lgcc -plugin-opt=-pass-through=-lpthread -plugin-opt=-pass-through=-lc -plugin-opt=-pass-through=-lgcc_s -plugin-opt=-pass-through=-lgcc --build-id --eh-frame-hdr -m elf_x86_64 --hash-style=gnu --as-needed -dynamic-linker /lib64/ld-linux-x86-64.so.2 -pie -z now -z relro -o cmTC_bf279 /usr/lib/gcc/x86_64-linux-gnu/13/../../../x86_64-linux-gnu/Scrt1.o /usr/lib/gcc/x86_64-linux-gnu/13/../../../x86_64-linux-gnu/crti.o /usr/lib/gcc/x86_64-linux-gnu/13/crtbeginS.o /usr/lib/gcc/x86_64-linux-gnu/13/crtoffloadbegin.o -L/usr/lib/gcc/x86_64-linux-gnu/13 -L/usr/lib/gcc/x86_64-linux-gnu/13/../../../x86_64-linux-gnu -L/usr/lib/gcc/x86_64-linux-gnu/13/../../../../lib -L/lib/x86_64-linux-gnu -L/lib/../lib -L/usr/lib/x86_64-linux-gnu -L/usr/lib/../lib -L/usr/lib/gcc/x86_64-linux-gnu/13/../../.. CMakeFiles/cmTC_bf279.dir/OpenMPTryFlag.cpp.o -lstdc++ -lm -lgomp -lgcc_s -lgcc -lpthread -lc -lgcc_s -lgcc /usr/lib/gcc/x86_64-linux-gnu/13/crtendS.o /usr/lib/gcc/x86_64-linux-gnu/13/../../../x86_64-linux-gnu/crtn.o /usr/lib/gcc/x86_64-linux-gnu/13/crtoffloadend.o
COLLECT_GCC_OPTIONS='-fopenmp' '-v' '-o' 'cmTC_bf279' '-v' '-shared-libgcc' '-mtune=generic' '-march=x86-64' '-pthread' '-dumpdir' 'cmTC_bf279.'
gmake[1]: Leaving directory '/home/yuanyan/LIO-SAM-ros2/build/lio_sam/CMakeFiles/CMakeTmp'



Parsed CXX OpenMP implicit link information from above output:
  link line regex: [^( *|.*[/\])(ld|CMAKE_LINK_STARTFILE-NOTFOUND|([^/\]+-)?ld|collect2)[^/\]*( |$)]
  ignore line: [Change Dir: '/home/yuanyan/LIO-SAM-ros2/build/lio_sam/CMakeFiles/CMakeTmp']
  ignore line: []
  ignore line: [Run Build Command(s): /usr/bin/cmake -E env VERBOSE=1 /usr/bin/gmake -f Makefile cmTC_bf279/fast]
  ignore line: [/usr/bin/gmake  -f CMakeFiles/cmTC_bf279.dir/build.make CMakeFiles/cmTC_bf279.dir/build]
  ignore line: [gmake[1]: Entering directory '/home/yuanyan/LIO-SAM-ros2/build/lio_sam/CMakeFiles/CMakeTmp']
  ignore line: [Building CXX object CMakeFiles/cmTC_bf279.dir/OpenMPTryFlag.cpp.o]
  ignore line: [/usr/bin/c++   -fopenmp -v -o CMakeFiles/cmTC_bf279.dir/OpenMPTryFlag.cpp.o -c /home/yuanyan/LIO-SAM-ros2/build/lio_sam/CMakeFiles/FindOpenMP/OpenMPTryFlag.cpp]
  ignore line: [Using built-in specs.]
  ignore line: [COLLECT_GCC=/usr/bin/c++]
  ignore line: [OFFLOAD_TARGET_NAMES=nvptx-none:amdgcn-amdhsa]
  ignore line: [OFFLOAD_TARGET_DEFAULT=1]
  ignore line: [Target: x86_64-linux-gnu]
  ignore line: [Configured with: ../src/configure -v --with-pkgversion='Ubuntu 13.3.0-6ubuntu2~24.04' --with-bugurl=file:///usr/share/doc/gcc-13/README.Bugs --enable-languages=c ada c++ go d fortran objc obj-c++ m2 --prefix=/usr --with-gcc-major-version-only --program-suffix=-13 --program-prefix=x86_64-linux-gnu- --enable-shared --enable-linker-build-id --libexecdir=/usr/libexec --without-included-gettext --enable-threads=posix --libdir=/usr/lib --enable-nls --enable-bootstrap --enable-clocale=gnu --enable-libstdcxx-debug --enable-libstdcxx-time=yes --with-default-libstdcxx-abi=new --enable-libstdcxx-backtrace --enable-gnu-unique-object --disable-vtable-verify --enable-plugin --enable-default-pie --with-system-zlib --enable-libphobos-checking=release --with-target-system-zlib=auto --enable-objc-gc=auto --enable-multiarch --disable-werror --enable-cet --with-arch-32=i686 --with-abi=m64 --with-multilib-list=m32 m64 mx32 --enable-multilib --with-tune=generic --enable-offload-targets=nvptx-none=/build/gcc-13-fG75Ri/gcc-13-13.3.0/debian/tmp-nvptx/usr amdgcn-amdhsa=/build/gcc-13-fG75Ri/gcc-13-13.3.0/debian/tmp-gcn/usr --enable-offload-defaulted --without-cuda-driver --enable-checking=release --build=x86_64-linux-gnu --host=x86_64-linux-gnu --target=x86_64-linux-gnu --with-build-config=bootstrap-lto-lean --enable-link-serialization=2]
  ignore line: [Thread model: posix]
  ignore line: [Supported LTO compression algorithms: zlib zstd]
  ignore line: [gcc version 13.3.0 (Ubuntu 13.3.0-6ubuntu2~24.04) ]
  ignore line: [COLLECT_GCC_OPTIONS='-fopenmp' '-v' '-o' 'CMakeFiles/cmTC_bf279.dir/OpenMPTryFlag.cpp.o' '-c' '-shared-libgcc' '-mtune=generic' '-march=x86-64' '-pthread' '-dumpdir' 'CMakeFiles/cmTC_bf279.dir/']
  ignore line: [ /usr/libexec/gcc/x86_64-linux-gnu/13/cc1plus -quiet -v -imultiarch x86_64-linux-gnu -D_GNU_SOURCE -D_REENTRANT /home/yuanyan/LIO-SAM-ros2/build/lio_sam/CMakeFiles/FindOpenMP/OpenMPTryFlag.cpp -quiet -dumpdir CMakeFiles/cmTC_bf279.dir/ -dumpbase OpenMPTryFlag.cpp.cpp -dumpbase-ext .cpp -mtune=generic -march=x86-64 -version -fopenmp -fasynchronous-unwind-tables -fstack-protector-strong -Wformat -Wformat-security -fstack-clash-protection -fcf-protection -o /tmp/ccQKIbnd.s]
  ignore line: [GNU C++17 (Ubuntu 13.3.0-6ubuntu2~24.04) version 13.3.0 (x86_64-linux-gnu)]
  ignore line: [	compiled by GNU C version 13.3.0  GMP version 6.3.0  MPFR version 4.2.1  MPC version 1.3.1  isl version isl-0.26-GMP]
  ignore line: []
  ignore line: [GGC heuristics: --param ggc-min-expand=100 --param ggc-min-heapsize=131072]
  ignore line: [ignoring duplicate directory "/usr/include/x86_64-linux-gnu/c++/13"]
  ignore line: [ignoring nonexistent directory "/usr/local/include/x86_64-linux-gnu"]
  ignore line: [ignoring nonexistent directory "/usr/lib/gcc/x86_64-linux-gnu/13/include-fixed/x86_64-linux-gnu"]
  ignore line: [ignoring nonexistent directory "/usr/lib/gcc/x86_64-linux-gnu/13/include-fixed"]
  ignore line: [ignoring nonexistent directory "/usr/lib/gcc/x86_64-linux-gnu/13/../../../../x86_64-linux-gnu/include"]
  ignore line: [#include "..." search starts here:]
  ignore line: [#include <...> search starts here:]
  ignore line: [ /usr/include/c++/13]
  ignore line: [ /usr/include/x86_64-linux-gnu/c++/13]
  ignore line: [ /usr/include/c++/13/backward]
  ignore line: [ /usr/lib/gcc/x86_64-linux-gnu/13/include]
  ignore line: [ /usr/local/include]
  ignore line: [ /usr/include/x86_64-linux-gnu]
  ignore line: [ /usr/include]
  ignore line: [End of search list.]
  ignore line: [Compiler executable checksum: c81c05345ce537099dafd5580045814a]
  ignore line: [COLLECT_GCC_OPTIONS='-fopenmp' '-v' '-o' 'CMakeFiles/cmTC_bf279.dir/OpenMPTryFlag.cpp.o' '-c' '-shared-libgcc' '-mtune=generic' '-march=x86-64' '-pthread' '-dumpdir' 'CMakeFiles/cmTC_bf279.dir/']
  ignore line: [ as -v --64 -o CMakeFiles/cmTC_bf279.dir/OpenMPTryFlag.cpp.o /tmp/ccQKIbnd.s]
  ignore line: [GNU assembler version 2.42 (x86_64-linux-gnu) using BFD version (GNU Binutils for Ubuntu) 2.42]
  ignore line: [COMPILER_PATH=/usr/libexec/gcc/x86_64-linux-gnu/13/:/usr/libexec/gcc/x86_64-linux-gnu/13/:/usr/libexec/gcc/x86_64-linux-gnu/:/usr/lib/gcc/x86_64-linux-gnu/13/:/usr/lib/gcc/x86_64-linux-gnu/]
  ignore line: [LIBRARY_PATH=/usr/lib/gcc/x86_64-linux-gnu/13/:/usr/lib/gcc/x86_64-linux-gnu/13/../../../x86_64-linux-gnu/:/usr/lib/gcc/x86_64-linux-gnu/13/../../../../lib/:/lib/x86_64-linux-gnu/:/lib/../lib/:/usr/lib/x86_64-linux-gnu/:/usr/lib/../lib/:/usr/lib/gcc/x86_64-linux-gnu/13/../../../:/lib/:/usr/lib/]
  ignore line: [COLLECT_GCC_OPTIONS='-fopenmp' '-v' '-o' 'CMakeFiles/cmTC_bf279.dir/OpenMPTryFlag.cpp.o' '-c' '-shared-libgcc' '-mtune=generic' '-march=x86-64' '-pthread' '-dumpdir' 'CMakeFiles/cmTC_bf279.dir/OpenMPTryFlag.cpp.']
  ignore line: [Linking CXX executable cmTC_bf279]
  ignore line: [/usr/bin/cmake -E cmake_link_script CMakeFiles/cmTC_bf279.dir/link.txt --verbose=1]
  ignore line: [/usr/bin/c++  -fopenmp -v CMakeFiles/cmTC_bf279.dir/OpenMPTryFlag.cpp.o -o cmTC_bf279  -v ]
  ignore line: [Using built-in specs.]
  ignore line: [COLLECT_GCC=/usr/bin/c++]
  ignore line: [COLLECT_LTO_WRAPPER=/usr/libexec/gcc/x86_64-linux-gnu/13/lto-wrapper]
  ignore line: [OFFLOAD_TARGET_NAMES=nvptx-none:amdgcn-amdhsa]
  ignore line: [OFFLOAD_TARGET_DEFAULT=1]
  ignore line: [Target: x86_64-linux-gnu]
  ignore line: [Configured with: ../src/configure -v --with-pkgversion='Ubuntu 13.3.0-6ubuntu2~24.04' --with-bugurl=file:///usr/share/doc/gcc-13/README.Bugs --enable-languages=c ada c++ go d fortran objc obj-c++ m2 --prefix=/usr --with-gcc-major-version-only --program-suffix=-13 --program-prefix=x86_64-linux-gnu- --enable-shared --enable-linker-build-id --libexecdir=/usr/libexec --without-included-gettext --enable-threads=posix --libdir=/usr/lib --enable-nls --enable-bootstrap --enable-clocale=gnu --enable-libstdcxx-debug --enable-libstdcxx-time=yes --with-default-libstdcxx-abi=new --enable-libstdcxx-backtrace --enable-gnu-unique-object --disable-vtable-verify --enable-plugin --enable-default-pie --with-system-zlib --enable-libphobos-checking=release --with-target-system-zlib=auto --enable-objc-gc=auto --enable-multiarch --disable-werror --enable-cet --with-arch-32=i686 --with-abi=m64 --with-multilib-list=m32 m64 mx32 --enable-multilib --with-tune=generic --enable-offload-targets=nvptx-none=/build/gcc-13-fG75Ri/gcc-13-13.3.0/debian/tmp-nvptx/usr amdgcn-amdhsa=/build/gcc-13-fG75Ri/gcc-13-13.3.0/debian/tmp-gcn/usr --enable-offload-defaulted --without-cuda-driver --enable-checking=release --build=x86_64-linux-gnu --host=x86_64-linux-gnu --target=x86_64-linux-gnu --with-build-config=bootstrap-lto-lean --enable-link-serialization=2]
  ignore line: [Thread model: posix]
  ignore line: [Supported LTO compression algorithms: zlib zstd]
  ignore line: [gcc version 13.3.0 (Ubuntu 13.3.0-6ubuntu2~24.04) ]
  ignore line: [COMPILER_PATH=/usr/libexec/gcc/x86_64-linux-gnu/13/:/usr/libexec/gcc/x86_64-linux-gnu/13/:/usr/libexec/gcc/x86_64-linux-gnu/:/usr/lib/gcc/x86_64-linux-gnu/13/:/usr/lib/gcc/x86_64-linux-gnu/]
  ignore line: [LIBRARY_PATH=/usr/lib/gcc/x86_64-linux-gnu/13/:/usr/lib/gcc/x86_64-linux-gnu/13/../../../x86_64-linux-gnu/:/usr/lib/gcc/x86_64-linux-gnu/13/../../../../lib/:/lib/x86_64-linux-gnu/:/lib/../lib/:/usr/lib/x86_64-linux-gnu/:/usr/lib/../lib/:/usr/lib/gcc/x86_64-linux-gnu/13/../../../:/lib/:/usr/lib/]
  ignore line: [Reading specs from /usr/lib/gcc/x86_64-linux-gnu/13/libgomp.spec]
  ignore line: [COLLECT_GCC_OPTIONS='-fopenmp' '-v' '-o' 'cmTC_bf279' '-v' '-shared-libgcc' '-mtune=generic' '-march=x86-64' '-pthread' '-dumpdir' 'cmTC_bf279.']
  link line: [ /usr/libexec/gcc/x86_64-linux-gnu/13/collect2 -plugin /usr/libexec/gcc/x86_64-linux-gnu/13/liblto_plugin.so -plugin-opt=/usr/libexec/gcc/x86_64-linux-gnu/13/lto-wrapper -plugin-opt=-fresolution=/tmp/ccGRYse2.res -plugin-opt=-pass-through=-lgcc_s -plugin-opt=-pass-through=-lgcc -plugin-opt=-pass-through=-lpthread -plugin-opt=-pass-through=-lc -plugin-opt=-pass-through=-lgcc_s -plugin-opt=-pass-through=-lgcc --build-id --eh-frame-hdr -m elf_x86_64 --hash-style=gnu --as-needed -dynamic-linker /lib64/ld-linux-x86-64.so.2 -pie -z now -z relro -o cmTC_bf279 /usr/lib/gcc/x86_64-linux-gnu/13/../../../x86_64-linux-gnu/Scrt1.o /usr/lib/gcc/x86_64-linux-gnu/13/../../../x86_64-linux-gnu/crti.o /usr/lib/gcc/x86_64-linux-gnu/13/crtbeginS.o /usr/lib/gcc/x86_64-linux-gnu/13/crtoffloadbegin.o -L/usr/lib/gcc/x86_64-linux-gnu/13 -L/usr/lib/gcc/x86_64-linux-gnu/13/../../../x86_64-linux-gnu -L/usr/lib/gcc/x86_64-linux-gnu/13/../../../../lib -L/lib/x86_64-linux-gnu -L/lib/../lib -L/usr/lib/x86_64-linux-gnu -L/usr/lib/../lib -L/usr/lib/gcc/x86_64-linux-gnu/13/../../.. CMakeFiles/cmTC_bf279.dir/OpenMPTryFlag.cpp.o -lstdc++ -lm -lgomp -lgcc_s -lgcc -lpthread -lc -lgcc_s -lgcc /usr/lib/gcc/x86_64-linux-gnu/13/crtendS.o /usr/lib/gcc/x86_64-linux-gnu/13/../../../x86_64-linux-gnu/crtn.o /usr/lib/gcc/x86_64-linux-gnu/13/crtoffloadend.o]
    arg [/usr/libexec/gcc/x86_64-linux-gnu/13/collect2] ==> ignore
    arg [-plugin] ==> ignore
    arg [/usr/libexec/gcc/x86_64-linux-gnu/13/liblto_plugin.so] ==> ignore
    arg [-plugin-opt=/usr/libexec/gcc/x86_64-linux-gnu/13/lto-wrapper] ==> ignore
    arg [-plugin-opt=-fresolution=/tmp/ccGRYse2.res] ==> ignore
    arg [-plugin-opt=-pass-through=-lgcc_s] ==> ignore
    arg [-plugin-opt=-pass-through=-lgcc] ==> ignore
    arg [-plugin-opt=-pass-through=-lpthread] ==> ignore
    arg [-plugin-opt=-pass-through=-lc] ==> ignore
    arg [-plugin-opt=-pass-through=-lgcc_s] ==> ignore
    arg [-plugin-opt=-pass-through=-lgcc] ==> ignore
    arg [--build-id] ==> ignore
    arg [--eh-frame-hdr] ==> ignore
    arg [-m] ==> ignore
    arg [elf_x86_64] ==> ignore
    arg [--hash-style=gnu] ==> ignore
    arg [--as-needed] ==> ignore
    arg [-dynamic-linker] ==> ignore
    arg [/lib64/ld-linux-x86-64.so.2] ==> ignore
    arg [-pie] ==> ignore
    arg [-znow] ==> ignore
    arg [-zrelro] ==> ignore
    arg [-o] ==> ignore
    arg [cmTC_bf279] ==> ignore
    arg [-L/usr/lib/gcc/x86_64-linux-gnu/13] ==> dir [/usr/lib/gcc/x86_64-linux-gnu/13]
    arg [-L/usr/lib/gcc/x86_64-linux-gnu/13/../../../x86_64-linux-gnu] ==> dir [/usr/lib/gcc/x86_64-linux-gnu/13/../../../x86_64-linux-gnu]
    arg [-L/usr/lib/gcc/x86_64-linux-gnu/13/../../../../lib] ==> dir [/usr/lib/gcc/x86_64-linux-gnu/13/../../../../lib]
    arg [-L/lib/x86_64-linux-gnu] ==> dir [/lib/x86_64-linux-gnu]
    arg [-L/lib/../lib] ==> dir [/lib/../lib]
    arg [-L/usr/lib/x86_64-linux-gnu] ==> dir [/usr/lib/x86_64-linux-gnu]
    arg [-L/usr/lib/../lib] ==> dir [/usr/lib/../lib]
    arg [-L/usr/lib/gcc/x86_64-linux-gnu/13/../../..] ==> dir [/usr/lib/gcc/x86_64-linux-gnu/13/../../..]
    arg [CMakeFiles/cmTC_bf279.dir/OpenMPTryFlag.cpp.o] ==> ignore
    arg [-lstdc++] ==> lib [stdc++]
    arg [-lm] ==> lib [m]
    arg [-lgomp] ==> lib [gomp]
    arg [-lgcc_s] ==> lib [gcc_s]
    arg [-lgcc] ==> lib [gcc]
    arg [-lpthread] ==> lib [pthread]
    arg [-lc] ==> lib [c]
    arg [-lgcc_s] ==> lib [gcc_s]
    arg [-lgcc] ==> lib [gcc]
  collapse library dir [/usr/lib/gcc/x86_64-linux-gnu/13] ==> [/usr/lib/gcc/x86_64-linux-gnu/13]
  collapse library dir [/usr/lib/gcc/x86_64-linux-gnu/13/../../../x86_64-linux-gnu] ==> [/usr/lib/x86_64-linux-gnu]
  collapse library dir [/usr/lib/gcc/x86_64-linux-gnu/13/../../../../lib] ==> [/usr/lib]
  collapse library dir [/lib/x86_64-linux-gnu] ==> [/lib/x86_64-linux-gnu]
  collapse library dir [/lib/../lib] ==> [/lib]
  collapse library dir [/usr/lib/x86_64-linux-gnu] ==> [/usr/lib/x86_64-linux-gnu]
  collapse library dir [/usr/lib/../lib] ==> [/usr/lib]
  collapse library dir [/usr/lib/gcc/x86_64-linux-gnu/13/../../..] ==> [/usr/lib]
  implicit libs: [stdc++;m;gomp;gcc_s;gcc;pthread;c;gcc_s;gcc]
  implicit objs: []
  implicit dirs: [/usr/lib/gcc/x86_64-linux-gnu/13;/usr/lib/x86_64-linux-gnu;/usr/lib;/lib/x86_64-linux-gnu;/lib]
  implicit fwks: []


Detecting C OpenMP compiler ABI info compiled with the following output:
Change Dir: '/home/yuanyan/LIO-SAM-ros2/build/lio_sam/CMakeFiles/CMakeTmp'

Run Build Command(s): /usr/bin/cmake -E env VERBOSE=1 /usr/bin/gmake -f Makefile cmTC_004e2/fast
/usr/bin/gmake  -f CMakeFiles/cmTC_004e2.dir/build.make CMakeFiles/cmTC_004e2.dir/build
gmake[1]: Entering directory '/home/yuanyan/LIO-SAM-ros2/build/lio_sam/CMakeFiles/CMakeTmp'
Building C object CMakeFiles/cmTC_004e2.dir/OpenMPTryFlag.c.o
/usr/bin/cc   -fopenmp -v -o CMakeFiles/cmTC_004e2.dir/OpenMPTryFlag.c.o -c /home/yuanyan/LIO-SAM-ros2/build/lio_sam/CMakeFiles/FindOpenMP/OpenMPTryFlag.c
Using built-in specs.
COLLECT_GCC=/usr/bin/cc
OFFLOAD_TARGET_NAMES=nvptx-none:amdgcn-amdhsa
OFFLOAD_TARGET_DEFAULT=1
Target: x86_64-linux-gnu
Configured with: ../src/configure -v --with-pkgversion='Ubuntu 13.3.0-6ubuntu2~24.04' --with-bugurl=file:///usr/share/doc/gcc-13/README.Bugs --enable-languages=c,ada,c++,go,d,fortran,objc,obj-c++,m2 --prefix=/usr --with-gcc-major-version-only --program-suffix=-13 --program-prefix=x86_64-linux-gnu- --enable-shared --enable-linker-build-id --libexecdir=/usr/libexec --without-included-gettext --enable-threads=posix --libdir=/usr/lib --enable-nls --enable-bootstrap --enable-clocale=gnu --enable-libstdcxx-debug --enable-libstdcxx-time=yes --with-default-libstdcxx-abi=new --enable-libstdcxx-backtrace --enable-gnu-unique-object --disable-vtable-verify --enable-plugin --enable-default-pie --with-system-zlib --enable-libphobos-checking=release --with-target-system-zlib=auto --enable-objc-gc=auto --enable-multiarch --disable-werror --enable-cet --with-arch-32=i686 --with-abi=m64 --with-multilib-list=m32,m64,mx32 --enable-multilib --with-tune=generic --enable-offload-targets=nvptx-none=/build/gcc-13-fG75Ri/gcc-13-13.3.0/debian/tmp-nvptx/usr,amdgcn-amdhsa=/build/gcc-13-fG75Ri/gcc-13-13.3.0/debian/tmp-gcn/usr --enable-offload-defaulted --without-cuda-driver --enable-checking=release --build=x86_64-linux-gnu --host=x86_64-linux-gnu --target=x86_64-linux-gnu --with-build-config=bootstrap-lto-lean --enable-link-serialization=2
Thread model: posix
Supported LTO compression algorithms: zlib zstd
gcc version 13.3.0 (Ubuntu 13.3.0-6ubuntu2~24.04) 
COLLECT_GCC_OPTIONS='-fopenmp' '-v' '-o' 'CMakeFiles/cmTC_004e2.dir/OpenMPTryFlag.c.o' '-c' '-mtune=generic' '-march=x86-64' '-pthread' '-dumpdir' 'CMakeFiles/cmTC_004e2.dir/'
 /usr/libexec/gcc/x86_64-linux-gnu/13/cc1 -quiet -v -imultiarch x86_64-linux-gnu -D_REENTRANT /home/yuanyan/LIO-SAM-ros2/build/lio_sam/CMakeFiles/FindOpenMP/OpenMPTryFlag.c -quiet -dumpdir CMakeFiles/cmTC_004e2.dir/ -dumpbase OpenMPTryFlag.c.c -dumpbase-ext .c -mtune=generic -march=x86-64 -version -fopenmp -fasynchronous-unwind-tables -fstack-protector-strong -Wformat -Wformat-security -fstack-clash-protection -fcf-protection -o /tmp/ccBztMdt.s
GNU C17 (Ubuntu 13.3.0-6ubuntu2~24.04) version 13.3.0 (x86_64-linux-gnu)
	compiled by GNU C version 13.3.0, GMP version 6.3.0, MPFR version 4.2.1, MPC version 1.3.1, isl version isl-0.26-GMP

GGC heuristics: --param ggc-min-expand=100 --param ggc-min-heapsize=131072
ignoring nonexistent directory "/usr/local/include/x86_64-linux-gnu"
ignoring nonexistent directory "/usr/lib/gcc/x86_64-linux-gnu/13/include-fixed/x86_64-linux-gnu"
ignoring nonexistent directory "/usr/lib/gcc/x86_64-linux-gnu/13/include-fixed"
ignoring nonexistent directory "/usr/lib/gcc/x86_64-linux-gnu/13/../../../../x86_64-linux-gnu/include"
#include "..." search starts here:
#include <...> search starts here:
 /usr/lib/gcc/x86_64-linux-gnu/13/include
 /usr/local/include
 /usr/include/x86_64-linux-gnu
 /usr/include
End of search list.
Compiler executable checksum: 38987c28e967c64056a6454abdef726e
COLLECT_GCC_OPTIONS='-fopenmp' '-v' '-o' 'CMakeFiles/cmTC_004e2.dir/OpenMPTryFlag.c.o' '-c' '-mtune=generic' '-march=x86-64' '-pthread' '-dumpdir' 'CMakeFiles/cmTC_004e2.dir/'
 as -v --64 -o CMakeFiles/cmTC_004e2.dir/OpenMPTryFlag.c.o /tmp/ccBztMdt.s
GNU assembler version 2.42 (x86_64-linux-gnu) using BFD version (GNU Binutils for Ubuntu) 2.42
COMPILER_PATH=/usr/libexec/gcc/x86_64-linux-gnu/13/:/usr/libexec/gcc/x86_64-linux-gnu/13/:/usr/libexec/gcc/x86_64-linux-gnu/:/usr/lib/gcc/x86_64-linux-gnu/13/:/usr/lib/gcc/x86_64-linux-gnu/
LIBRARY_PATH=/usr/lib/gcc/x86_64-linux-gnu/13/:/usr/lib/gcc/x86_64-linux-gnu/13/../../../x86_64-linux-gnu/:/usr/lib/gcc/x86_64-linux-gnu/13/../../../../lib/:/lib/x86_64-linux-gnu/:/lib/../lib/:/usr/lib/x86_64-linux-gnu/:/usr/lib/../lib/:/usr/lib/gcc/x86_64-linux-gnu/13/../../../:/lib/:/usr/lib/
COLLECT_GCC_OPTIONS='-fopenmp' '-v' '-o' 'CMakeFiles/cmTC_004e2.dir/OpenMPTryFlag.c.o' '-c' '-mtune=generic' '-march=x86-64' '-pthread' '-dumpdir' 'CMakeFiles/cmTC_004e2.dir/OpenMPTryFlag.c.'
Linking C executable cmTC_004e2
/usr/bin/cmake -E cmake_link_script CMakeFiles/cmTC_004e2.dir/link.txt --verbose=1
/usr/bin/cc  -fopenmp -v CMakeFiles/cmTC_004e2.dir/OpenMPTryFlag.c.o -o cmTC_004e2  -v 
Using built-in specs.
COLLECT_GCC=/usr/bin/cc
COLLECT_LTO_WRAPPER=/usr/libexec/gcc/x86_64-linux-gnu/13/lto-wrapper
OFFLOAD_TARGET_NAMES=nvptx-none:amdgcn-amdhsa
OFFLOAD_TARGET_DEFAULT=1
Target: x86_64-linux-gnu
Configured with: ../src/configure -v --with-pkgversion='Ubuntu 13.3.0-6ubuntu2~24.04' --with-bugurl=file:///usr/share/doc/gcc-13/README.Bugs --enable-languages=c,ada,c++,go,d,fortran,objc,obj-c++,m2 --prefix=/usr --with-gcc-major-version-only --program-suffix=-13 --program-prefix=x86_64-linux-gnu- --enable-shared --enable-linker-build-id --libexecdir=/usr/libexec --without-included-gettext --enable-threads=posix --libdir=/usr/lib --enable-nls --enable-bootstrap --enable-clocale=gnu --enable-libstdcxx-debug --enable-libstdcxx-time=yes --with-default-libstdcxx-abi=new --enable-libstdcxx-backtrace --enable-gnu-unique-object --disable-vtable-verify --enable-plugin --enable-default-pie --with-system-zlib --enable-libphobos-checking=release --with-target-system-zlib=auto --enable-objc-gc=auto --enable-multiarch --disable-werror --enable-cet --with-arch-32=i686 --with-abi=m64 --with-multilib-list=m32,m64,mx32 --enable-multilib --with-tune=generic --enable-offload-targets=nvptx-none=/build/gcc-13-fG75Ri/gcc-13-13.3.0/debian/tmp-nvptx/usr,amdgcn-amdhsa=/build/gcc-13-fG75Ri/gcc-13-13.3.0/debian/tmp-gcn/usr --enable-offload-defaulted --without-cuda-driver --enable-checking=release --build=x86_64-linux-gnu --host=x86_64-linux-gnu --target=x86_64-linux-gnu --with-build-config=bootstrap-lto-lean --enable-link-serialization=2
Thread model: posix
Supported LTO compression algorithms: zlib zstd
gcc version 13.3.0 (Ubuntu 13.3.0-6ubuntu2~24.04) 
COMPILER_PATH=/usr/libexec/gcc/x86_64-linux-gnu/13/:/usr/libexec/gcc/x86_64-linux-gnu/13/:/usr/libexec/gcc/x86_64-linux-gnu/:/usr/lib/gcc/x86_64-linux-gnu/13/:/usr/lib/gcc/x86_64-linux-gnu/
LIBRARY_PATH=/usr/lib/gcc/x86_64-linux-gnu/13/:/usr/lib/gcc/x86_64-linux-gnu/13/../../../x86_64-linux-gnu/:/usr/lib/gcc/x86_64-linux-gnu/13/../../../../lib/:/lib/x86_64-linux-gnu/:/lib/../lib/:/usr/lib/x86_64-linux-gnu/:/usr/lib/../lib/:/usr/lib/gcc/x86_64-linux-gnu/13/../../../:/lib/:/usr/lib/
Reading specs from /usr/lib/gcc/x86_64-linux-gnu/13/libgomp.spec
COLLECT_GCC_OPTIONS='-fopenmp' '-v' '-o' 'cmTC_004e2' '-v' '-mtune=generic' '-march=x86-64' '-pthread' '-dumpdir' 'cmTC_004e2.'
 /usr/libexec/gcc/x86_64-linux-gnu/13/collect2 -plugin /usr/libexec/gcc/x86_64-linux-gnu/13/liblto_plugin.so -plugin-opt=/usr/libexec/gcc/x86_64-linux-gnu/13/lto-wrapper -plugin-opt=-fresolution=/tmp/ccsPczn1.res -plugin-opt=-pass-through=-lgcc -plugin-opt=-pass-through=-lgcc_s -plugin-opt=-pass-through=-lpthread -plugin-opt=-pass-through=-lc -plugin-opt=-pass-through=-lgcc -plugin-opt=-pass-through=-lgcc_s --build-id --eh-frame-hdr -m elf_x86_64 --hash-style=gnu --as-needed -dynamic-linker /lib64/ld-linux-x86-64.so.2 -pie -z now -z relro -o cmTC_004e2 /usr/lib/gcc/x86_64-linux-gnu/13/../../../x86_64-linux-gnu/Scrt1.o /usr/lib/gcc/x86_64-linux-gnu/13/../../../x86_64-linux-gnu/crti.o /usr/lib/gcc/x86_64-linux-gnu/13/crtbeginS.o /usr/lib/gcc/x86_64-linux-gnu/13/crtoffloadbegin.o -L/usr/lib/gcc/x86_64-linux-gnu/13 -L/usr/lib/gcc/x86_64-linux-gnu/13/../../../x86_64-linux-gnu -L/usr/lib/gcc/x86_64-linux-gnu/13/../../../../lib -L/lib/x86_64-linux-gnu -L/lib/../lib -L/usr/lib/x86_64-linux-gnu -L/usr/lib/../lib -L/usr/lib/gcc/x86_64-linux-gnu/13/../../.. CMakeFiles/cmTC_004e2.dir/OpenMPTryFlag.c.o -lgomp -lgcc --push-state --as-needed -lgcc_s --pop-state -lpthread -lc -lgcc --push-state --as-needed -lgcc_s --pop-state /usr/lib/gcc/x86_64-linux-gnu/13/crtendS.o /usr/lib/gcc/x86_64-linux-gnu/13/../../../x86_64-linux-gnu/crtn.o /usr/lib/gcc/x86_64-linux-gnu/13/crtoffloadend.o
COLLECT_GCC_OPTIONS='-fopenmp' '-v' '-o' 'cmTC_004e2' '-v' '-mtune=generic' '-march=x86-64' '-pthread' '-dumpdir' 'cmTC_004e2.'
gmake[1]: Leaving directory '/home/yuanyan/LIO-SAM-ros2/build/lio_sam/CMakeFiles/CMakeTmp'



Parsed C OpenMP implicit link information from above output:
  link line regex: [^( *|.*[/\])(ld|CMAKE_LINK_STARTFILE-NOTFOUND|([^/\]+-)?ld|collect2)[^/\]*( |$)]
  ignore line: [Change Dir: '/home/yuanyan/LIO-SAM-ros2/build/lio_sam/CMakeFiles/CMakeTmp']
  ignore line: []
  ignore line: [Run Build Command(s): /usr/bin/cmake -E env VERBOSE=1 /usr/bin/gmake -f Makefile cmTC_004e2/fast]
  ignore line: [/usr/bin/gmake  -f CMakeFiles/cmTC_004e2.dir/build.make CMakeFiles/cmTC_004e2.dir/build]
  ignore line: [gmake[1]: Entering directory '/home/yuanyan/LIO-SAM-ros2/build/lio_sam/CMakeFiles/CMakeTmp']
  ignore line: [Building C object CMakeFiles/cmTC_004e2.dir/OpenMPTryFlag.c.o]
  ignore line: [/usr/bin/cc   -fopenmp -v -o CMakeFiles/cmTC_004e2.dir/OpenMPTryFlag.c.o -c /home/yuanyan/LIO-SAM-ros2/build/lio_sam/CMakeFiles/FindOpenMP/OpenMPTryFlag.c]
  ignore line: [Using built-in specs.]
  ignore line: [COLLECT_GCC=/usr/bin/cc]
  ignore line: [OFFLOAD_TARGET_NAMES=nvptx-none:amdgcn-amdhsa]
  ignore line: [OFFLOAD_TARGET_DEFAULT=1]
  ignore line: [Target: x86_64-linux-gnu]
  ignore line: [Configured with: ../src/configure -v --with-pkgversion='Ubuntu 13.3.0-6ubuntu2~24.04' --with-bugurl=file:///usr/share/doc/gcc-13/README.Bugs --enable-languages=c ada c++ go d fortran objc obj-c++ m2 --prefix=/usr --with-gcc-major-version-only --program-suffix=-13 --program-prefix=x86_64-linux-gnu- --enable-shared --enable-linker-build-id --libexecdir=/usr/libexec --without-included-gettext --enable-threads=posix --libdir=/usr/lib --enable-nls --enable-bootstrap --enable-clocale=gnu --enable-libstdcxx-debug --enable-libstdcxx-time=yes --with-default-libstdcxx-abi=new --enable-libstdcxx-backtrace --enable-gnu-unique-object --disable-vtable-verify --enable-plugin --enable-default-pie --with-system-zlib --enable-libphobos-checking=release --with-target-system-zlib=auto --enable-objc-gc=auto --enable-multiarch --disable-werror --enable-cet --with-arch-32=i686 --with-abi=m64 --with-multilib-list=m32 m64 mx32 --enable-multilib --with-tune=generic --enable-offload-targets=nvptx-none=/build/gcc-13-fG75Ri/gcc-13-13.3.0/debian/tmp-nvptx/usr amdgcn-amdhsa=/build/gcc-13-fG75Ri/gcc-13-13.3.0/debian/tmp-gcn/usr --enable-offload-defaulted --without-cuda-driver --enable-checking=release --build=x86_64-linux-gnu --host=x86_64-linux-gnu --target=x86_64-linux-gnu --with-build-config=bootstrap-lto-lean --enable-link-serialization=2]
  ignore line: [Thread model: posix]
  ignore line: [Supported LTO compression algorithms: zlib zstd]
  ignore line: [gcc version 13.3.0 (Ubuntu 13.3.0-6ubuntu2~24.04) ]
  ignore line: [COLLECT_GCC_OPTIONS='-fopenmp' '-v' '-o' 'CMakeFiles/cmTC_004e2.dir/OpenMPTryFlag.c.o' '-c' '-mtune=generic' '-march=x86-64' '-pthread' '-dumpdir' 'CMakeFiles/cmTC_004e2.dir/']
  ignore line: [ /usr/libexec/gcc/x86_64-linux-gnu/13/cc1 -quiet -v -imultiarch x86_64-linux-gnu -D_REENTRANT /home/yuanyan/LIO-SAM-ros2/build/lio_sam/CMakeFiles/FindOpenMP/OpenMPTryFlag.c -quiet -dumpdir CMakeFiles/cmTC_004e2.dir/ -dumpbase OpenMPTryFlag.c.c -dumpbase-ext .c -mtune=generic -march=x86-64 -version -fopenmp -fasynchronous-unwind-tables -fstack-protector-strong -Wformat -Wformat-security -fstack-clash-protection -fcf-protection -o /tmp/ccBztMdt.s]
  ignore line: [GNU C17 (Ubuntu 13.3.0-6ubuntu2~24.04) version 13.3.0 (x86_64-linux-gnu)]
  ignore line: [	compiled by GNU C version 13.3.0  GMP version 6.3.0  MPFR version 4.2.1  MPC version 1.3.1  isl version isl-0.26-GMP]
  ignore line: []
  ignore line: [GGC heuristics: --param ggc-min-expand=100 --param ggc-min-heapsize=131072]
  ignore line: [ignoring nonexistent directory "/usr/local/include/x86_64-linux-gnu"]
  ignore line: [ignoring nonexistent directory "/usr/lib/gcc/x86_64-linux-gnu/13/include-fixed/x86_64-linux-gnu"]
  ignore line: [ignoring nonexistent directory "/usr/lib/gcc/x86_64-linux-gnu/13/include-fixed"]
  ignore line: [ignoring nonexistent directory "/usr/lib/gcc/x86_64-linux-gnu/13/../../../../x86_64-linux-gnu/include"]
  ignore line: [#include "..." search starts here:]
  ignore line: [#include <...> search starts here:]
  ignore line: [ /usr/lib/gcc/x86_64-linux-gnu/13/include]
  ignore line: [ /usr/local/include]
  ignore line: [ /usr/include/x86_64-linux-gnu]
  ignore line: [ /usr/include]
  ignore line: [End of search list.]
  ignore line: [Compiler executable checksum: 38987c28e967c64056a6454abdef726e]
  ignore line: [COLLECT_GCC_OPTIONS='-fopenmp' '-v' '-o' 'CMakeFiles/cmTC_004e2.dir/OpenMPTryFlag.c.o' '-c' '-mtune=generic' '-march=x86-64' '-pthread' '-dumpdir' 'CMakeFiles/cmTC_004e2.dir/']
  ignore line: [ as -v --64 -o CMakeFiles/cmTC_004e2.dir/OpenMPTryFlag.c.o /tmp/ccBztMdt.s]
  ignore line: [GNU assembler version 2.42 (x86_64-linux-gnu) using BFD version (GNU Binutils for Ubuntu) 2.42]
  ignore line: [COMPILER_PATH=/usr/libexec/gcc/x86_64-linux-gnu/13/:/usr/libexec/gcc/x86_64-linux-gnu/13/:/usr/libexec/gcc/x86_64-linux-gnu/:/usr/lib/gcc/x86_64-linux-gnu/13/:/usr/lib/gcc/x86_64-linux-gnu/]
  ignore line: [LIBRARY_PATH=/usr/lib/gcc/x86_64-linux-gnu/13/:/usr/lib/gcc/x86_64-linux-gnu/13/../../../x86_64-linux-gnu/:/usr/lib/gcc/x86_64-linux-gnu/13/../../../../lib/:/lib/x86_64-linux-gnu/:/lib/../lib/:/usr/lib/x86_64-linux-gnu/:/usr/lib/../lib/:/usr/lib/gcc/x86_64-linux-gnu/13/../../../:/lib/:/usr/lib/]
  ignore line: [COLLECT_GCC_OPTIONS='-fopenmp' '-v' '-o' 'CMakeFiles/cmTC_004e2.dir/OpenMPTryFlag.c.o' '-c' '-mtune=generic' '-march=x86-64' '-pthread' '-dumpdir' 'CMakeFiles/cmTC_004e2.dir/OpenMPTryFlag.c.']
  ignore line: [Linking C executable cmTC_004e2]
  ignore line: [/usr/bin/cmake -E cmake_link_script CMakeFiles/cmTC_004e2.dir/link.txt --verbose=1]
  ignore line: [/usr/bin/cc  -fopenmp -v CMakeFiles/cmTC_004e2.dir/OpenMPTryFlag.c.o -o cmTC_004e2  -v ]
  ignore line: [Using built-in specs.]
  ignore line: [COLLECT_GCC=/usr/bin/cc]
  ignore line: [COLLECT_LTO_WRAPPER=/usr/libexec/gcc/x86_64-linux-gnu/13/lto-wrapper]
  ignore line: [OFFLOAD_TARGET_NAMES=nvptx-none:amdgcn-amdhsa]
  ignore line: [OFFLOAD_TARGET_DEFAULT=1]
  ignore line: [Target: x86_64-linux-gnu]
  ignore line: [Configured with: ../src/configure -v --with-pkgversion='Ubuntu 13.3.0-6ubuntu2~24.04' --with-bugurl=file:///usr/share/doc/gcc-13/README.Bugs --enable-languages=c ada c++ go d fortran objc obj-c++ m2 --prefix=/usr --with-gcc-major-version-only --program-suffix=-13 --program-prefix=x86_64-linux-gnu- --enable-shared --enable-linker-build-id --libexecdir=/usr/libexec --without-included-gettext --enable-threads=posix --libdir=/usr/lib --enable-nls --enable-bootstrap --enable-clocale=gnu --enable-libstdcxx-debug --enable-libstdcxx-time=yes --with-default-libstdcxx-abi=new --enable-libstdcxx-backtrace --enable-gnu-unique-object --disable-vtable-verify --enable-plugin --enable-default-pie --with-system-zlib --enable-libphobos-checking=release --with-target-system-zlib=auto --enable-objc-gc=auto --enable-multiarch --disable-werror --enable-cet --with-arch-32=i686 --with-abi=m64 --with-multilib-list=m32 m64 mx32 --enable-multilib --with-tune=generic --enable-offload-targets=nvptx-none=/build/gcc-13-fG75Ri/gcc-13-13.3.0/debian/tmp-nvptx/usr amdgcn-amdhsa=/build/gcc-13-fG75Ri/gcc-13-13.3.0/debian/tmp-gcn/usr --enable-offload-defaulted --without-cuda-driver --enable-checking=release --build=x86_64-linux-gnu --host=x86_64-linux-gnu --target=x86_64-linux-gnu --with-build-config=bootstrap-lto-lean --enable-link-serialization=2]
  ignore line: [Thread model: posix]
  ignore line: [Supported LTO compression algorithms: zlib zstd]
  ignore line: [gcc version 13.3.0 (Ubuntu 13.3.0-6ubuntu2~24.04) ]
  ignore line: [COMPILER_PATH=/usr/libexec/gcc/x86_64-linux-gnu/13/:/usr/libexec/gcc/x86_64-linux-gnu/13/:/usr/libexec/gcc/x86_64-linux-gnu/:/usr/lib/gcc/x86_64-linux-gnu/13/:/usr/lib/gcc/x86_64-linux-gnu/]
  ignore line: [LIBRARY_PATH=/usr/lib/gcc/x86_64-linux-gnu/13/:/usr/lib/gcc/x86_64-linux-gnu/13/../../../x86_64-linux-gnu/:/usr/lib/gcc/x86_64-linux-gnu/13/../../../../lib/:/lib/x86_64-linux-gnu/:/lib/../lib/:/usr/lib/x86_64-linux-gnu/:/usr/lib/../lib/:/usr/lib/gcc/x86_64-linux-gnu/13/../../../:/lib/:/usr/lib/]
  ignore line: [Reading specs from /usr/lib/gcc/x86_64-linux-gnu/13/libgomp.spec]
  ignore line: [COLLECT_GCC_OPTIONS='-fopenmp' '-v' '-o' 'cmTC_004e2' '-v' '-mtune=generic' '-march=x86-64' '-pthread' '-dumpdir' 'cmTC_004e2.']
  link line: [ /usr/libexec/gcc/x86_64-linux-gnu/13/collect2 -plugin /usr/libexec/gcc/x86_64-linux-gnu/13/liblto_plugin.so -plugin-opt=/usr/libexec/gcc/x86_64-linux-gnu/13/lto-wrapper -plugin-opt=-fresolution=/tmp/ccsPczn1.res -plugin-opt=-pass-through=-lgcc -plugin-opt=-pass-through=-lgcc_s -plugin-opt=-pass-through=-lpthread -plugin-opt=-pass-through=-lc -plugin-opt=-pass-through=-lgcc -plugin-opt=-pass-through=-lgcc_s --build-id --eh-frame-hdr -m elf_x86_64 --hash-style=gnu --as-needed -dynamic-linker /lib64/ld-linux-x86-64.so.2 -pie -z now -z relro -o cmTC_004e2 /usr/lib/gcc/x86_64-linux-gnu/13/../../../x86_64-linux-gnu/Scrt1.o /usr/lib/gcc/x86_64-linux-gnu/13/../../../x86_64-linux-gnu/crti.o /usr/lib/gcc/x86_64-linux-gnu/13/crtbeginS.o /usr/lib/gcc/x86_64-linux-gnu/13/crtoffloadbegin.o -L/usr/lib/gcc/x86_64-linux-gnu/13 -L/usr/lib/gcc/x86_64-linux-gnu/13/../../../x86_64-linux-gnu -L/usr/lib/gcc/x86_64-linux-gnu/13/../../../../lib -L/lib/x86_64-linux-gnu -L/lib/../lib -L/usr/lib/x86_64-linux-gnu -L/usr/lib/../lib -L/usr/lib/gcc/x86_64-linux-gnu/13/../../.. CMakeFiles/cmTC_004e2.dir/OpenMPTryFlag.c.o -lgomp -lgcc --push-state --as-needed -lgcc_s --pop-state -lpthread -lc -lgcc --push-state --as-needed -lgcc_s --pop-state /usr/lib/gcc/x86_64-linux-gnu/13/crtendS.o /usr/lib/gcc/x86_64-linux-gnu/13/../../../x86_64-linux-gnu/crtn.o /usr/lib/gcc/x86_64-linux-gnu/13/crtoffloadend.o]
    arg [/usr/libexec/gcc/x86_64-linux-gnu/13/collect2] ==> ignore
    arg [-plugin] ==> ignore
    arg [/usr/libexec/gcc/x86_64-linux-gnu/13/liblto_plugin.so] ==> ignore
    arg [-plugin-opt=/usr/libexec/gcc/x86_64-linux-gnu/13/lto-wrapper] ==> ignore
    arg [-plugin-opt=-fresolution=/tmp/ccsPczn1.res] ==> ignore
    arg [-plugin-opt=-pass-through=-lgcc] ==> ignore
    arg [-plugin-opt=-pass-through=-lgcc_s] ==> ignore
    arg [-plugin-opt=-pass-through=-lpthread] ==> ignore
    arg [-plugin-opt=-pass-through=-lc] ==> ignore
    arg [-plugin-opt=-pass-through=-lgcc] ==> ignore
    arg [-plugin-opt=-pass-through=-lgcc_s] ==> ignore
    arg [--build-id] ==> ignore
    arg [--eh-frame-hdr] ==> ignore
    arg [-m] ==> ignore
    arg [elf_x86_64] ==> ignore
    arg [--hash-style=gnu] ==> ignore
    arg [--as-needed] ==> ignore
    arg [-dynamic-linker] ==> ignore
    arg [/lib64/ld-linux-x86-64.so.2] ==> ignore
    arg [-pie] ==> ignore
    arg [-znow] ==> ignore
    arg [-zrelro] ==> ignore
    arg [-o] ==> ignore
    arg [cmTC_004e2] ==> ignore
    arg [-L/usr/lib/gcc/x86_64-linux-gnu/13] ==> dir [/usr/lib/gcc/x86_64-linux-gnu/13]
    arg [-L/usr/lib/gcc/x86_64-linux-gnu/13/../../../x86_64-linux-gnu] ==> dir [/usr/lib/gcc/x86_64-linux-gnu/13/../../../x86_64-linux-gnu]
    arg [-L/usr/lib/gcc/x86_64-linux-gnu/13/../../../../lib] ==> dir [/usr/lib/gcc/x86_64-linux-gnu/13/../../../../lib]
    arg [-L/lib/x86_64-linux-gnu] ==> dir [/lib/x86_64-linux-gnu]
    arg [-L/lib/../lib] ==> dir [/lib/../lib]
    arg [-L/usr/lib/x86_64-linux-gnu] ==> dir [/usr/lib/x86_64-linux-gnu]
    arg [-L/usr/lib/../lib] ==> dir [/usr/lib/../lib]
    arg [-L/usr/lib/gcc/x86_64-linux-gnu/13/../../..] ==> dir [/usr/lib/gcc/x86_64-linux-gnu/13/../../..]
    arg [CMakeFiles/cmTC_004e2.dir/OpenMPTryFlag.c.o] ==> ignore
    arg [-lgomp] ==> lib [gomp]
    arg [-lgcc] ==> lib [gcc]
    arg [--push-state] ==> ignore
    arg [--as-needed] ==> ignore
    arg [-lgcc_s] ==> lib [gcc_s]
    arg [--pop-state] ==> ignore
    arg [-lpthread] ==> lib [pthread]
    arg [-lc] ==> lib [c]
    arg [-lgcc] ==> lib [gcc]
    arg [--push-state] ==> ignore
    arg [--as-needed] ==> ignore
    arg [-lgcc_s] ==> lib [gcc_s]
    arg [--pop-state] ==> ignore
  collapse library dir [/usr/lib/gcc/x86_64-linux-gnu/13] ==> [/usr/lib/gcc/x86_64-linux-gnu/13]
  collapse library dir [/usr/lib/gcc/x86_64-linux-gnu/13/../../../x86_64-linux-gnu] ==> [/usr/lib/x86_64-linux-gnu]
  collapse library dir [/usr/lib/gcc/x86_64-linux-gnu/13/../../../../lib] ==> [/usr/lib]
  collapse library dir [/lib/x86_64-linux-gnu] ==> [/lib/x86_64-linux-gnu]
  collapse library dir [/lib/../lib] ==> [/lib]
  collapse library dir [/usr/lib/x86_64-linux-gnu] ==> [/usr/lib/x86_64-linux-gnu]
  collapse library dir [/usr/lib/../lib] ==> [/usr/lib]
  collapse library dir [/usr/lib/gcc/x86_64-linux-gnu/13/../../..] ==> [/usr/lib]
  implicit libs: [gomp;gcc;gcc_s;pthread;c;gcc;gcc_s]
  implicit objs: []
  implicit dirs: [/usr/lib/gcc/x86_64-linux-gnu/13;/usr/lib/x86_64-linux-gnu;/usr/lib;/lib/x86_64-linux-gnu;/lib]
  implicit fwks: []


Detecting CXX OpenMP compiler ABI info compiled with the following output:
Change Dir: '/home/yuanyan/LIO-SAM-ros2/build/lio_sam/CMakeFiles/CMakeTmp'

Run Build Command(s): /usr/bin/cmake -E env VERBOSE=1 /usr/bin/gmake -f Makefile cmTC_a7142/fast
/usr/bin/gmake  -f CMakeFiles/cmTC_a7142.dir/build.make CMakeFiles/cmTC_a7142.dir/build
gmake[1]: Entering directory '/home/yuanyan/LIO-SAM-ros2/build/lio_sam/CMakeFiles/CMakeTmp'
Building CXX object CMakeFiles/cmTC_a7142.dir/OpenMPTryFlag.cpp.o
/usr/bin/c++   -fopenmp -v -o CMakeFiles/cmTC_a7142.dir/OpenMPTryFlag.cpp.o -c /home/yuanyan/LIO-SAM-ros2/build/lio_sam/CMakeFiles/FindOpenMP/OpenMPTryFlag.cpp
Using built-in specs.
COLLECT_GCC=/usr/bin/c++
OFFLOAD_TARGET_NAMES=nvptx-none:amdgcn-amdhsa
OFFLOAD_TARGET_DEFAULT=1
Target: x86_64-linux-gnu
Configured with: ../src/configure -v --with-pkgversion='Ubuntu 13.3.0-6ubuntu2~24.04' --with-bugurl=file:///usr/share/doc/gcc-13/README.Bugs --enable-languages=c,ada,c++,go,d,fortran,objc,obj-c++,m2 --prefix=/usr --with-gcc-major-version-only --program-suffix=-13 --program-prefix=x86_64-linux-gnu- --enable-shared --enable-linker-build-id --libexecdir=/usr/libexec --without-included-gettext --enable-threads=posix --libdir=/usr/lib --enable-nls --enable-bootstrap --enable-clocale=gnu --enable-libstdcxx-debug --enable-libstdcxx-time=yes --with-default-libstdcxx-abi=new --enable-libstdcxx-backtrace --enable-gnu-unique-object --disable-vtable-verify --enable-plugin --enable-default-pie --with-system-zlib --enable-libphobos-checking=release --with-target-system-zlib=auto --enable-objc-gc=auto --enable-multiarch --disable-werror --enable-cet --with-arch-32=i686 --with-abi=m64 --with-multilib-list=m32,m64,mx32 --enable-multilib --with-tune=generic --enable-offload-targets=nvptx-none=/build/gcc-13-fG75Ri/gcc-13-13.3.0/debian/tmp-nvptx/usr,amdgcn-amdhsa=/build/gcc-13-fG75Ri/gcc-13-13.3.0/debian/tmp-gcn/usr --enable-offload-defaulted --without-cuda-driver --enable-checking=release --build=x86_64-linux-gnu --host=x86_64-linux-gnu --target=x86_64-linux-gnu --with-build-config=bootstrap-lto-lean --enable-link-serialization=2
Thread model: posix
Supported LTO compression algorithms: zlib zstd
gcc version 13.3.0 (Ubuntu 13.3.0-6ubuntu2~24.04) 
COLLECT_GCC_OPTIONS='-fopenmp' '-v' '-o' 'CMakeFiles/cmTC_a7142.dir/OpenMPTryFlag.cpp.o' '-c' '-shared-libgcc' '-mtune=generic' '-march=x86-64' '-pthread' '-dumpdir' 'CMakeFiles/cmTC_a7142.dir/'
 /usr/libexec/gcc/x86_64-linux-gnu/13/cc1plus -quiet -v -imultiarch x86_64-linux-gnu -D_GNU_SOURCE -D_REENTRANT /home/yuanyan/LIO-SAM-ros2/build/lio_sam/CMakeFiles/FindOpenMP/OpenMPTryFlag.cpp -quiet -dumpdir CMakeFiles/cmTC_a7142.dir/ -dumpbase OpenMPTryFlag.cpp.cpp -dumpbase-ext .cpp -mtune=generic -march=x86-64 -version -fopenmp -fasynchronous-unwind-tables -fstack-protector-strong -Wformat -Wformat-security -fstack-clash-protection -fcf-protection -o /tmp/ccyS67vx.s
GNU C++17 (Ubuntu 13.3.0-6ubuntu2~24.04) version 13.3.0 (x86_64-linux-gnu)
	compiled by GNU C version 13.3.0, GMP version 6.3.0, MPFR version 4.2.1, MPC version 1.3.1, isl version isl-0.26-GMP

GGC heuristics: --param ggc-min-expand=100 --param ggc-min-heapsize=131072
ignoring duplicate directory "/usr/include/x86_64-linux-gnu/c++/13"
ignoring nonexistent directory "/usr/local/include/x86_64-linux-gnu"
ignoring nonexistent directory "/usr/lib/gcc/x86_64-linux-gnu/13/include-fixed/x86_64-linux-gnu"
ignoring nonexistent directory "/usr/lib/gcc/x86_64-linux-gnu/13/include-fixed"
ignoring nonexistent directory "/usr/lib/gcc/x86_64-linux-gnu/13/../../../../x86_64-linux-gnu/include"
#include "..." search starts here:
#include <...> search starts here:
 /usr/include/c++/13
 /usr/include/x86_64-linux-gnu/c++/13
 /usr/include/c++/13/backward
 /usr/lib/gcc/x86_64-linux-gnu/13/include
 /usr/local/include
 /usr/include/x86_64-linux-gnu
 /usr/include
End of search list.
Compiler executable checksum: c81c05345ce537099dafd5580045814a
COLLECT_GCC_OPTIONS='-fopenmp' '-v' '-o' 'CMakeFiles/cmTC_a7142.dir/OpenMPTryFlag.cpp.o' '-c' '-shared-libgcc' '-mtune=generic' '-march=x86-64' '-pthread' '-dumpdir' 'CMakeFiles/cmTC_a7142.dir/'
 as -v --64 -o CMakeFiles/cmTC_a7142.dir/OpenMPTryFlag.cpp.o /tmp/ccyS67vx.s
GNU assembler version 2.42 (x86_64-linux-gnu) using BFD version (GNU Binutils for Ubuntu) 2.42
COMPILER_PATH=/usr/libexec/gcc/x86_64-linux-gnu/13/:/usr/libexec/gcc/x86_64-linux-gnu/13/:/usr/libexec/gcc/x86_64-linux-gnu/:/usr/lib/gcc/x86_64-linux-gnu/13/:/usr/lib/gcc/x86_64-linux-gnu/
LIBRARY_PATH=/usr/lib/gcc/x86_64-linux-gnu/13/:/usr/lib/gcc/x86_64-linux-gnu/13/../../../x86_64-linux-gnu/:/usr/lib/gcc/x86_64-linux-gnu/13/../../../../lib/:/lib/x86_64-linux-gnu/:/lib/../lib/:/usr/lib/x86_64-linux-gnu/:/usr/lib/../lib/:/usr/lib/gcc/x86_64-linux-gnu/13/../../../:/lib/:/usr/lib/
COLLECT_GCC_OPTIONS='-fopenmp' '-v' '-o' 'CMakeFiles/cmTC_a7142.dir/OpenMPTryFlag.cpp.o' '-c' '-shared-libgcc' '-mtune=generic' '-march=x86-64' '-pthread' '-dumpdir' 'CMakeFiles/cmTC_a7142.dir/OpenMPTryFlag.cpp.'
Linking CXX executable cmTC_a7142
/usr/bin/cmake -E cmake_link_script CMakeFiles/cmTC_a7142.dir/link.txt --verbose=1
/usr/bin/c++  -fopenmp -v CMakeFiles/cmTC_a7142.dir/OpenMPTryFlag.cpp.o -o cmTC_a7142  -v 
Using built-in specs.
COLLECT_GCC=/usr/bin/c++
COLLECT_LTO_WRAPPER=/usr/libexec/gcc/x86_64-linux-gnu/13/lto-wrapper
OFFLOAD_TARGET_NAMES=nvptx-none:amdgcn-amdhsa
OFFLOAD_TARGET_DEFAULT=1
Target: x86_64-linux-gnu
Configured with: ../src/configure -v --with-pkgversion='Ubuntu 13.3.0-6ubuntu2~24.04' --with-bugurl=file:///usr/share/doc/gcc-13/README.Bugs --enable-languages=c,ada,c++,go,d,fortran,objc,obj-c++,m2 --prefix=/usr --with-gcc-major-version-only --program-suffix=-13 --program-prefix=x86_64-linux-gnu- --enable-shared --enable-linker-build-id --libexecdir=/usr/libexec --without-included-gettext --enable-threads=posix --libdir=/usr/lib --enable-nls --enable-bootstrap --enable-clocale=gnu --enable-libstdcxx-debug --enable-libstdcxx-time=yes --with-default-libstdcxx-abi=new --enable-libstdcxx-backtrace --enable-gnu-unique-object --disable-vtable-verify --enable-plugin --enable-default-pie --with-system-zlib --enable-libphobos-checking=release --with-target-system-zlib=auto --enable-objc-gc=auto --enable-multiarch --disable-werror --enable-cet --with-arch-32=i686 --with-abi=m64 --with-multilib-list=m32,m64,mx32 --enable-multilib --with-tune=generic --enable-offload-targets=nvptx-none=/build/gcc-13-fG75Ri/gcc-13-13.3.0/debian/tmp-nvptx/usr,amdgcn-amdhsa=/build/gcc-13-fG75Ri/gcc-13-13.3.0/debian/tmp-gcn/usr --enable-offload-defaulted --without-cuda-driver --enable-checking=release --build=x86_64-linux-gnu --host=x86_64-linux-gnu --target=x86_64-linux-gnu --with-build-config=bootstrap-lto-lean --enable-link-serialization=2
Thread model: posix
Supported LTO compression algorithms: zlib zstd
gcc version 13.3.0 (Ubuntu 13.3.0-6ubuntu2~24.04) 
COMPILER_PATH=/usr/libexec/gcc/x86_64-linux-gnu/13/:/usr/libexec/gcc/x86_64-linux-gnu/13/:/usr/libexec/gcc/x86_64-linux-gnu/:/usr/lib/gcc/x86_64-linux-gnu/13/:/usr/lib/gcc/x86_64-linux-gnu/
LIBRARY_PATH=/usr/lib/gcc/x86_64-linux-gnu/13/:/usr/lib/gcc/x86_64-linux-gnu/13/../../../x86_64-linux-gnu/:/usr/lib/gcc/x86_64-linux-gnu/13/../../../../lib/:/lib/x86_64-linux-gnu/:/lib/../lib/:/usr/lib/x86_64-linux-gnu/:/usr/lib/../lib/:/usr/lib/gcc/x86_64-linux-gnu/13/../../../:/lib/:/usr/lib/
Reading specs from /usr/lib/gcc/x86_64-linux-gnu/13/libgomp.spec
COLLECT_GCC_OPTIONS='-fopenmp' '-v' '-o' 'cmTC_a7142' '-v' '-shared-libgcc' '-mtune=generic' '-march=x86-64' '-pthread' '-dumpdir' 'cmTC_a7142.'
 /usr/libexec/gcc/x86_64-linux-gnu/13/collect2 -plugin /usr/libexec/gcc/x86_64-linux-gnu/13/liblto_plugin.so -plugin-opt=/usr/libexec/gcc/x86_64-linux-gnu/13/lto-wrapper -plugin-opt=-fresolution=/tmp/ccYLkO10.res -plugin-opt=-pass-through=-lgcc_s -plugin-opt=-pass-through=-lgcc -plugin-opt=-pass-through=-lpthread -plugin-opt=-pass-through=-lc -plugin-opt=-pass-through=-lgcc_s -plugin-opt=-pass-through=-lgcc --build-id --eh-frame-hdr -m elf_x86_64 --hash-style=gnu --as-needed -dynamic-linker /lib64/ld-linux-x86-64.so.2 -pie -z now -z relro -o cmTC_a7142 /usr/lib/gcc/x86_64-linux-gnu/13/../../../x86_64-linux-gnu/Scrt1.o /usr/lib/gcc/x86_64-linux-gnu/13/../../../x86_64-linux-gnu/crti.o /usr/lib/gcc/x86_64-linux-gnu/13/crtbeginS.o /usr/lib/gcc/x86_64-linux-gnu/13/crtoffloadbegin.o -L/usr/lib/gcc/x86_64-linux-gnu/13 -L/usr/lib/gcc/x86_64-linux-gnu/13/../../../x86_64-linux-gnu -L/usr/lib/gcc/x86_64-linux-gnu/13/../../../../lib -L/lib/x86_64-linux-gnu -L/lib/../lib -L/usr/lib/x86_64-linux-gnu -L/usr/lib/../lib -L/usr/lib/gcc/x86_64-linux-gnu/13/../../.. CMakeFiles/cmTC_a7142.dir/OpenMPTryFlag.cpp.o -lstdc++ -lm -lgomp -lgcc_s -lgcc -lpthread -lc -lgcc_s -lgcc /usr/lib/gcc/x86_64-linux-gnu/13/crtendS.o /usr/lib/gcc/x86_64-linux-gnu/13/../../../x86_64-linux-gnu/crtn.o /usr/lib/gcc/x86_64-linux-gnu/13/crtoffloadend.o
COLLECT_GCC_OPTIONS='-fopenmp' '-v' '-o' 'cmTC_a7142' '-v' '-shared-libgcc' '-mtune=generic' '-march=x86-64' '-pthread' '-dumpdir' 'cmTC_a7142.'
gmake[1]: Leaving directory '/home/yuanyan/LIO-SAM-ros2/build/lio_sam/CMakeFiles/CMakeTmp'



Parsed CXX OpenMP implicit link information from above output:
  link line regex: [^( *|.*[/\])(ld|CMAKE_LINK_STARTFILE-NOTFOUND|([^/\]+-)?ld|collect2)[^/\]*( |$)]
  ignore line: [Change Dir: '/home/yuanyan/LIO-SAM-ros2/build/lio_sam/CMakeFiles/CMakeTmp']
  ignore line: []
  ignore line: [Run Build Command(s): /usr/bin/cmake -E env VERBOSE=1 /usr/bin/gmake -f Makefile cmTC_a7142/fast]
  ignore line: [/usr/bin/gmake  -f CMakeFiles/cmTC_a7142.dir/build.make CMakeFiles/cmTC_a7142.dir/build]
  ignore line: [gmake[1]: Entering directory '/home/yuanyan/LIO-SAM-ros2/build/lio_sam/CMakeFiles/CMakeTmp']
  ignore line: [Building CXX object CMakeFiles/cmTC_a7142.dir/OpenMPTryFlag.cpp.o]
  ignore line: [/usr/bin/c++   -fopenmp -v -o CMakeFiles/cmTC_a7142.dir/OpenMPTryFlag.cpp.o -c /home/yuanyan/LIO-SAM-ros2/build/lio_sam/CMakeFiles/FindOpenMP/OpenMPTryFlag.cpp]
  ignore line: [Using built-in specs.]
  ignore line: [COLLECT_GCC=/usr/bin/c++]
  ignore line: [OFFLOAD_TARGET_NAMES=nvptx-none:amdgcn-amdhsa]
  ignore line: [OFFLOAD_TARGET_DEFAULT=1]
  ignore line: [Target: x86_64-linux-gnu]
  ignore line: [Configured with: ../src/configure -v --with-pkgversion='Ubuntu 13.3.0-6ubuntu2~24.04' --with-bugurl=file:///usr/share/doc/gcc-13/README.Bugs --enable-languages=c ada c++ go d fortran objc obj-c++ m2 --prefix=/usr --with-gcc-major-version-only --program-suffix=-13 --program-prefix=x86_64-linux-gnu- --enable-shared --enable-linker-build-id --libexecdir=/usr/libexec --without-included-gettext --enable-threads=posix --libdir=/usr/lib --enable-nls --enable-bootstrap --enable-clocale=gnu --enable-libstdcxx-debug --enable-libstdcxx-time=yes --with-default-libstdcxx-abi=new --enable-libstdcxx-backtrace --enable-gnu-unique-object --disable-vtable-verify --enable-plugin --enable-default-pie --with-system-zlib --enable-libphobos-checking=release --with-target-system-zlib=auto --enable-objc-gc=auto --enable-multiarch --disable-werror --enable-cet --with-arch-32=i686 --with-abi=m64 --with-multilib-list=m32 m64 mx32 --enable-multilib --with-tune=generic --enable-offload-targets=nvptx-none=/build/gcc-13-fG75Ri/gcc-13-13.3.0/debian/tmp-nvptx/usr amdgcn-amdhsa=/build/gcc-13-fG75Ri/gcc-13-13.3.0/debian/tmp-gcn/usr --enable-offload-defaulted --without-cuda-driver --enable-checking=release --build=x86_64-linux-gnu --host=x86_64-linux-gnu --target=x86_64-linux-gnu --with-build-config=bootstrap-lto-lean --enable-link-serialization=2]
  ignore line: [Thread model: posix]
  ignore line: [Supported LTO compression algorithms: zlib zstd]
  ignore line: [gcc version 13.3.0 (Ubuntu 13.3.0-6ubuntu2~24.04) ]
  ignore line: [COLLECT_GCC_OPTIONS='-fopenmp' '-v' '-o' 'CMakeFiles/cmTC_a7142.dir/OpenMPTryFlag.cpp.o' '-c' '-shared-libgcc' '-mtune=generic' '-march=x86-64' '-pthread' '-dumpdir' 'CMakeFiles/cmTC_a7142.dir/']
  ignore line: [ /usr/libexec/gcc/x86_64-linux-gnu/13/cc1plus -quiet -v -imultiarch x86_64-linux-gnu -D_GNU_SOURCE -D_REENTRANT /home/yuanyan/LIO-SAM-ros2/build/lio_sam/CMakeFiles/FindOpenMP/OpenMPTryFlag.cpp -quiet -dumpdir CMakeFiles/cmTC_a7142.dir/ -dumpbase OpenMPTryFlag.cpp.cpp -dumpbase-ext .cpp -mtune=generic -march=x86-64 -version -fopenmp -fasynchronous-unwind-tables -fstack-protector-strong -Wformat -Wformat-security -fstack-clash-protection -fcf-protection -o /tmp/ccyS67vx.s]
  ignore line: [GNU C++17 (Ubuntu 13.3.0-6ubuntu2~24.04) version 13.3.0 (x86_64-linux-gnu)]
  ignore line: [	compiled by GNU C version 13.3.0  GMP version 6.3.0  MPFR version 4.2.1  MPC version 1.3.1  isl version isl-0.26-GMP]
  ignore line: []
  ignore line: [GGC heuristics: --param ggc-min-expand=100 --param ggc-min-heapsize=131072]
  ignore line: [ignoring duplicate directory "/usr/include/x86_64-linux-gnu/c++/13"]
  ignore line: [ignoring nonexistent directory "/usr/local/include/x86_64-linux-gnu"]
  ignore line: [ignoring nonexistent directory "/usr/lib/gcc/x86_64-linux-gnu/13/include-fixed/x86_64-linux-gnu"]
  ignore line: [ignoring nonexistent directory "/usr/lib/gcc/x86_64-linux-gnu/13/include-fixed"]
  ignore line: [ignoring nonexistent directory "/usr/lib/gcc/x86_64-linux-gnu/13/../../../../x86_64-linux-gnu/include"]
  ignore line: [#include "..." search starts here:]
  ignore line: [#include <...> search starts here:]
  ignore line: [ /usr/include/c++/13]
  ignore line: [ /usr/include/x86_64-linux-gnu/c++/13]
  ignore line: [ /usr/include/c++/13/backward]
  ignore line: [ /usr/lib/gcc/x86_64-linux-gnu/13/include]
  ignore line: [ /usr/local/include]
  ignore line: [ /usr/include/x86_64-linux-gnu]
  ignore line: [ /usr/include]
  ignore line: [End of search list.]
  ignore line: [Compiler executable checksum: c81c05345ce537099dafd5580045814a]
  ignore line: [COLLECT_GCC_OPTIONS='-fopenmp' '-v' '-o' 'CMakeFiles/cmTC_a7142.dir/OpenMPTryFlag.cpp.o' '-c' '-shared-libgcc' '-mtune=generic' '-march=x86-64' '-pthread' '-dumpdir' 'CMakeFiles/cmTC_a7142.dir/']
  ignore line: [ as -v --64 -o CMakeFiles/cmTC_a7142.dir/OpenMPTryFlag.cpp.o /tmp/ccyS67vx.s]
  ignore line: [GNU assembler version 2.42 (x86_64-linux-gnu) using BFD version (GNU Binutils for Ubuntu) 2.42]
  ignore line: [COMPILER_PATH=/usr/libexec/gcc/x86_64-linux-gnu/13/:/usr/libexec/gcc/x86_64-linux-gnu/13/:/usr/libexec/gcc/x86_64-linux-gnu/:/usr/lib/gcc/x86_64-linux-gnu/13/:/usr/lib/gcc/x86_64-linux-gnu/]
  ignore line: [LIBRARY_PATH=/usr/lib/gcc/x86_64-linux-gnu/13/:/usr/lib/gcc/x86_64-linux-gnu/13/../../../x86_64-linux-gnu/:/usr/lib/gcc/x86_64-linux-gnu/13/../../../../lib/:/lib/x86_64-linux-gnu/:/lib/../lib/:/usr/lib/x86_64-linux-gnu/:/usr/lib/../lib/:/usr/lib/gcc/x86_64-linux-gnu/13/../../../:/lib/:/usr/lib/]
  ignore line: [COLLECT_GCC_OPTIONS='-fopenmp' '-v' '-o' 'CMakeFiles/cmTC_a7142.dir/OpenMPTryFlag.cpp.o' '-c' '-shared-libgcc' '-mtune=generic' '-march=x86-64' '-pthread' '-dumpdir' 'CMakeFiles/cmTC_a7142.dir/OpenMPTryFlag.cpp.']
  ignore line: [Linking CXX executable cmTC_a7142]
  ignore line: [/usr/bin/cmake -E cmake_link_script CMakeFiles/cmTC_a7142.dir/link.txt --verbose=1]
  ignore line: [/usr/bin/c++  -fopenmp -v CMakeFiles/cmTC_a7142.dir/OpenMPTryFlag.cpp.o -o cmTC_a7142  -v ]
  ignore line: [Using built-in specs.]
  ignore line: [COLLECT_GCC=/usr/bin/c++]
  ignore line: [COLLECT_LTO_WRAPPER=/usr/libexec/gcc/x86_64-linux-gnu/13/lto-wrapper]
  ignore line: [OFFLOAD_TARGET_NAMES=nvptx-none:amdgcn-amdhsa]
  ignore line: [OFFLOAD_TARGET_DEFAULT=1]
  ignore line: [Target: x86_64-linux-gnu]
  ignore line: [Configured with: ../src/configure -v --with-pkgversion='Ubuntu 13.3.0-6ubuntu2~24.04' --with-bugurl=file:///usr/share/doc/gcc-13/README.Bugs --enable-languages=c ada c++ go d fortran objc obj-c++ m2 --prefix=/usr --with-gcc-major-version-only --program-suffix=-13 --program-prefix=x86_64-linux-gnu- --enable-shared --enable-linker-build-id --libexecdir=/usr/libexec --without-included-gettext --enable-threads=posix --libdir=/usr/lib --enable-nls --enable-bootstrap --enable-clocale=gnu --enable-libstdcxx-debug --enable-libstdcxx-time=yes --with-default-libstdcxx-abi=new --enable-libstdcxx-backtrace --enable-gnu-unique-object --disable-vtable-verify --enable-plugin --enable-default-pie --with-system-zlib --enable-libphobos-checking=release --with-target-system-zlib=auto --enable-objc-gc=auto --enable-multiarch --disable-werror --enable-cet --with-arch-32=i686 --with-abi=m64 --with-multilib-list=m32 m64 mx32 --enable-multilib --with-tune=generic --enable-offload-targets=nvptx-none=/build/gcc-13-fG75Ri/gcc-13-13.3.0/debian/tmp-nvptx/usr amdgcn-amdhsa=/build/gcc-13-fG75Ri/gcc-13-13.3.0/debian/tmp-gcn/usr --enable-offload-defaulted --without-cuda-driver --enable-checking=release --build=x86_64-linux-gnu --host=x86_64-linux-gnu --target=x86_64-linux-gnu --with-build-config=bootstrap-lto-lean --enable-link-serialization=2]
  ignore line: [Thread model: posix]
  ignore line: [Supported LTO compression algorithms: zlib zstd]
  ignore line: [gcc version 13.3.0 (Ubuntu 13.3.0-6ubuntu2~24.04) ]
  ignore line: [COMPILER_PATH=/usr/libexec/gcc/x86_64-linux-gnu/13/:/usr/libexec/gcc/x86_64-linux-gnu/13/:/usr/libexec/gcc/x86_64-linux-gnu/:/usr/lib/gcc/x86_64-linux-gnu/13/:/usr/lib/gcc/x86_64-linux-gnu/]
  ignore line: [LIBRARY_PATH=/usr/lib/gcc/x86_64-linux-gnu/13/:/usr/lib/gcc/x86_64-linux-gnu/13/../../../x86_64-linux-gnu/:/usr/lib/gcc/x86_64-linux-gnu/13/../../../../lib/:/lib/x86_64-linux-gnu/:/lib/../lib/:/usr/lib/x86_64-linux-gnu/:/usr/lib/../lib/:/usr/lib/gcc/x86_64-linux-gnu/13/../../../:/lib/:/usr/lib/]
  ignore line: [Reading specs from /usr/lib/gcc/x86_64-linux-gnu/13/libgomp.spec]
  ignore line: [COLLECT_GCC_OPTIONS='-fopenmp' '-v' '-o' 'cmTC_a7142' '-v' '-shared-libgcc' '-mtune=generic' '-march=x86-64' '-pthread' '-dumpdir' 'cmTC_a7142.']
  link line: [ /usr/libexec/gcc/x86_64-linux-gnu/13/collect2 -plugin /usr/libexec/gcc/x86_64-linux-gnu/13/liblto_plugin.so -plugin-opt=/usr/libexec/gcc/x86_64-linux-gnu/13/lto-wrapper -plugin-opt=-fresolution=/tmp/ccYLkO10.res -plugin-opt=-pass-through=-lgcc_s -plugin-opt=-pass-through=-lgcc -plugin-opt=-pass-through=-lpthread -plugin-opt=-pass-through=-lc -plugin-opt=-pass-through=-lgcc_s -plugin-opt=-pass-through=-lgcc --build-id --eh-frame-hdr -m elf_x86_64 --hash-style=gnu --as-needed -dynamic-linker /lib64/ld-linux-x86-64.so.2 -pie -z now -z relro -o cmTC_a7142 /usr/lib/gcc/x86_64-linux-gnu/13/../../../x86_64-linux-gnu/Scrt1.o /usr/lib/gcc/x86_64-linux-gnu/13/../../../x86_64-linux-gnu/crti.o /usr/lib/gcc/x86_64-linux-gnu/13/crtbeginS.o /usr/lib/gcc/x86_64-linux-gnu/13/crtoffloadbegin.o -L/usr/lib/gcc/x86_64-linux-gnu/13 -L/usr/lib/gcc/x86_64-linux-gnu/13/../../../x86_64-linux-gnu -L/usr/lib/gcc/x86_64-linux-gnu/13/../../../../lib -L/lib/x86_64-linux-gnu -L/lib/../lib -L/usr/lib/x86_64-linux-gnu -L/usr/lib/../lib -L/usr/lib/gcc/x86_64-linux-gnu/13/../../.. CMakeFiles/cmTC_a7142.dir/OpenMPTryFlag.cpp.o -lstdc++ -lm -lgomp -lgcc_s -lgcc -lpthread -lc -lgcc_s -lgcc /usr/lib/gcc/x86_64-linux-gnu/13/crtendS.o /usr/lib/gcc/x86_64-linux-gnu/13/../../../x86_64-linux-gnu/crtn.o /usr/lib/gcc/x86_64-linux-gnu/13/crtoffloadend.o]
    arg [/usr/libexec/gcc/x86_64-linux-gnu/13/collect2] ==> ignore
    arg [-plugin] ==> ignore
    arg [/usr/libexec/gcc/x86_64-linux-gnu/13/liblto_plugin.so] ==> ignore
    arg [-plugin-opt=/usr/libexec/gcc/x86_64-linux-gnu/13/lto-wrapper] ==> ignore
    arg [-plugin-opt=-fresolution=/tmp/ccYLkO10.res] ==> ignore
    arg [-plugin-opt=-pass-through=-lgcc_s] ==> ignore
    arg [-plugin-opt=-pass-through=-lgcc] ==> ignore
    arg [-plugin-opt=-pass-through=-lpthread] ==> ignore
    arg [-plugin-opt=-pass-through=-lc] ==> ignore
    arg [-plugin-opt=-pass-through=-lgcc_s] ==> ignore
    arg [-plugin-opt=-pass-through=-lgcc] ==> ignore
    arg [--build-id] ==> ignore
    arg [--eh-frame-hdr] ==> ignore
    arg [-m] ==> ignore
    arg [elf_x86_64] ==> ignore
    arg [--hash-style=gnu] ==> ignore
    arg [--as-needed] ==> ignore
    arg [-dynamic-linker] ==> ignore
    arg [/lib64/ld-linux-x86-64.so.2] ==> ignore
    arg [-pie] ==> ignore
    arg [-znow] ==> ignore
    arg [-zrelro] ==> ignore
    arg [-o] ==> ignore
    arg [cmTC_a7142] ==> ignore
    arg [-L/usr/lib/gcc/x86_64-linux-gnu/13] ==> dir [/usr/lib/gcc/x86_64-linux-gnu/13]
    arg [-L/usr/lib/gcc/x86_64-linux-gnu/13/../../../x86_64-linux-gnu] ==> dir [/usr/lib/gcc/x86_64-linux-gnu/13/../../../x86_64-linux-gnu]
    arg [-L/usr/lib/gcc/x86_64-linux-gnu/13/../../../../lib] ==> dir [/usr/lib/gcc/x86_64-linux-gnu/13/../../../../lib]
    arg [-L/lib/x86_64-linux-gnu] ==> dir [/lib/x86_64-linux-gnu]
    arg [-L/lib/../lib] ==> dir [/lib/../lib]
    arg [-L/usr/lib/x86_64-linux-gnu] ==> dir [/usr/lib/x86_64-linux-gnu]
    arg [-L/usr/lib/../lib] ==> dir [/usr/lib/../lib]
    arg [-L/usr/lib/gcc/x86_64-linux-gnu/13/../../..] ==> dir [/usr/lib/gcc/x86_64-linux-gnu/13/../../..]
    arg [CMakeFiles/cmTC_a7142.dir/OpenMPTryFlag.cpp.o] ==> ignore
    arg [-lstdc++] ==> lib [stdc++]
    arg [-lm] ==> lib [m]
    arg [-lgomp] ==> lib [gomp]
    arg [-lgcc_s] ==> lib [gcc_s]
    arg [-lgcc] ==> lib [gcc]
    arg [-lpthread] ==> lib [pthread]
    arg [-lc] ==> lib [c]
    arg [-lgcc_s] ==> lib [gcc_s]
    arg [-lgcc] ==> lib [gcc]
  collapse library dir [/usr/lib/gcc/x86_64-linux-gnu/13] ==> [/usr/lib/gcc/x86_64-linux-gnu/13]
  collapse library dir [/usr/lib/gcc/x86_64-linux-gnu/13/../../../x86_64-linux-gnu] ==> [/usr/lib/x86_64-linux-gnu]
  collapse library dir [/usr/lib/gcc/x86_64-linux-gnu/13/../../../../lib] ==> [/usr/lib]
  collapse library dir [/lib/x86_64-linux-gnu] ==> [/lib/x86_64-linux-gnu]
  collapse library dir [/lib/../lib] ==> [/lib]
  collapse library dir [/usr/lib/x86_64-linux-gnu] ==> [/usr/lib/x86_64-linux-gnu]
  collapse library dir [/usr/lib/../lib] ==> [/usr/lib]
  collapse library dir [/usr/lib/gcc/x86_64-linux-gnu/13/../../..] ==> [/usr/lib]
  implicit libs: [stdc++;m;gomp;gcc_s;gcc;pthread;c;gcc_s;gcc]
  implicit objs: []
  implicit dirs: [/usr/lib/gcc/x86_64-linux-gnu/13;/usr/lib/x86_64-linux-gnu;/usr/lib;/lib/x86_64-linux-gnu;/lib]
  implicit fwks: []


